CUSTOMERID,GENDER,SENIORCITIZEN,PARTNER,DEPENDENTS,TENURE,TENURE_GROUP,MONTHLYCHARGES,REVENUE_SEGMENT,TOTALCHARGES,CONTRACT,CONTRACT_RISK,INTERNETSERVICE,PAYMENTMETHOD,CHURN
7590-VHVEG,Female,0,Yes,No,1,New Customer,29.85,Low Value,30.0,Month-to-month,1,DSL,Electronic check,No
5575-GNVDE,Male,0,No,No,34,Loyal Customer,56.95,Medium Value,1890.0,One year,0,DSL,Mailed check,No
3668-QPYBK,Male,0,No,No,2,New Customer,53.85,Medium Value,108.0,Month-to-month,1,DSL,Mailed check,Yes
7795-CFOCW,Male,0,No,No,45,Loyal Customer,42.3,Medium Value,1841.0,One year,0,DSL,Bank transfer (automatic),No
9237-HQITU,Female,0,No,No,2,New Customer,70.7,High Value,152.0,Month-to-month,1,Fiber optic,Electronic check,Yes
9305-CDSKC,Female,0,No,No,8,New Customer,99.65,High Value,821.0,Month-to-month,1,Fiber optic,Electronic check,Yes
1452-KIOVK,Male,0,No,Yes,22,Growing Customer,89.1,High Value,1949.0,Month-to-month,1,Fiber optic,Credit card (automatic),No
6713-OKOMC,Female,0,No,No,10,New Customer,29.75,Low Value,302.0,Month-to-month,1,DSL,Mailed check,No
7892-POOKP,Female,0,Yes,No,28,Loyal Customer,104.8,High Value,3046.0,Month-to-month,1,Fiber optic,Electronic check,Yes
6388-TABGU,Male,0,No,Yes,62,Loyal Customer,56.15,Medium Value,3488.0,One year,0,DSL,Bank transfer (automatic),No
9763-GRSKD,Male,0,Yes,Yes,13,Growing Customer,49.95,Medium Value,587.0,Month-to-month,1,DSL,Mailed check,No
7469-LKBCI,Male,0,No,No,16,Growing Customer,18.95,Low Value,327.0,Two year,0,No,Credit card (automatic),No
8091-TTVAX,Male,0,Yes,No,58,Loyal Customer,100.35,High Value,5681.0,One year,0,Fiber optic,Credit card (automatic),No
0280-XJGEX,Male,0,No,No,49,Loyal Customer,103.7,High Value,5036.0,Month-to-month,1,Fiber optic,Bank transfer (automatic),Yes
5129-JLPIS,Male,0,No,No,25,Loyal Customer,105.5,High Value,2686.0,Month-to-month,1,Fiber optic,Electronic check,No
3655-SNQYZ,Female,0,Yes,Yes,69,Loyal Customer,113.25,High Value,7895.0,Two year,0,Fiber optic,Credit card (automatic),No
8191-XWSZG,Female,0,No,No,52,Loyal Customer,20.65,Low Value,1023.0,One year,0,No,Mailed check,No
9959-WOFKT,Male,0,No,Yes,71,Loyal Customer,106.7,High Value,7382.0,Two year,0,Fiber optic,Bank transfer (automatic),No
4190-MFLUW,Female,0,Yes,Yes,10,New Customer,55.2,Medium Value,528.0,Month-to-month,1,DSL,Credit card (automatic),Yes
4183-MYFRB,Female,0,No,No,21,Growing Customer,90.05,High Value,1863.0,Month-to-month,1,Fiber optic,Electronic check,No
8779-QRDMV,Male,1,No,No,1,New Customer,39.65,Medium Value,40.0,Month-to-month,1,DSL,Electronic check,Yes
1680-VDCWW,Male,0,Yes,No,12,Growing Customer,19.8,Low Value,202.0,One year,0,No,Bank transfer (automatic),No
1066-JKSGK,Male,0,No,No,1,New Customer,20.15,Low Value,20.0,Month-to-month,1,No,Mailed check,Yes
3638-WEABW,Female,0,Yes,No,58,Loyal Customer,59.9,Medium Value,3505.0,Two year,0,DSL,Credit card (automatic),No
6322-HRPFA,Male,0,Yes,Yes,49,Loyal Customer,59.6,Medium Value,2970.0,Month-to-month,1,DSL,Credit card (automatic),No
6865-JZNKO,Female,0,No,No,30,Loyal Customer,55.3,Medium Value,1531.0,Month-to-month,1,DSL,Bank transfer (automatic),No
6467-CHFZW,Male,0,Yes,Yes,47,Loyal Customer,99.35,High Value,4749.0,Month-to-month,1,Fiber optic,Electronic check,Yes
8665-UTDHZ,Male,0,Yes,Yes,1,New Customer,30.2,Low Value,30.0,Month-to-month,1,DSL,Electronic check,Yes
5248-YGIJN,Male,0,Yes,No,72,Loyal Customer,90.25,High Value,6369.0,Two year,0,DSL,Credit card (automatic),No
8773-HHUOZ,Female,0,No,Yes,17,Growing Customer,64.7,Medium Value,1093.0,Month-to-month,1,DSL,Mailed check,Yes
3841-NFECX,Female,1,Yes,No,71,Loyal Customer,96.35,High Value,6767.0,Two year,0,Fiber optic,Credit card (automatic),No
4929-XIHVW,Male,1,Yes,No,2,New Customer,95.5,High Value,182.0,Month-to-month,1,Fiber optic,Credit card (automatic),No
6827-IEAUQ,Female,0,Yes,Yes,27,Loyal Customer,66.15,Medium Value,1874.0,One year,0,DSL,Mailed check,No
7310-EGVHZ,Male,0,No,No,1,New Customer,20.2,Low Value,20.0,Month-to-month,1,No,Bank transfer (automatic),No
3413-BMNZE,Male,1,No,No,1,New Customer,45.25,Medium Value,45.0,Month-to-month,1,DSL,Bank transfer (automatic),No
6234-RAAPL,Female,0,Yes,Yes,72,Loyal Customer,99.9,High Value,7252.0,Two year,0,Fiber optic,Bank transfer (automatic),No
6047-YHPVI,Male,0,No,No,5,New Customer,69.7,Medium Value,317.0,Month-to-month,1,Fiber optic,Electronic check,Yes
6572-ADKRS,Female,0,No,No,46,Loyal Customer,74.8,High Value,3548.0,Month-to-month,1,Fiber optic,Credit card (automatic),No
5380-WJKOV,Male,0,No,No,34,Loyal Customer,106.35,High Value,3549.0,Month-to-month,1,Fiber optic,Electronic check,Yes
8168-UQWWF,Female,0,No,No,11,New Customer,97.85,High Value,1105.0,Month-to-month,1,Fiber optic,Bank transfer (automatic),Yes
8865-TNMNX,Male,0,Yes,Yes,10,New Customer,49.55,Medium Value,476.0,One year,0,DSL,Mailed check,No
9489-DEDVP,Female,0,Yes,Yes,70,Loyal Customer,69.2,Medium Value,4872.0,Two year,0,DSL,Credit card (automatic),No
9867-JCZSP,Female,0,Yes,Yes,17,Growing Customer,20.75,Low Value,418.0,One year,0,No,Mailed check,No
4671-VJLCL,Female,0,No,No,63,Loyal Customer,79.85,High Value,4861.0,Two year,0,DSL,Credit card (automatic),No
4080-IIARD,Female,0,Yes,No,13,Growing Customer,76.2,High Value,981.0,Month-to-month,1,DSL,Electronic check,No
3714-NTNFO,Female,0,No,No,49,Loyal Customer,84.5,High Value,3907.0,Month-to-month,1,Fiber optic,Electronic check,No
5948-UJZLF,Male,0,No,No,2,New Customer,49.25,Medium Value,97.0,Month-to-month,1,DSL,Mailed check,No
7760-OYPDY,Female,0,No,No,2,New Customer,80.65,High Value,144.0,Month-to-month,1,Fiber optic,Electronic check,Yes
7639-LIAYI,Male,0,No,No,52,Loyal Customer,79.75,High Value,4218.0,Two year,0,DSL,Credit card (automatic),No
2954-PIBKO,Female,0,Yes,Yes,69,Loyal Customer,64.15,Medium Value,4254.0,Two year,0,DSL,Credit card (automatic),No
8012-SOUDQ,Female,1,No,No,43,Loyal Customer,90.25,High Value,3839.0,Month-to-month,1,Fiber optic,Electronic check,No
9420-LOJKX,Female,0,No,No,15,Growing Customer,99.1,High Value,1426.0,Month-to-month,1,Fiber optic,Credit card (automatic),Yes
6575-SUVOI,Female,1,Yes,No,25,Loyal Customer,69.5,Medium Value,1753.0,Month-to-month,1,DSL,Credit card (automatic),No
7495-OOKFY,Female,1,Yes,No,8,New Customer,80.65,High Value,633.0,Month-to-month,1,Fiber optic,Credit card (automatic),Yes
4667-QONEA,Female,1,Yes,Yes,60,Loyal Customer,74.85,High Value,4456.0,One year,0,DSL,Credit card (automatic),No
1658-BYGOY,Male,1,No,No,18,Growing Customer,95.45,High Value,1753.0,Month-to-month,1,Fiber optic,Electronic check,Yes
8769-KKTPH,Female,0,Yes,Yes,63,Loyal Customer,99.65,High Value,6311.0,One year,0,Fiber optic,Credit card (automatic),No
5067-XJQFU,Male,1,Yes,Yes,66,Loyal Customer,108.45,High Value,7076.0,One year,0,Fiber optic,Electronic check,No
3957-SQXML,Female,0,Yes,Yes,34,Loyal Customer,24.95,Low Value,894.0,Two year,0,No,Credit card (automatic),No
5954-BDFSG,Female,0,No,No,72,Loyal Customer,107.5,High Value,7854.0,Two year,0,Fiber optic,Credit card (automatic),No
0434-CSFON,Female,0,Yes,No,47,Loyal Customer,100.5,High Value,4707.0,Month-to-month,1,Fiber optic,Electronic check,No
1215-FIGMP,Male,0,No,No,60,Loyal Customer,89.9,High Value,5451.0,Month-to-month,1,Fiber optic,Bank transfer (automatic),No
0526-SXDJP,Male,0,Yes,No,72,Loyal Customer,42.1,Medium Value,2962.0,Two year,0,DSL,Bank transfer (automatic),No
0557-ASKVU,Female,0,Yes,Yes,18,Growing Customer,54.4,Medium Value,957.0,One year,0,DSL,Credit card (automatic),No
5698-BQJOH,Female,0,No,No,9,New Customer,94.4,High Value,857.0,Month-to-month,1,Fiber optic,Electronic check,Yes
5122-CYFXA,Female,0,No,No,3,New Customer,75.3,High Value,244.0,Month-to-month,1,DSL,Electronic check,No
8627-ZYGSZ,Male,0,Yes,No,47,Loyal Customer,78.9,High Value,3650.0,One year,0,Fiber optic,Electronic check,No
3410-YOQBQ,Female,0,No,No,31,Loyal Customer,79.2,High Value,2497.0,Two year,0,DSL,Mailed check,No
3170-NMYVV,Female,0,Yes,Yes,50,Loyal Customer,20.15,Low Value,931.0,Two year,0,No,Bank transfer (automatic),No
7410-OIEDU,Male,0,No,No,10,New Customer,79.85,High Value,887.0,Month-to-month,1,Fiber optic,Mailed check,No
2273-QCKXA,Male,0,No,No,1,New Customer,49.05,Medium Value,49.0,Month-to-month,1,DSL,Mailed check,No
0731-EBJQB,Female,0,Yes,Yes,52,Loyal Customer,20.4,Low Value,1091.0,One year,0,No,Electronic check,No
1891-QRQSA,Male,1,Yes,Yes,64,Loyal Customer,111.6,High Value,7099.0,Two year,0,Fiber optic,Bank transfer (automatic),No
8028-PNXHQ,Male,0,Yes,Yes,62,Loyal Customer,24.25,Low Value,1425.0,Two year,0,No,Bank transfer (automatic),No
5630-AHZIL,Female,0,No,Yes,3,New Customer,64.5,Medium Value,177.0,Month-to-month,1,DSL,Bank transfer (automatic),No
2673-CXQEU,Female,1,No,No,56,Loyal Customer,110.5,High Value,6140.0,One year,0,Fiber optic,Electronic check,No
6416-JNVRK,Female,0,No,No,46,Loyal Customer,55.65,Medium Value,2689.0,One year,0,DSL,Credit card (automatic),No
5590-ZSKRV,Female,0,Yes,Yes,8,New Customer,54.65,Medium Value,482.0,Month-to-month,1,DSL,Mailed check,No
0191-ZHSKZ,Male,1,No,No,30,Loyal Customer,74.75,High Value,2111.0,Month-to-month,1,DSL,Electronic check,No
3887-PBQAO,Female,0,Yes,Yes,45,Loyal Customer,25.9,Low Value,1217.0,One year,0,No,Credit card (automatic),No
5919-TMRGD,Female,0,No,Yes,1,New Customer,79.35,High Value,79.0,Month-to-month,1,Fiber optic,Electronic check,Yes
8108-UXRQN,Female,0,Yes,Yes,11,New Customer,50.55,Medium Value,565.0,Month-to-month,1,DSL,Electronic check,No
9191-MYQKX,Female,0,Yes,No,7,New Customer,75.15,High Value,497.0,Month-to-month,1,Fiber optic,Bank transfer (automatic),Yes
9919-YLNNG,Female,0,No,No,42,Loyal Customer,103.8,High Value,4328.0,Month-to-month,1,Fiber optic,Bank transfer (automatic),No
0318-ZOPWS,Female,0,Yes,No,49,Loyal Customer,20.15,Low Value,973.0,Two year,0,No,Bank transfer (automatic),No
4445-ZJNMU,Male,0,No,No,9,New Customer,99.3,High Value,919.0,Month-to-month,1,Fiber optic,Credit card (automatic),No
4808-YNLEU,Female,0,Yes,No,35,Loyal Customer,62.15,Medium Value,2215.0,One year,0,DSL,Bank transfer (automatic),No
1862-QRWPE,Female,0,Yes,Yes,48,Loyal Customer,20.65,Low Value,1057.0,Two year,0,No,Bank transfer (automatic),No
2796-NNUFI,Female,0,Yes,Yes,46,Loyal Customer,19.95,Low Value,927.0,Two year,0,No,Mailed check,No
3016-KSVCP,Male,0,Yes,No,29,Loyal Customer,33.75,Low Value,1009.0,Month-to-month,1,DSL,Mailed check,No
4767-HZZHQ,Male,0,Yes,Yes,30,Loyal Customer,82.05,High Value,2570.0,Month-to-month,1,Fiber optic,Bank transfer (automatic),No
2424-WVHPL,Male,1,No,No,1,New Customer,74.7,High Value,75.0,Month-to-month,1,Fiber optic,Electronic check,No
7233-PAHHL,Male,0,Yes,Yes,66,Loyal Customer,84.0,High Value,5714.0,Two year,0,DSL,Mailed check,No
6067-NGCEU,Female,0,No,No,65,Loyal Customer,111.05,High Value,7107.0,Month-to-month,1,Fiber optic,Credit card (automatic),No
9848-JQJTX,Male,0,No,No,72,Loyal Customer,100.9,High Value,7459.0,Two year,0,Fiber optic,Bank transfer (automatic),No
8637-XJIVR,Female,0,No,No,12,Growing Customer,78.95,High Value,927.0,Month-to-month,1,Fiber optic,Electronic check,Yes
9803-FTJCG,Male,0,Yes,Yes,71,Loyal Customer,66.85,Medium Value,4749.0,One year,0,DSL,Credit card (automatic),No
0278-YXOOG,Male,0,No,No,5,New Customer,21.05,Low Value,114.0,Month-to-month,1,No,Mailed check,Yes
3212-KXOCR,Male,0,No,No,52,Loyal Customer,21.0,Low Value,1107.0,Two year,0,No,Bank transfer (automatic),No
4598-XLKNJ,Female,1,Yes,No,25,Loyal Customer,98.5,High Value,2515.0,Month-to-month,1,Fiber optic,Electronic check,Yes
6380-ARCEH,Male,0,No,No,1,New Customer,20.2,Low Value,20.0,Month-to-month,1,No,Mailed check,No
3679-XASPY,Female,0,Yes,Yes,1,New Customer,19.45,Low Value,19.0,Month-to-month,1,No,Electronic check,No
7123-WQUHX,Male,0,No,No,38,Loyal Customer,95.0,High Value,3606.0,One year,0,Fiber optic,Bank transfer (automatic),No
5386-THSLQ,Female,1,Yes,No,66,Loyal Customer,45.55,Medium Value,3027.0,One year,0,DSL,Bank transfer (automatic),No
3192-NQECA,Male,0,Yes,No,68,Loyal Customer,110.0,High Value,7612.0,Two year,0,Fiber optic,Bank transfer (automatic),Yes
6180-YBIQI,Male,0,No,No,5,New Customer,24.3,Low Value,100.0,Month-to-month,1,DSL,Mailed check,No
6728-DKUCO,Female,0,Yes,Yes,72,Loyal Customer,104.15,High Value,7303.0,One year,0,Fiber optic,Electronic check,No
9750-BOOHV,Female,0,No,No,32,Loyal Customer,30.15,Low Value,928.0,One year,0,DSL,Mailed check,No
8597-CWYHH,Male,0,No,No,43,Loyal Customer,94.35,High Value,3921.0,One year,0,Fiber optic,Mailed check,No
2848-YXSMW,Male,0,Yes,Yes,72,Loyal Customer,19.4,Low Value,1363.0,Two year,0,No,Credit card (automatic),No
0486-HECZI,Male,0,Yes,No,55,Loyal Customer,96.75,High Value,5239.0,Month-to-month,1,Fiber optic,Electronic check,Yes
4549-ZDQYY,Female,0,No,No,52,Loyal Customer,57.95,Medium Value,3042.0,One year,0,DSL,Credit card (automatic),No
5712-AHQNN,Female,0,No,No,43,Loyal Customer,91.65,High Value,3954.0,Month-to-month,1,Fiber optic,Electronic check,No
4846-WHAFZ,Female,1,Yes,No,37,Loyal Customer,76.5,High Value,2868.0,Month-to-month,1,Fiber optic,Electronic check,Yes
5256-SKJGO,Female,0,Yes,Yes,64,Loyal Customer,54.6,Medium Value,3424.0,Two year,0,DSL,Electronic check,No
3071-VBYPO,Male,0,Yes,Yes,3,New Customer,89.85,High Value,248.0,Month-to-month,1,Fiber optic,Electronic check,No
9560-BBZXK,Female,0,No,No,36,Loyal Customer,31.05,Low Value,1126.0,Two year,0,DSL,Bank transfer (automatic),No
5299-RULOA,Female,0,Yes,Yes,10,New Customer,100.25,High Value,1065.0,Month-to-month,1,Fiber optic,Electronic check,Yes
8402-OOOHJ,Female,0,No,No,41,Loyal Customer,20.65,Low Value,835.0,Two year,0,No,Mailed check,No
9445-ZUEQE,Male,0,Yes,Yes,27,Loyal Customer,85.2,High Value,2152.0,Month-to-month,1,Fiber optic,Credit card (automatic),No
1091-SOZGA,Female,0,Yes,Yes,56,Loyal Customer,99.8,High Value,5515.0,One year,0,Fiber optic,Credit card (automatic),No
2928-HLDBA,Female,0,No,No,6,New Customer,20.7,Low Value,113.0,Month-to-month,1,No,Mailed check,No
0404-SWRVG,Male,0,No,No,3,New Customer,74.4,High Value,230.0,Month-to-month,1,Fiber optic,Electronic check,Yes
6497-TILVL,Female,0,Yes,Yes,7,New Customer,50.7,Medium Value,350.0,Month-to-month,1,DSL,Mailed check,No
7219-TLZHO,Female,0,Yes,Yes,4,New Customer,20.85,Low Value,63.0,Month-to-month,1,No,Mailed check,No
4622-YNKIJ,Male,0,No,No,33,Loyal Customer,88.95,High Value,3028.0,Two year,0,Fiber optic,Electronic check,No
4412-YLTKF,Female,1,No,No,27,Loyal Customer,78.05,High Value,2136.0,Month-to-month,1,Fiber optic,Electronic check,Yes
6734-PSBAW,Male,0,Yes,No,72,Loyal Customer,23.55,Low Value,1724.0,Two year,0,No,Bank transfer (automatic),No
3930-ZGWVE,Male,0,No,No,1,New Customer,19.75,Low Value,20.0,Month-to-month,1,No,Mailed check,No
2639-UGMAZ,Male,1,No,No,71,Loyal Customer,56.45,Medium Value,3985.0,One year,0,DSL,Electronic check,No
2876-GZYZC,Female,0,No,No,13,Growing Customer,85.95,High Value,1216.0,Month-to-month,1,Fiber optic,Electronic check,No
6207-WIOLX,Female,0,Yes,Yes,25,Loyal Customer,58.6,Medium Value,1503.0,Month-to-month,1,DSL,Credit card (automatic),Yes
8587-XYZSF,Male,0,No,No,67,Loyal Customer,50.55,Medium Value,3260.0,Two year,0,DSL,Bank transfer (automatic),No
3091-FYHKI,Male,0,No,No,1,New Customer,35.45,Medium Value,35.0,Month-to-month,1,DSL,Electronic check,Yes
2372-HWUHI,Male,0,No,No,2,New Customer,44.35,Medium Value,81.0,Month-to-month,1,DSL,Electronic check,Yes
7799-LGRDP,Female,0,No,No,43,Loyal Customer,25.7,Low Value,1188.0,Two year,0,No,Credit card (automatic),No
7850-VWJUU,Female,0,No,No,23,Growing Customer,75.0,High Value,1779.0,Month-to-month,1,Fiber optic,Bank transfer (automatic),No
3774-VBNXY,Female,0,Yes,Yes,64,Loyal Customer,20.2,Low Value,1278.0,Two year,0,No,Mailed check,No
6217-KDYWC,Male,0,No,Yes,57,Loyal Customer,19.6,Low Value,1171.0,Two year,0,No,Mailed check,No
0390-DCFDQ,Female,1,Yes,No,1,New Customer,70.45,High Value,70.0,Month-to-month,1,Fiber optic,Mailed check,Yes
3146-MSEGF,Female,1,Yes,Yes,72,Loyal Customer,88.05,High Value,6426.0,Two year,0,DSL,Credit card (automatic),No
4080-OGPJL,Female,0,No,No,8,New Customer,71.15,High Value,564.0,Month-to-month,1,DSL,Electronic check,Yes
1095-WGNGG,Female,0,Yes,No,61,Loyal Customer,101.05,High Value,5971.0,Two year,0,Fiber optic,Bank transfer (automatic),No
2636-SJDOU,Male,0,No,No,64,Loyal Customer,84.3,High Value,5289.0,One year,0,Fiber optic,Credit card (automatic),No
1131-QQZEB,Male,1,Yes,No,71,Loyal Customer,23.95,Low Value,1756.0,Two year,0,No,Bank transfer (automatic),No
5716-EZXZN,Female,0,Yes,Yes,65,Loyal Customer,99.05,High Value,6417.0,Two year,0,Fiber optic,Credit card (automatic),No
6837-BJYDQ,Male,0,No,No,3,New Customer,19.6,Low Value,61.0,One year,0,No,Mailed check,No
2135-RXIHG,Male,0,No,No,1,New Customer,45.65,Medium Value,46.0,Month-to-month,1,DSL,Electronic check,Yes
6440-DKQGE,Male,0,No,Yes,30,Loyal Customer,64.5,Medium Value,1930.0,One year,0,DSL,Credit card (automatic),No
3466-BYAVD,Male,0,Yes,Yes,15,Growing Customer,69.5,Medium Value,1071.0,Month-to-month,1,DSL,Mailed check,No
3780-YVMFA,Female,0,Yes,Yes,8,New Customer,68.55,Medium Value,564.0,Month-to-month,1,DSL,Electronic check,No
3874-EQOEP,Male,0,No,No,7,New Customer,95.0,High Value,656.0,Month-to-month,1,Fiber optic,Mailed check,Yes
1679-JRFBR,Female,0,Yes,Yes,70,Loyal Customer,108.15,High Value,7931.0,One year,0,Fiber optic,Credit card (automatic),No
9073-ZZIAY,Male,0,Yes,Yes,62,Loyal Customer,86.1,High Value,5215.0,Two year,0,DSL,Electronic check,No
3077-RSNTJ,Female,0,Yes,Yes,6,New Customer,19.7,Low Value,114.0,Month-to-month,1,No,Mailed check,No
6551-GNYDG,Female,0,Yes,Yes,14,Growing Customer,80.9,High Value,1153.0,Month-to-month,1,Fiber optic,Bank transfer (automatic),No
9167-APMXZ,Female,0,No,No,22,Growing Customer,84.15,High Value,1822.0,Month-to-month,1,Fiber optic,Bank transfer (automatic),No
2749-CTKAJ,Male,0,Yes,Yes,22,Growing Customer,20.15,Low Value,420.0,One year,0,No,Mailed check,No
6371-NZYEG,Male,0,Yes,Yes,16,Growing Customer,64.25,Medium Value,1024.0,Two year,0,DSL,Mailed check,No
7554-NEWDD,Male,0,No,No,10,New Customer,25.7,Low Value,252.0,Two year,0,No,Bank transfer (automatic),No
8992-VONJD,Female,0,No,Yes,13,Growing Customer,56.0,Medium Value,765.0,Month-to-month,1,DSL,Electronic check,No
0867-MKZVY,Female,0,Yes,No,20,Growing Customer,82.4,High Value,1592.0,Month-to-month,1,Fiber optic,Electronic check,Yes
4482-EWFMI,Female,0,No,No,2,New Customer,69.7,Medium Value,135.0,Month-to-month,1,Fiber optic,Electronic check,No
4648-YPBTM,Male,0,No,No,53,Loyal Customer,73.9,High Value,3958.0,Two year,0,DSL,Bank transfer (automatic),No
2907-ILJBN,Female,0,Yes,Yes,11,New Customer,20.6,Low Value,234.0,One year,0,No,Mailed check,No
6345-FZOQH,Male,0,Yes,No,69,Loyal Customer,19.9,Low Value,1363.0,Two year,0,No,Mailed check,No
3376-BMGFE,Female,0,No,No,4,New Customer,70.9,High Value,273.0,Month-to-month,1,Fiber optic,Bank transfer (automatic),Yes
5997-OPVFA,Male,0,Yes,No,72,Loyal Customer,89.05,High Value,6254.0,Two year,0,DSL,Bank transfer (automatic),No
3445-HXXGF,Male,1,Yes,No,58,Loyal Customer,45.3,Medium Value,2651.0,Month-to-month,1,DSL,Electronic check,Yes
1159-WFSGR,Female,0,Yes,Yes,16,Growing Customer,20.4,Low Value,321.0,Month-to-month,1,No,Electronic check,No
7654-YWJUF,Male,0,Yes,No,43,Loyal Customer,84.25,High Value,3539.0,One year,0,Fiber optic,Bank transfer (automatic),No
1875-QIVME,Female,0,Yes,No,2,New Customer,104.4,High Value,243.0,Month-to-month,1,Fiber optic,Electronic check,Yes
6727-IOTLZ,Male,0,Yes,No,14,Growing Customer,81.95,High Value,1182.0,Two year,0,DSL,Mailed check,No
0691-JVSYA,Female,0,Yes,No,53,Loyal Customer,94.85,High Value,5000.0,One year,0,Fiber optic,Bank transfer (automatic),Yes
5918-VUKWP,Female,0,No,No,32,Loyal Customer,20.55,Low Value,655.0,One year,0,No,Bank transfer (automatic),No
1744-JHKYS,Female,0,Yes,No,34,Loyal Customer,24.7,Low Value,780.0,Month-to-month,1,No,Electronic check,No
2656-FMOKZ,Female,1,No,No,15,Growing Customer,74.45,High Value,1146.0,Month-to-month,1,Fiber optic,Mailed check,Yes
2070-FNEXE,Female,1,No,No,7,New Customer,76.45,High Value,504.0,Month-to-month,1,Fiber optic,Bank transfer (automatic),Yes
5947-SGKCL,Female,0,Yes,Yes,15,Growing Customer,105.35,High Value,1559.0,Month-to-month,1,Fiber optic,Bank transfer (automatic),No
3712-PKXZA,Male,0,Yes,No,61,Loyal Customer,20.55,Low Value,1252.0,One year,0,No,Credit card (automatic),No
6317-YPKDH,Female,0,No,No,1,New Customer,29.95,Low Value,30.0,Month-to-month,1,DSL,Bank transfer (automatic),Yes
6582-OIVSP,Female,0,No,No,1,New Customer,45.3,Medium Value,45.0,Month-to-month,1,DSL,Mailed check,No
9367-WXLCH,Male,0,No,No,8,New Customer,84.5,High Value,663.0,Month-to-month,1,Fiber optic,Bank transfer (automatic),Yes
5524-KHNJP,Male,0,Yes,Yes,33,Loyal Customer,74.75,High Value,2453.0,One year,0,DSL,Credit card (automatic),No
1918-ZBFQJ,Female,0,No,No,13,Growing Customer,79.25,High Value,1112.0,Month-to-month,1,Fiber optic,Electronic check,Yes
1024-GUALD,Female,0,Yes,No,1,New Customer,24.8,Low Value,25.0,Month-to-month,1,DSL,Electronic check,Yes
4827-USJHP,Male,0,No,No,20,Growing Customer,51.8,Medium Value,1024.0,Month-to-month,1,DSL,Mailed check,No
8167-GJLRN,Male,0,No,No,3,New Customer,30.4,Low Value,82.0,Month-to-month,1,DSL,Electronic check,No
0956-SYCWG,Female,0,No,No,13,Growing Customer,19.65,Low Value,245.0,One year,0,No,Electronic check,No
8017-UVSZU,Female,0,Yes,No,40,Loyal Customer,56.6,Medium Value,2379.0,Month-to-month,1,DSL,Credit card (automatic),No
7100-FQPRV,Male,0,Yes,Yes,43,Loyal Customer,71.9,High Value,3173.0,One year,0,DSL,Credit card (automatic),No
2472-OVKUP,Male,0,Yes,No,6,New Customer,91.0,High Value,531.0,Month-to-month,1,Fiber optic,Electronic check,Yes
2984-RGEYA,Female,0,Yes,Yes,69,Loyal Customer,19.75,Low Value,1375.0,Two year,0,No,Bank transfer (automatic),No
9680-NIAUV,Female,0,Yes,Yes,72,Loyal Customer,109.7,High Value,8129.0,Two year,0,Fiber optic,Credit card (automatic),No
2146-EGVDT,Male,0,Yes,Yes,59,Loyal Customer,19.3,Low Value,1193.0,Two year,0,No,Credit card (automatic),No
2604-IJPDU,Female,0,Yes,No,20,Growing Customer,96.55,High Value,1902.0,Month-to-month,1,Fiber optic,Electronic check,No
9178-JHUVJ,Male,0,Yes,Yes,24,Loyal Customer,24.1,Low Value,587.0,Two year,0,No,Bank transfer (automatic),No
6168-YBYNP,Male,0,No,No,59,Loyal Customer,111.35,High Value,6520.0,Month-to-month,1,Fiber optic,Electronic check,No
7255-SSFBC,Male,0,Yes,Yes,72,Loyal Customer,112.25,High Value,8042.0,Two year,0,Fiber optic,Bank transfer (automatic),No
3645-DEYGF,Male,0,No,Yes,1,New Customer,20.75,Low Value,21.0,Month-to-month,1,No,Mailed check,No
9323-HGFWY,Female,0,Yes,No,27,Loyal Customer,101.9,High Value,2681.0,One year,0,Fiber optic,Credit card (automatic),No
8544-GOQSH,Female,0,No,No,14,Growing Customer,80.05,High Value,1112.0,Month-to-month,1,Fiber optic,Credit card (automatic),No
3363-DTIVD,Male,0,Yes,Yes,71,Loyal Customer,105.55,High Value,7406.0,Two year,0,Fiber optic,Electronic check,No
7018-WBJNK,Male,0,No,Yes,13,Growing Customer,78.3,High Value,1034.0,Month-to-month,1,Fiber optic,Credit card (automatic),No
9142-KZXOP,Male,0,No,No,44,Loyal Customer,68.85,Medium Value,2959.0,Month-to-month,1,Fiber optic,Credit card (automatic),No
7674-YTAFD,Female,0,No,No,33,Loyal Customer,79.95,High Value,2685.0,One year,0,Fiber optic,Bank transfer (automatic),No
6348-SNFUS,Male,0,Yes,Yes,72,Loyal Customer,55.45,Medium Value,4179.0,Two year,0,DSL,Credit card (automatic),No
1285-OKIPP,Male,0,No,No,1,New Customer,79.9,High Value,80.0,Month-to-month,1,Fiber optic,Electronic check,Yes
7825-ECJRF,Female,0,No,No,19,Growing Customer,106.6,High Value,1934.0,Month-to-month,1,Fiber optic,Electronic check,Yes
1347-KTTTA,Male,0,Yes,No,64,Loyal Customer,102.45,High Value,6654.0,One year,0,Fiber optic,Credit card (automatic),No
7841-TZDMQ,Male,0,No,No,2,New Customer,46.0,Medium Value,85.0,Month-to-month,1,DSL,Credit card (automatic),Yes
4195-NZGTA,Female,0,No,No,1,New Customer,25.25,Low Value,25.0,Month-to-month,1,DSL,Electronic check,No
7157-SMCFK,Male,0,No,Yes,61,Loyal Customer,19.75,Low Value,1124.0,Two year,0,No,Mailed check,No
4709-LKHYG,Female,0,Yes,Yes,29,Loyal Customer,20.0,Low Value,540.0,One year,0,No,Electronic check,No
2504-DSHIH,Male,1,Yes,No,23,Growing Customer,86.8,High Value,1976.0,Month-to-month,1,Fiber optic,Electronic check,No
0699-NDKJM,Female,0,Yes,No,57,Loyal Customer,58.75,Medium Value,3437.0,Month-to-month,1,DSL,Bank transfer (automatic),No
9286-BHDQG,Male,0,Yes,Yes,72,Loyal Customer,45.25,Medium Value,3140.0,Two year,0,DSL,Credit card (automatic),No
0230-WEQUW,Male,0,Yes,No,66,Loyal Customer,56.6,Medium Value,3789.0,Two year,0,DSL,Bank transfer (automatic),No
2040-LDIWQ,Male,0,Yes,Yes,65,Loyal Customer,84.2,High Value,5325.0,Two year,0,DSL,Bank transfer (automatic),No
6496-JDSSB,Female,0,No,No,8,New Customer,80.0,High Value,625.0,Month-to-month,1,Fiber optic,Bank transfer (automatic),No
9408-SSNVZ,Female,0,No,No,4,New Customer,70.15,High Value,268.0,Month-to-month,1,Fiber optic,Electronic check,Yes
4443-EMBNA,Female,0,Yes,No,71,Loyal Customer,24.75,Low Value,1837.0,Two year,0,No,Bank transfer (automatic),No
6469-MRVET,Male,0,Yes,Yes,1,New Customer,20.2,Low Value,20.0,One year,0,No,Electronic check,No
0742-MOABM,Male,0,Yes,No,4,New Customer,50.05,Medium Value,179.0,Month-to-month,1,DSL,Mailed check,Yes
5961-VUSRV,Female,0,No,No,12,Growing Customer,19.35,Low Value,219.0,One year,0,No,Bank transfer (automatic),No
6778-JFCMK,Male,0,No,No,24,Loyal Customer,50.6,Medium Value,1289.0,One year,0,DSL,Mailed check,No
6341-JVQGF,Female,0,Yes,Yes,31,Loyal Customer,81.15,High Value,2546.0,One year,0,DSL,Mailed check,No
2232-DMLXU,Female,0,Yes,No,1,New Customer,55.2,Medium Value,55.0,Month-to-month,1,DSL,Mailed check,Yes
4811-JBUVU,Male,0,No,No,30,Loyal Customer,89.9,High Value,2723.0,Month-to-month,1,Fiber optic,Credit card (automatic),No
0945-TSONX,Female,0,Yes,Yes,47,Loyal Customer,85.3,High Value,4107.0,Two year,0,DSL,Credit card (automatic),No
2651-ZCBXV,Male,0,No,No,54,Loyal Customer,108.0,High Value,5761.0,Two year,0,Fiber optic,Credit card (automatic),No
3316-UWXUY,Male,0,No,No,50,Loyal Customer,93.5,High Value,4748.0,Month-to-month,1,Fiber optic,Credit card (automatic),No
8937-RDTHP,Male,0,No,No,1,New Customer,84.6,High Value,85.0,Month-to-month,1,Fiber optic,Mailed check,Yes
7083-MIOPC,Female,0,No,No,72,Loyal Customer,20.25,Low Value,1567.0,Two year,0,No,Credit card (automatic),No
1984-GPTEH,Female,0,No,No,29,Loyal Customer,25.15,Low Value,702.0,Month-to-month,1,No,Electronic check,No
1251-KRREG,Male,0,No,No,2,New Customer,54.4,Medium Value,114.0,Month-to-month,1,DSL,Mailed check,Yes
0621-JFHOL,Female,0,No,No,10,New Customer,29.6,Low Value,299.0,Two year,0,DSL,Mailed check,No
9903-LYSAB,Male,0,Yes,No,18,Growing Customer,73.15,High Value,1306.0,Month-to-month,1,Fiber optic,Electronic check,No
0094-OIFMO,Female,1,No,No,11,New Customer,95.0,High Value,1120.0,Month-to-month,1,Fiber optic,Electronic check,Yes
9227-UAQFT,Male,0,No,No,16,Growing Customer,19.75,Low Value,284.0,Two year,0,No,Mailed check,No
7301-ABVAD,Female,0,No,No,72,Loyal Customer,86.6,High Value,6351.0,Two year,0,DSL,Bank transfer (automatic),No
6614-FHDBO,Male,0,No,No,72,Loyal Customer,109.2,High Value,7878.0,Two year,0,Fiber optic,Bank transfer (automatic),No
7576-ASEJU,Female,0,Yes,Yes,41,Loyal Customer,74.7,High Value,3188.0,One year,0,DSL,Credit card (automatic),No
9058-HRZSV,Female,1,Yes,No,65,Loyal Customer,94.4,High Value,6126.0,Month-to-month,1,Fiber optic,Electronic check,No
4522-AKYLR,Female,1,No,No,13,Growing Customer,54.8,Medium Value,731.0,Month-to-month,1,DSL,Electronic check,No
0221-WMXNQ,Male,1,No,No,4,New Customer,75.35,High Value,273.0,Month-to-month,1,Fiber optic,Electronic check,No
0303-UNCIP,Male,0,No,No,41,Loyal Customer,65.0,Medium Value,2532.0,One year,0,DSL,Mailed check,No
9947-OTFQU,Male,1,No,No,15,Growing Customer,74.4,High Value,1074.0,Month-to-month,1,Fiber optic,Electronic check,Yes
0322-YINQP,Male,0,No,No,1,New Customer,48.55,Medium Value,49.0,Month-to-month,1,DSL,Mailed check,Yes
0959-WHOKV,Male,0,No,No,42,Loyal Customer,99.0,High Value,4298.0,One year,0,Fiber optic,Electronic check,No
4075-JFPGR,Female,0,Yes,No,51,Loyal Customer,93.5,High Value,4620.0,One year,0,Fiber optic,Electronic check,No
4629-NRXKX,Female,0,Yes,Yes,2,New Customer,70.4,High Value,147.0,Month-to-month,1,Fiber optic,Electronic check,Yes
9514-JDSKI,Male,1,Yes,No,1,New Customer,40.2,Medium Value,40.0,Month-to-month,1,DSL,Electronic check,Yes
3282-ZISZV,Male,0,No,Yes,32,Loyal Customer,83.7,High Value,2633.0,One year,0,DSL,Credit card (automatic),No
3675-YDUPJ,Male,0,No,No,10,New Customer,19.85,Low Value,193.0,Month-to-month,1,No,Mailed check,No
4111-BNXIF,Female,0,Yes,Yes,67,Loyal Customer,59.55,Medium Value,4104.0,Two year,0,DSL,Electronic check,No
7017-VFHAY,Female,0,Yes,Yes,61,Loyal Customer,115.1,High Value,7008.0,Two year,0,Fiber optic,Credit card (automatic),No
6655-LHBYW,Male,0,No,No,50,Loyal Customer,114.35,High Value,5791.0,One year,0,Fiber optic,Credit card (automatic),No
4959-JOSRX,Female,0,Yes,No,2,New Customer,44.6,Medium Value,81.0,Month-to-month,1,DSL,Credit card (automatic),Yes
5046-NUHWD,Female,1,Yes,No,29,Loyal Customer,45.0,Medium Value,1229.0,Month-to-month,1,DSL,Electronic check,No
7273-TEFQD,Male,1,No,No,3,New Customer,41.15,Medium Value,132.0,Month-to-month,1,DSL,Electronic check,Yes
3606-TWKGI,Male,1,No,No,13,Growing Customer,106.9,High Value,1364.0,Month-to-month,1,Fiber optic,Electronic check,Yes
7529-ZDFXI,Male,1,Yes,No,57,Loyal Customer,89.85,High Value,4925.0,Month-to-month,1,Fiber optic,Electronic check,No
7605-BDWDC,Female,0,No,No,31,Loyal Customer,49.85,Medium Value,1520.0,Two year,0,DSL,Bank transfer (automatic),No
1950-KSVVJ,Female,0,Yes,No,45,Loyal Customer,113.3,High Value,5032.0,One year,0,Fiber optic,Mailed check,No
0123-CRBRT,Female,0,Yes,Yes,61,Loyal Customer,88.1,High Value,5527.0,Two year,0,DSL,Mailed check,No
6292-TOSSS,Male,0,No,No,50,Loyal Customer,24.9,Low Value,1195.0,Two year,0,No,Bank transfer (automatic),No
3197-ARFOY,Female,1,No,No,19,Growing Customer,105.0,High Value,2007.0,Month-to-month,1,Fiber optic,Mailed check,No
6323-AYBRX,Male,0,No,No,59,Loyal Customer,19.35,Low Value,1100.0,Two year,0,No,Mailed check,Yes
7014-ZZXAW,Female,0,Yes,No,71,Loyal Customer,24.25,Low Value,1733.0,Two year,0,No,Credit card (automatic),No
4385-GZQXV,Female,1,No,No,16,Growing Customer,94.45,High Value,1511.0,Month-to-month,1,Fiber optic,Electronic check,Yes
7633-MVPUY,Male,0,Yes,No,57,Loyal Customer,59.75,Medium Value,3450.0,Two year,0,DSL,Electronic check,No
6366-ZGQGL,Male,0,No,No,1,New Customer,24.8,Low Value,25.0,Month-to-month,1,DSL,Bank transfer (automatic),Yes
4716-HHKQH,Male,1,Yes,No,20,Growing Customer,107.05,High Value,2172.0,Month-to-month,1,Fiber optic,Electronic check,No
5940-AHUHD,Male,0,No,No,1,New Customer,70.6,High Value,71.0,Month-to-month,1,Fiber optic,Mailed check,Yes
6432-TWQLB,Male,0,Yes,No,5,New Customer,85.4,High Value,401.0,Month-to-month,1,Fiber optic,Electronic check,Yes
4484-GLZOU,Female,0,Yes,No,52,Loyal Customer,105.05,High Value,5625.0,Month-to-month,1,Fiber optic,Electronic check,Yes
3179-GBRWV,Male,1,Yes,No,21,Growing Customer,64.95,Medium Value,1340.0,Month-to-month,1,DSL,Bank transfer (automatic),No
8645-KWHJO,Male,0,No,No,14,Growing Customer,55.0,Medium Value,772.0,Month-to-month,1,DSL,Electronic check,No
4130-MZLCC,Female,0,No,No,5,New Customer,50.55,Medium Value,245.0,Month-to-month,1,DSL,Bank transfer (automatic),No
0314-TKOSI,Female,0,No,No,6,New Customer,55.15,Medium Value,323.0,Month-to-month,1,DSL,Mailed check,No
8229-MYEJZ,Female,0,No,No,10,New Customer,51.2,Medium Value,498.0,Month-to-month,1,DSL,Electronic check,No
2080-SRCDE,Female,0,No,Yes,1,New Customer,25.4,Low Value,25.0,Month-to-month,1,No,Mailed check,No
9577-WJVCQ,Female,0,No,No,68,Loyal Customer,54.45,Medium Value,3688.0,Month-to-month,1,DSL,Mailed check,No
9512-UIBFX,Male,0,Yes,Yes,18,Growing Customer,95.15,High Value,1780.0,Month-to-month,1,Fiber optic,Mailed check,Yes
6202-DYYFX,Female,0,No,No,22,Growing Customer,76.0,High Value,1784.0,One year,0,Fiber optic,Credit card (automatic),No
3808-HFKDE,Female,0,No,No,20,Growing Customer,44.35,Medium Value,927.0,Month-to-month,1,DSL,Electronic check,No
5583-SXDAG,Male,0,Yes,No,1,New Customer,70.0,High Value,70.0,Month-to-month,1,Fiber optic,Electronic check,Yes
3488-PGMQJ,Male,1,No,No,8,New Customer,74.5,High Value,607.0,Month-to-month,1,Fiber optic,Electronic check,Yes
3580-REOAC,Male,0,No,No,10,New Customer,44.85,Medium Value,435.0,Month-to-month,1,DSL,Credit card (automatic),Yes
7534-BFESC,Male,1,No,No,24,Loyal Customer,76.1,High Value,1713.0,Month-to-month,1,Fiber optic,Electronic check,Yes
3727-OWVYD,Male,0,No,No,35,Loyal Customer,61.2,Medium Value,2021.0,One year,0,DSL,Mailed check,No
2294-SALNE,Male,0,Yes,Yes,23,Growing Customer,86.8,High Value,1941.0,One year,0,Fiber optic,Mailed check,No
4847-TAJYI,Female,1,No,No,6,New Customer,89.35,High Value,568.0,Month-to-month,1,Fiber optic,Electronic check,No
1563-IWQEX,Female,0,No,No,12,Growing Customer,19.7,Low Value,220.0,Month-to-month,1,No,Mailed check,No
8203-XJZRC,Male,0,No,No,1,New Customer,20.25,Low Value,20.0,Month-to-month,1,No,Mailed check,No
6556-DBKZF,Female,0,Yes,Yes,71,Loyal Customer,76.05,High Value,5436.0,Two year,0,Fiber optic,Electronic check,No
6851-WEFYX,Male,1,Yes,No,35,Loyal Customer,100.8,High Value,3438.0,Month-to-month,1,Fiber optic,Electronic check,No
2985-JUUBZ,Male,0,Yes,Yes,40,Loyal Customer,74.55,High Value,3016.0,Month-to-month,1,DSL,Electronic check,No
6390-DSAZX,Female,0,No,Yes,1,New Customer,73.6,High Value,74.0,Month-to-month,1,Fiber optic,Mailed check,Yes
0895-LMRSF,Male,0,No,No,23,Growing Customer,64.9,Medium Value,1510.0,One year,0,DSL,Bank transfer (automatic),No
8098-LLAZX,Female,1,No,No,4,New Customer,95.45,High Value,396.0,Month-to-month,1,Fiber optic,Electronic check,Yes
8266-VBFQL,Male,0,No,No,4,New Customer,90.4,High Value,357.0,Month-to-month,1,Fiber optic,Electronic check,No
8181-YHCMF,Female,0,Yes,Yes,68,Loyal Customer,60.3,Medium Value,4109.0,Two year,0,DSL,Credit card (automatic),No
2240-HSJQD,Male,0,No,Yes,38,Loyal Customer,81.85,High Value,3142.0,Month-to-month,1,Fiber optic,Mailed check,No
1248-DYXUB,Male,0,Yes,Yes,52,Loyal Customer,24.8,Low Value,1229.0,Two year,0,No,Mailed check,No
0265-EDXBD,Male,1,Yes,No,32,Loyal Customer,74.9,High Value,2303.0,Month-to-month,1,Fiber optic,Electronic check,Yes
4115-BNPJY,Male,0,Yes,Yes,29,Loyal Customer,75.55,High Value,2054.0,Two year,0,DSL,Mailed check,No
3167-SNQPL,Male,1,Yes,Yes,38,Loyal Customer,101.15,High Value,3742.0,Month-to-month,1,Fiber optic,Electronic check,No
4091-TVOCN,Male,0,No,Yes,48,Loyal Customer,78.75,High Value,3682.0,One year,0,DSL,Credit card (automatic),No
1098-TDVUQ,Female,0,No,No,1,New Customer,19.25,Low Value,19.0,Month-to-month,1,No,Bank transfer (automatic),No
7277-OZCGZ,Female,0,No,No,22,Growing Customer,89.05,High Value,1886.0,Month-to-month,1,Fiber optic,Electronic check,No
1557-EMYVT,Female,0,No,No,43,Loyal Customer,115.05,High Value,4895.0,Two year,0,Fiber optic,Credit card (automatic),No
2799-ARNLO,Female,1,Yes,No,5,New Customer,69.35,Medium Value,342.0,Month-to-month,1,Fiber optic,Electronic check,No
7563-BIUPC,Male,0,No,No,5,New Customer,80.6,High Value,416.0,Month-to-month,1,Fiber optic,Electronic check,Yes
5027-YOCXN,Male,0,Yes,Yes,51,Loyal Customer,110.05,High Value,5686.0,One year,0,Fiber optic,Credit card (automatic),No
3973-SKMLN,Male,0,No,No,71,Loyal Customer,19.9,Low Value,1355.0,Two year,0,No,Credit card (automatic),No
2321-OMBXY,Female,0,Yes,Yes,38,Loyal Customer,80.3,High Value,3059.0,One year,0,DSL,Credit card (automatic),Yes
2840-XANRC,Male,1,Yes,No,24,Loyal Customer,93.15,High Value,2231.0,Month-to-month,1,Fiber optic,Electronic check,Yes
6745-JEFZB,Male,0,Yes,No,35,Loyal Customer,91.5,High Value,3236.0,Month-to-month,1,Fiber optic,Credit card (automatic),No
5020-ZSTTY,Female,1,No,No,54,Loyal Customer,82.45,High Value,4350.0,One year,0,DSL,Bank transfer (automatic),Yes
9880-TDQAC,Female,0,Yes,Yes,72,Loyal Customer,60.0,Medium Value,4264.0,Two year,0,DSL,Electronic check,No
8705-WZCYL,Male,0,No,No,1,New Customer,44.8,Medium Value,45.0,Month-to-month,1,DSL,Electronic check,No
7102-JJVTX,Female,0,Yes,Yes,9,New Customer,48.6,Medium Value,422.0,One year,0,DSL,Mailed check,No
8626-PTQGE,Male,0,No,No,69,Loyal Customer,60.05,Medium Value,4177.0,Two year,0,DSL,Bank transfer (automatic),No
4983-CLMLV,Female,0,Yes,No,52,Loyal Customer,102.7,High Value,5138.0,Month-to-month,1,Fiber optic,Credit card (automatic),No
5701-YVSVF,Female,1,Yes,No,11,New Customer,82.9,High Value,880.0,Month-to-month,1,Fiber optic,Electronic check,No
5804-LEPIM,Female,1,No,No,2,New Customer,70.35,High Value,139.0,Month-to-month,1,Fiber optic,Electronic check,Yes
5697-GOMBF,Female,1,Yes,Yes,28,Loyal Customer,35.9,Medium Value,974.0,Month-to-month,1,DSL,Electronic check,No
2739-CACDQ,Female,1,No,No,17,Growing Customer,82.65,High Value,1470.0,Month-to-month,1,Fiber optic,Credit card (automatic),No
9385-EHGDO,Female,0,Yes,Yes,35,Loyal Customer,19.85,Low Value,739.0,Two year,0,No,Mailed check,No
9498-FIMXL,Female,0,No,No,8,New Customer,19.2,Low Value,162.0,One year,0,No,Mailed check,No
2379-GYFLQ,Male,0,No,No,46,Loyal Customer,94.9,High Value,4423.0,One year,0,Fiber optic,Credit card (automatic),No
0122-OAHPZ,Female,0,No,No,7,New Customer,73.85,High Value,511.0,Month-to-month,1,Fiber optic,Electronic check,Yes
2868-SNELZ,Female,0,No,No,2,New Customer,80.6,High Value,156.0,Month-to-month,1,Fiber optic,Mailed check,Yes
4322-RCYMT,Male,0,Yes,Yes,68,Loyal Customer,75.8,High Value,5294.0,One year,0,DSL,Bank transfer (automatic),Yes
6680-NENYN,Female,0,No,No,43,Loyal Customer,104.6,High Value,4760.0,Two year,0,Fiber optic,Electronic check,Yes
2088-IEBAU,Female,0,No,No,68,Loyal Customer,88.15,High Value,6148.0,Two year,0,DSL,Electronic check,No
7982-VCELR,Female,0,No,No,36,Loyal Customer,94.8,High Value,3566.0,Month-to-month,1,Fiber optic,Credit card (automatic),No
1343-EHPYB,Male,0,Yes,No,63,Loyal Customer,103.4,High Value,6603.0,Month-to-month,1,Fiber optic,Electronic check,Yes
6035-BXTTY,Female,1,No,No,32,Loyal Customer,54.65,Medium Value,1830.0,Month-to-month,1,DSL,Bank transfer (automatic),No
6885-PKOAM,Female,0,Yes,No,71,Loyal Customer,85.75,High Value,6224.0,Two year,0,DSL,Credit card (automatic),No
7520-HQWJU,Female,0,Yes,Yes,66,Loyal Customer,67.45,Medium Value,4509.0,Month-to-month,1,DSL,Bank transfer (automatic),No
9639-BUJXT,Male,0,No,No,63,Loyal Customer,20.5,Low Value,1328.0,One year,0,No,Mailed check,No
5924-SNGKP,Female,0,No,Yes,41,Loyal Customer,20.25,Low Value,865.0,One year,0,No,Credit card (automatic),No
0021-IKXGC,Female,1,No,No,1,New Customer,72.1,High Value,72.0,Month-to-month,1,Fiber optic,Electronic check,No
2034-GDRCN,Female,0,No,No,2,New Customer,90.4,High Value,168.0,Month-to-month,1,Fiber optic,Electronic check,Yes
8966-SNIZF,Female,0,Yes,No,70,Loyal Customer,19.45,Low Value,1304.0,Two year,0,No,Bank transfer (automatic),No
6243-OZGFH,Female,0,No,No,23,Growing Customer,44.95,Medium Value,997.0,Month-to-month,1,DSL,Electronic check,No
4654-DLAMQ,Female,1,Yes,No,64,Loyal Customer,97.0,High Value,6431.0,One year,0,Fiber optic,Bank transfer (automatic),No
0513-RBGPE,Male,0,Yes,Yes,37,Loyal Customer,62.8,Medium Value,2279.0,Two year,0,DSL,Credit card (automatic),No
5160-UXJED,Male,0,No,Yes,17,Growing Customer,44.6,Medium Value,681.0,One year,0,DSL,Mailed check,No
4115-NZRKS,Female,1,No,No,7,New Customer,89.15,High Value,574.0,Month-to-month,1,Fiber optic,Electronic check,No
0219-YTZUE,Male,0,Yes,Yes,4,New Customer,84.8,High Value,372.0,Month-to-month,1,Fiber optic,Bank transfer (automatic),Yes
0623-IIHUG,Female,1,No,No,21,Growing Customer,41.9,Medium Value,840.0,Month-to-month,1,DSL,Electronic check,Yes
4572-DVCGN,Female,0,No,No,10,New Customer,80.25,High Value,846.0,Month-to-month,1,Fiber optic,Bank transfer (automatic),Yes
3351-NGXYI,Female,1,No,No,16,Growing Customer,54.1,Medium Value,889.0,Month-to-month,1,DSL,Electronic check,No
8984-EYLLL,Male,0,Yes,No,64,Loyal Customer,105.25,High Value,6823.0,Two year,0,Fiber optic,Electronic check,No
9057-MSWCO,Male,1,Yes,No,27,Loyal Customer,30.75,Low Value,805.0,Month-to-month,1,DSL,Credit card (automatic),Yes
9833-TGFHX,Male,0,Yes,Yes,42,Loyal Customer,97.1,High Value,4017.0,One year,0,Fiber optic,Electronic check,No
9294-TDIPC,Male,0,No,Yes,5,New Customer,20.2,Low Value,84.0,Month-to-month,1,No,Mailed check,No
5229-DTFYB,Female,0,No,No,41,Loyal Customer,98.8,High Value,3959.0,Two year,0,Fiber optic,Bank transfer (automatic),No
0104-PPXDV,Male,0,Yes,No,58,Loyal Customer,50.3,Medium Value,2879.0,One year,0,DSL,Credit card (automatic),No
5176-LMJXE,Female,0,No,No,47,Loyal Customer,20.55,Low Value,946.0,Two year,0,No,Mailed check,No
3583-KRKMD,Male,0,No,No,18,Growing Customer,75.9,High Value,1373.0,Month-to-month,1,Fiber optic,Bank transfer (automatic),No
1010-DIAUQ,Male,0,No,No,5,New Customer,96.5,High Value,493.0,Month-to-month,1,Fiber optic,Bank transfer (automatic),Yes
9069-LGEUL,Male,0,Yes,No,23,Growing Customer,59.95,Medium Value,1406.0,Month-to-month,1,DSL,Bank transfer (automatic),No
7302-ZHMHP,Female,0,No,No,1,New Customer,19.15,Low Value,19.0,Month-to-month,1,No,Mailed check,No
9571-EDEBV,Male,0,Yes,No,71,Loyal Customer,98.65,High Value,6963.0,One year,0,Fiber optic,Credit card (automatic),No
3520-FJGCV,Male,0,Yes,Yes,72,Loyal Customer,112.6,High Value,8127.0,Two year,0,Fiber optic,Credit card (automatic),No
6563-VRERX,Male,0,Yes,Yes,33,Loyal Customer,20.6,Low Value,690.0,One year,0,No,Mailed check,No
0259-GBZSH,Male,0,No,No,2,New Customer,85.65,High Value,182.0,Month-to-month,1,Fiber optic,Electronic check,Yes
6122-EFVKN,Male,0,No,Yes,24,Loyal Customer,35.75,Medium Value,831.0,Two year,0,DSL,Mailed check,No
2805-EDJPQ,Female,0,Yes,Yes,56,Loyal Customer,99.75,High Value,5608.0,One year,0,Fiber optic,Credit card (automatic),No
6862-CQUMB,Male,0,No,No,37,Loyal Customer,96.1,High Value,3647.0,Month-to-month,1,Fiber optic,Credit card (automatic),No
7156-MXBJE,Female,0,No,No,43,Loyal Customer,85.1,High Value,3662.0,One year,0,DSL,Credit card (automatic),No
6158-HDPXZ,Male,0,No,No,1,New Customer,25.35,Low Value,25.0,Month-to-month,1,DSL,Mailed check,No
9601-BRXPO,Female,0,Yes,No,25,Loyal Customer,104.95,High Value,2567.0,Month-to-month,1,Fiber optic,Bank transfer (automatic),Yes
2863-IMQDR,Female,0,No,No,61,Loyal Customer,89.65,High Value,5309.0,Two year,0,DSL,Electronic check,No
5686-CMAWK,Male,0,No,No,17,Growing Customer,86.75,High Value,1410.0,One year,0,Fiber optic,Electronic check,No
5651-CRHKQ,Female,0,Yes,No,41,Loyal Customer,86.2,High Value,3339.0,One year,0,Fiber optic,Bank transfer (automatic),No
6905-NIQIN,Male,0,No,No,1,New Customer,50.65,Medium Value,51.0,Month-to-month,1,DSL,Mailed check,Yes
8204-YJCLA,Male,1,Yes,Yes,72,Loyal Customer,64.8,Medium Value,4732.0,Two year,0,DSL,Bank transfer (automatic),No
5167-ZFFMM,Male,0,No,No,1,New Customer,90.85,High Value,91.0,Month-to-month,1,Fiber optic,Credit card (automatic),Yes
6583-SZVGP,Male,0,No,No,48,Loyal Customer,108.1,High Value,5067.0,Two year,0,Fiber optic,Bank transfer (automatic),No
4895-TMWIR,Male,1,Yes,No,11,New Customer,19.95,Low Value,215.0,Month-to-month,1,No,Mailed check,Yes
0533-BNWKF,Female,1,Yes,No,55,Loyal Customer,85.45,High Value,4875.0,Month-to-month,1,Fiber optic,Electronic check,Yes
1708-PBBOA,Female,0,No,No,42,Loyal Customer,54.75,Medium Value,2348.0,One year,0,DSL,Electronic check,No
8782-LKFPK,Male,0,No,No,44,Loyal Customer,90.4,High Value,4063.0,Month-to-month,1,Fiber optic,Mailed check,No
5522-JBWMO,Male,0,No,Yes,1,New Customer,44.0,Medium Value,44.0,Month-to-month,1,DSL,Electronic check,No
3597-MVHJT,Female,0,No,No,27,Loyal Customer,95.6,High Value,2595.0,Month-to-month,1,Fiber optic,Bank transfer (automatic),No
9774-NRNAU,Male,1,Yes,No,27,Loyal Customer,84.8,High Value,2310.0,Month-to-month,1,DSL,Bank transfer (automatic),No
0224-RLWWD,Female,1,No,No,2,New Customer,44.3,Medium Value,89.0,Month-to-month,1,DSL,Electronic check,No
9967-ATRFS,Female,0,No,No,19,Growing Customer,19.9,Low Value,368.0,Month-to-month,1,No,Mailed check,No
3951-NJCVI,Female,1,Yes,No,42,Loyal Customer,95.05,High Value,3945.0,Month-to-month,1,Fiber optic,Electronic check,No
2977-CEBSX,Female,0,No,No,66,Loyal Customer,90.05,High Value,5966.0,Two year,0,DSL,Credit card (automatic),No
0177-PXBAT,Male,1,Yes,No,33,Loyal Customer,109.9,High Value,3695.0,Month-to-month,1,Fiber optic,Bank transfer (automatic),No
6599-CEBNN,Female,0,No,No,34,Loyal Customer,73.95,High Value,2524.0,Month-to-month,1,Fiber optic,Credit card (automatic),Yes
2519-ERQOJ,Male,1,No,No,33,Loyal Customer,54.6,Medium Value,1804.0,Month-to-month,1,DSL,Electronic check,No
5876-QMYLD,Female,0,Yes,Yes,23,Growing Customer,20.05,Low Value,415.0,One year,0,No,Mailed check,No
2277-AXSDC,Female,0,No,No,32,Loyal Customer,19.75,Low Value,624.0,One year,0,No,Bank transfer (automatic),No
9442-JTWDL,Female,0,No,No,11,New Customer,20.05,Low Value,238.0,One year,0,No,Credit card (automatic),No
0979-PHULV,Male,0,Yes,Yes,69,Loyal Customer,99.45,High Value,7008.0,Month-to-month,1,Fiber optic,Credit card (automatic),Yes
3067-SVMTC,Female,0,Yes,No,68,Loyal Customer,55.9,Medium Value,3849.0,One year,0,DSL,Bank transfer (automatic),No
5495-GPSRW,Male,0,No,No,20,Growing Customer,19.7,Low Value,419.0,Two year,0,No,Mailed check,No
7606-BPHHN,Male,0,No,No,72,Loyal Customer,19.8,Low Value,1469.0,Two year,0,No,Credit card (automatic),No
4742-DRORA,Male,0,Yes,Yes,60,Loyal Customer,95.4,High Value,5812.0,One year,0,Fiber optic,Bank transfer (automatic),No
0111-KLBQG,Male,1,Yes,Yes,32,Loyal Customer,93.95,High Value,2861.0,Month-to-month,1,Fiber optic,Mailed check,No
4800-VHZKI,Female,0,No,No,1,New Customer,19.9,Low Value,20.0,Month-to-month,1,No,Mailed check,Yes
7989-CHGTL,Male,0,No,No,1,New Customer,19.6,Low Value,20.0,Month-to-month,1,No,Mailed check,Yes
0334-GDDSO,Male,1,No,No,3,New Customer,81.35,High Value,234.0,Month-to-month,1,Fiber optic,Electronic check,Yes
4163-NCJAK,Female,0,Yes,No,46,Loyal Customer,24.45,Low Value,1066.0,One year,0,No,Bank transfer (automatic),No
5233-AOZUF,Female,0,Yes,No,29,Loyal Customer,74.95,High Value,2149.0,Month-to-month,1,Fiber optic,Electronic check,No
5973-EJGDP,Male,0,No,No,51,Loyal Customer,87.35,High Value,4473.0,Month-to-month,1,Fiber optic,Electronic check,No
1996-DBMUS,Female,1,Yes,No,48,Loyal Customer,70.65,High Value,3545.0,Month-to-month,1,Fiber optic,Bank transfer (automatic),No
7916-VCCPB,Female,0,Yes,Yes,16,Growing Customer,73.25,High Value,1196.0,Month-to-month,1,Fiber optic,Bank transfer (automatic),No
4686-GEFRM,Male,0,Yes,No,70,Loyal Customer,98.7,High Value,6859.0,Two year,0,Fiber optic,Bank transfer (automatic),No
5249-QYHEX,Female,0,Yes,Yes,40,Loyal Customer,24.8,Low Value,1025.0,Two year,0,No,Mailed check,No
0578-SKVMF,Female,0,Yes,Yes,22,Growing Customer,83.3,High Value,1846.0,Month-to-month,1,Fiber optic,Electronic check,Yes
5564-NEMQO,Female,1,No,No,1,New Customer,75.3,High Value,75.0,Month-to-month,1,Fiber optic,Bank transfer (automatic),Yes
2233-FAGXV,Female,0,Yes,Yes,5,New Customer,24.3,Low Value,132.0,Month-to-month,1,No,Mailed check,No
5605-IYGFG,Female,0,No,No,7,New Customer,69.85,Medium Value,515.0,Month-to-month,1,Fiber optic,Bank transfer (automatic),No
7663-ZTEGJ,Male,0,No,Yes,29,Loyal Customer,100.55,High Value,2830.0,One year,0,Fiber optic,Credit card (automatic),No
3935-TBRZZ,Male,0,Yes,Yes,44,Loyal Customer,25.7,Low Value,1111.0,One year,0,No,Mailed check,No
8111-BKVDS,Female,0,No,No,10,New Customer,40.7,Medium Value,449.0,Month-to-month,1,DSL,Bank transfer (automatic),No
2055-SIFSS,Female,1,Yes,No,55,Loyal Customer,51.65,Medium Value,2839.0,Month-to-month,1,DSL,Bank transfer (automatic),No
2806-MLNTI,Male,1,Yes,No,52,Loyal Customer,105.1,High Value,5376.0,One year,0,Fiber optic,Bank transfer (automatic),No
8734-DKSTZ,Female,0,Yes,Yes,10,New Customer,85.95,High Value,859.0,Month-to-month,1,Fiber optic,Electronic check,No
4360-PNRQB,Male,0,No,No,18,Growing Customer,75.6,High Value,1395.0,Month-to-month,1,Fiber optic,Bank transfer (automatic),No
6152-ONASV,Female,0,Yes,No,68,Loyal Customer,58.25,Medium Value,3976.0,One year,0,DSL,Bank transfer (automatic),No
9063-ZGTUY,Female,0,Yes,Yes,61,Loyal Customer,19.4,Low Value,1183.0,Month-to-month,1,No,Mailed check,Yes
7781-HVGMK,Female,0,Yes,Yes,72,Loyal Customer,65.2,Medium Value,4784.0,Two year,0,DSL,Credit card (automatic),No
2181-UAESM,Male,0,No,No,2,New Customer,53.45,Medium Value,120.0,Month-to-month,1,DSL,Electronic check,No
2957-LOLHO,Male,0,No,No,12,Growing Customer,45.4,Medium Value,519.0,Month-to-month,1,DSL,Bank transfer (automatic),Yes
6048-NJXHX,Male,0,Yes,No,41,Loyal Customer,19.75,Low Value,899.0,Two year,0,No,Electronic check,No
2320-SLKMB,Female,0,No,No,26,Loyal Customer,44.45,Medium Value,1184.0,Month-to-month,1,DSL,Credit card (automatic),No
4980-URKXC,Male,0,Yes,No,36,Loyal Customer,20.85,Low Value,720.0,One year,0,No,Bank transfer (automatic),No
4376-KFVRS,Male,0,Yes,Yes,72,Loyal Customer,114.05,High Value,8468.0,Two year,0,Fiber optic,Credit card (automatic),No
5886-VLQVU,Male,0,Yes,No,35,Loyal Customer,89.85,High Value,3161.0,Month-to-month,1,Fiber optic,Bank transfer (automatic),No
3577-AMVUX,Male,0,No,No,1,New Customer,55.05,Medium Value,55.0,Month-to-month,1,DSL,Mailed check,No
0771-WLCLA,Female,0,Yes,Yes,16,Growing Customer,112.95,High Value,1883.0,Month-to-month,1,Fiber optic,Electronic check,No
5628-RKIFK,Female,1,No,No,49,Loyal Customer,101.55,High Value,5070.0,Month-to-month,1,Fiber optic,Credit card (automatic),No
0206-TBWLC,Female,0,Yes,No,54,Loyal Customer,114.65,High Value,6050.0,One year,0,Fiber optic,Mailed check,No
2937-FTHUR,Female,0,No,Yes,18,Growing Customer,64.8,Medium Value,1167.0,Month-to-month,1,DSL,Electronic check,No
1910-FMXJM,Female,0,Yes,No,36,Loyal Customer,80.4,High Value,2938.0,Month-to-month,1,Fiber optic,Electronic check,No
7752-XUSCI,Female,0,No,No,60,Loyal Customer,105.9,High Value,6396.0,Month-to-month,1,Fiber optic,Electronic check,Yes
4110-PFEUZ,Female,0,No,No,1,New Customer,69.55,Medium Value,70.0,Month-to-month,1,Fiber optic,Mailed check,Yes
0732-OCQOC,Female,0,Yes,Yes,52,Loyal Customer,25.05,Low Value,1270.0,Two year,0,No,Bank transfer (automatic),No
5168-MSWXT,Male,0,Yes,Yes,8,New Customer,94.75,High Value,760.0,Month-to-month,1,Fiber optic,Electronic check,No
1090-ESELR,Male,0,Yes,Yes,72,Loyal Customer,105.5,High Value,7612.0,Two year,0,Fiber optic,Bank transfer (automatic),No
8592-PLTMQ,Female,0,No,No,64,Loyal Customer,24.7,Low Value,1643.0,One year,0,No,Mailed check,No
5760-WRAHC,Female,1,No,No,22,Growing Customer,69.75,Medium Value,1545.0,Month-to-month,1,DSL,Mailed check,No
8847-GEOOQ,Male,0,Yes,No,60,Loyal Customer,60.2,Medium Value,3582.0,Month-to-month,1,DSL,Bank transfer (automatic),No
0256-LTHVJ,Female,0,Yes,Yes,28,Loyal Customer,81.05,High Value,2227.0,Month-to-month,1,Fiber optic,Electronic check,Yes
4785-FCIFB,Female,0,Yes,No,61,Loyal Customer,24.4,Low Value,1418.0,Two year,0,No,Mailed check,No
8313-NDOIA,Female,0,No,No,24,Loyal Customer,104.15,High Value,2495.0,Month-to-month,1,Fiber optic,Electronic check,No
5149-CUZUJ,Male,0,Yes,Yes,28,Loyal Customer,92.9,High Value,2768.0,One year,0,Fiber optic,Bank transfer (automatic),No
0942-KOWSM,Female,0,Yes,Yes,30,Loyal Customer,80.8,High Value,2369.0,Two year,0,DSL,Bank transfer (automatic),No
4237-CLSMM,Male,0,Yes,No,2,New Customer,20.0,Low Value,38.0,Month-to-month,1,No,Mailed check,No
1452-VOQCH,Male,0,No,No,1,New Customer,75.1,High Value,75.0,Month-to-month,1,Fiber optic,Electronic check,No
4719-UMSIY,Male,0,No,Yes,6,New Customer,19.65,Low Value,101.0,Month-to-month,1,No,Mailed check,No
6614-VBEGU,Female,0,Yes,No,24,Loyal Customer,69.45,Medium Value,1614.0,Month-to-month,1,DSL,Bank transfer (automatic),No
0880-TKATG,Male,0,Yes,Yes,4,New Customer,101.15,High Value,386.0,Month-to-month,1,Fiber optic,Electronic check,Yes
3811-VBYBZ,Male,0,No,No,7,New Customer,99.8,High Value,673.0,Month-to-month,1,Fiber optic,Electronic check,Yes
1480-BKXGA,Male,1,Yes,No,72,Loyal Customer,116.05,High Value,8405.0,Two year,0,Fiber optic,Bank transfer (automatic),No
2996-XAUVF,Male,0,No,No,70,Loyal Customer,40.05,Medium Value,2800.0,Two year,0,DSL,Mailed check,No
9076-AXYIK,Male,1,Yes,No,64,Loyal Customer,102.1,High Value,6538.0,Two year,0,Fiber optic,Electronic check,No
5968-XQIVE,Male,0,Yes,Yes,72,Loyal Customer,89.7,High Value,6589.0,One year,0,Fiber optic,Electronic check,No
8896-RAZCR,Female,0,No,Yes,44,Loyal Customer,19.9,Low Value,868.0,Two year,0,No,Mailed check,No
4640-UHDOS,Female,0,Yes,Yes,13,Growing Customer,55.95,Medium Value,734.0,Month-to-month,1,DSL,Electronic check,Yes
4933-IKULF,Female,1,No,No,17,Growing Customer,20.65,Low Value,331.0,One year,0,No,Mailed check,No
3583-EKAPL,Male,0,No,No,1,New Customer,55.0,Medium Value,55.0,Month-to-month,1,DSL,Electronic check,Yes
1304-BCCFO,Male,0,Yes,No,9,New Customer,70.05,High Value,564.0,Month-to-month,1,DSL,Mailed check,No
4104-PVRPS,Male,0,Yes,No,24,Loyal Customer,53.6,Medium Value,1315.0,Month-to-month,1,DSL,Mailed check,No
9399-APLBT,Female,0,Yes,Yes,1,New Customer,74.7,High Value,75.0,Month-to-month,1,Fiber optic,Electronic check,Yes
2359-KMGLI,Male,0,No,No,24,Loyal Customer,80.25,High Value,1862.0,Month-to-month,1,Fiber optic,Electronic check,Yes
3780-DDGSE,Male,1,Yes,Yes,35,Loyal Customer,76.05,High Value,2747.0,Month-to-month,1,DSL,Electronic check,No
4431-EDMIQ,Female,0,Yes,Yes,7,New Customer,75.7,High Value,554.0,Month-to-month,1,DSL,Electronic check,No
0306-JAELE,Male,0,No,No,5,New Customer,96.1,High Value,453.0,Month-to-month,1,Fiber optic,Electronic check,Yes
6227-HWPWX,Female,0,No,Yes,15,Growing Customer,69.0,Medium Value,995.0,Month-to-month,1,Fiber optic,Bank transfer (automatic),Yes
0486-LGCCH,Male,0,Yes,Yes,11,New Customer,19.65,Low Value,226.0,Two year,0,No,Mailed check,No
0447-BEMNG,Female,0,Yes,No,48,Loyal Customer,45.3,Medium Value,2145.0,Month-to-month,1,DSL,Bank transfer (automatic),Yes
4612-SSVHJ,Female,1,No,No,20,Growing Customer,81.45,High Value,1672.0,Month-to-month,1,Fiber optic,Electronic check,No
5168-MQQCA,Female,0,Yes,No,72,Loyal Customer,108.5,High Value,8004.0,One year,0,Fiber optic,Bank transfer (automatic),No
5949-XIKAE,Female,0,Yes,Yes,8,New Customer,83.55,High Value,680.0,Month-to-month,1,Fiber optic,Electronic check,Yes
7971-HLVXI,Male,0,Yes,Yes,72,Loyal Customer,84.5,High Value,6131.0,Two year,0,Fiber optic,Credit card (automatic),No
9094-AZPHK,Female,0,No,No,15,Growing Customer,100.15,High Value,1415.0,Month-to-month,1,Fiber optic,Electronic check,No
3649-JPUGY,Male,0,No,No,72,Loyal Customer,88.6,High Value,6202.0,Two year,0,DSL,Bank transfer (automatic),No
4472-LVYGI,Female,0,Yes,Yes,0,New Customer,52.55,Medium Value,,Two year,0,DSL,Bank transfer (automatic),No
8372-JUXUI,Male,0,No,Yes,1,New Customer,74.35,High Value,74.0,Month-to-month,1,Fiber optic,Electronic check,Yes
3552-CTCYF,Male,0,Yes,Yes,63,Loyal Customer,104.8,High Value,6597.0,Two year,0,Fiber optic,Bank transfer (automatic),No
6778-YSNIH,Female,0,No,No,2,New Customer,59.0,Medium Value,114.0,Month-to-month,1,DSL,Electronic check,No
0388-EOPEX,Female,0,Yes,No,2,New Customer,74.4,High Value,139.0,Month-to-month,1,Fiber optic,Electronic check,Yes
5756-OZRIO,Male,1,Yes,No,61,Loyal Customer,64.05,Medium Value,3903.0,One year,0,DSL,Bank transfer (automatic),No
6579-JPICP,Male,0,No,No,1,New Customer,20.4,Low Value,20.0,Month-to-month,1,No,Mailed check,No
8205-OTCHB,Male,0,No,No,22,Growing Customer,43.75,Medium Value,904.0,One year,0,DSL,Bank transfer (automatic),Yes
4134-BSXLX,Male,0,Yes,No,28,Loyal Customer,60.9,Medium Value,1786.0,Month-to-month,1,DSL,Mailed check,No
0505-SPOOW,Female,0,Yes,No,70,Loyal Customer,19.8,Low Value,1398.0,Two year,0,No,Bank transfer (automatic),No
6235-VDHOM,Female,1,No,No,5,New Customer,28.45,Low Value,131.0,Month-to-month,1,DSL,Electronic check,Yes
7783-YKGDV,Female,0,No,No,12,Growing Customer,99.7,High Value,1238.0,Month-to-month,1,Fiber optic,Bank transfer (automatic),Yes
4374-YMUSQ,Male,0,No,No,34,Loyal Customer,116.25,High Value,3899.0,One year,0,Fiber optic,Credit card (automatic),No
4513-CXYIX,Female,1,Yes,No,71,Loyal Customer,80.7,High Value,5676.0,Two year,0,Fiber optic,Credit card (automatic),No
3957-HHLMR,Female,0,Yes,Yes,70,Loyal Customer,65.2,Medium Value,4543.0,One year,0,DSL,Bank transfer (automatic),No
7803-XOCCZ,Female,0,Yes,Yes,52,Loyal Customer,84.05,High Value,4327.0,Month-to-month,1,Fiber optic,Bank transfer (automatic),No
5736-YEJAX,Male,0,No,Yes,69,Loyal Customer,79.45,High Value,5503.0,Two year,0,DSL,Credit card (automatic),No
5609-CEBID,Female,1,No,No,20,Growing Customer,94.1,High Value,1782.0,Month-to-month,1,Fiber optic,Electronic check,Yes
8981-FJGLA,Male,0,No,Yes,11,New Customer,78.0,High Value,852.0,Month-to-month,1,Fiber optic,Mailed check,No
7218-HKQFK,Male,0,Yes,No,2,New Customer,94.2,High Value,168.0,Month-to-month,1,Fiber optic,Electronic check,Yes
4636-QRJKY,Female,0,Yes,Yes,6,New Customer,80.5,High Value,503.0,Month-to-month,1,Fiber optic,Electronic check,Yes
1135-LMECX,Female,0,No,No,1,New Customer,19.85,Low Value,20.0,Month-to-month,1,No,Mailed check,No
4332-MUOEZ,Male,1,Yes,Yes,20,Growing Customer,94.3,High Value,1818.0,One year,0,Fiber optic,Credit card (automatic),No
8535-SFUTN,Male,0,No,No,61,Loyal Customer,106.45,High Value,6300.0,Month-to-month,1,Fiber optic,Electronic check,No
5956-VKDTT,Female,1,Yes,No,5,New Customer,74.35,High Value,335.0,Month-to-month,1,Fiber optic,Electronic check,Yes
8677-HDZEE,Female,0,No,No,56,Loyal Customer,105.45,High Value,5917.0,Month-to-month,1,Fiber optic,Bank transfer (automatic),No
2475-MROZF,Male,0,No,No,30,Loyal Customer,95.0,High Value,2852.0,Month-to-month,1,Fiber optic,Credit card (automatic),No
9412-GHEEC,Male,0,No,No,40,Loyal Customer,104.8,High Value,4132.0,Month-to-month,1,Fiber optic,Bank transfer (automatic),Yes
3482-ABPKK,Female,0,No,No,28,Loyal Customer,54.3,Medium Value,1546.0,One year,0,DSL,Mailed check,No
6705-LXORM,Female,1,Yes,No,5,New Customer,70.05,High Value,303.0,Month-to-month,1,Fiber optic,Electronic check,No
0257-ZESQC,Female,1,Yes,No,27,Loyal Customer,75.2,High Value,1929.0,Month-to-month,1,Fiber optic,Bank transfer (automatic),Yes
7531-GQHME,Male,0,No,No,12,Growing Customer,20.05,Low Value,265.0,Month-to-month,1,No,Credit card (automatic),No
5174-ITUMV,Male,0,Yes,Yes,67,Loyal Customer,105.4,High Value,6989.0,One year,0,Fiber optic,Electronic check,No
4109-CYRBD,Male,1,Yes,No,29,Loyal Customer,51.6,Medium Value,1442.0,Month-to-month,1,DSL,Electronic check,No
0913-XWSCN,Male,0,Yes,Yes,55,Loyal Customer,85.5,High Value,4713.0,Month-to-month,1,Fiber optic,Bank transfer (automatic),No
6825-UYPFK,Female,0,No,No,23,Growing Customer,75.6,High Value,1759.0,Month-to-month,1,Fiber optic,Bank transfer (automatic),Yes
8397-MVTAZ,Male,0,Yes,No,34,Loyal Customer,100.05,High Value,3480.0,Month-to-month,1,Fiber optic,Electronic check,Yes
0750-EBAIU,Male,0,No,No,52,Loyal Customer,91.25,High Value,4738.0,One year,0,Fiber optic,Electronic check,No
8606-CIQUL,Male,1,Yes,Yes,72,Loyal Customer,115.75,High Value,8399.0,Two year,0,Fiber optic,Credit card (automatic),No
3571-DPYUH,Male,0,Yes,Yes,58,Loyal Customer,94.7,High Value,5430.0,One year,0,Fiber optic,Credit card (automatic),No
7601-GNDYK,Male,0,Yes,Yes,35,Loyal Customer,19.6,Low Value,687.0,Two year,0,No,Mailed check,No
0356-OBMAC,Female,1,No,No,56,Loyal Customer,99.9,High Value,5706.0,Two year,0,Fiber optic,Bank transfer (automatic),No
8067-NIOYM,Female,0,Yes,Yes,24,Loyal Customer,21.1,Low Value,491.0,Two year,0,No,Credit card (automatic),No
1403-GYAFU,Male,0,Yes,Yes,70,Loyal Customer,20.05,Low Value,1360.0,Two year,0,No,Credit card (automatic),No
4234-XTNEA,Male,0,No,No,2,New Customer,79.95,High Value,174.0,Month-to-month,1,Fiber optic,Electronic check,No
1297-VQDRP,Male,1,Yes,Yes,68,Loyal Customer,107.15,High Value,7380.0,One year,0,Fiber optic,Credit card (automatic),No
9282-IZGQK,Female,0,No,No,1,New Customer,85.0,High Value,85.0,Month-to-month,1,Fiber optic,Electronic check,Yes
5348-CAGXB,Male,0,No,No,12,Growing Customer,89.55,High Value,1022.0,Month-to-month,1,Fiber optic,Electronic check,No
0621-HJWXJ,Female,0,Yes,No,63,Loyal Customer,81.55,High Value,5029.0,Month-to-month,1,Fiber optic,Bank transfer (automatic),No
5844-QVTAT,Female,0,Yes,Yes,33,Loyal Customer,58.45,Medium Value,1955.0,One year,0,DSL,Mailed check,No
8905-IAZPF,Female,0,Yes,No,69,Loyal Customer,95.65,High Value,6744.0,One year,0,Fiber optic,Credit card (automatic),No
5394-MEITZ,Female,0,Yes,Yes,60,Loyal Customer,80.6,High Value,4947.0,Two year,0,DSL,Bank transfer (automatic),No
6859-QNXIQ,Female,0,Yes,Yes,72,Loyal Customer,113.1,High Value,8249.0,Two year,0,Fiber optic,Bank transfer (automatic),No
2782-LFZVW,Female,0,No,No,11,New Customer,58.95,Medium Value,602.0,Month-to-month,1,DSL,Mailed check,No
2866-IKBTM,Female,0,No,No,1,New Customer,19.55,Low Value,20.0,Month-to-month,1,No,Mailed check,No
1342-JPNKI,Male,0,No,No,10,New Customer,86.05,High Value,834.0,Month-to-month,1,Fiber optic,Bank transfer (automatic),Yes
2817-NTQDO,Male,0,No,No,13,Growing Customer,45.55,Medium Value,597.0,Month-to-month,1,DSL,Credit card (automatic),Yes
7129-AZJDE,Male,0,Yes,Yes,34,Loyal Customer,78.95,High Value,2647.0,One year,0,Fiber optic,Bank transfer (automatic),No
6986-IJDHX,Male,0,Yes,Yes,39,Loyal Customer,86.3,High Value,3266.0,Month-to-month,1,Fiber optic,Mailed check,Yes
2560-PPCHE,Female,0,No,No,65,Loyal Customer,105.05,High Value,6744.0,One year,0,Fiber optic,Bank transfer (automatic),No
4676-MQUEA,Male,1,Yes,No,50,Loyal Customer,101.9,High Value,5266.0,One year,0,Fiber optic,Bank transfer (automatic),No
8138-EALND,Male,0,No,No,15,Growing Customer,19.75,Low Value,312.0,Month-to-month,1,No,Mailed check,No
3580-HYCSP,Male,0,Yes,Yes,72,Loyal Customer,110.3,High Value,7967.0,Two year,0,Fiber optic,Bank transfer (automatic),No
1352-HNSAW,Female,0,Yes,Yes,72,Loyal Customer,115.6,High Value,8220.0,Two year,0,Fiber optic,Bank transfer (automatic),No
2075-PUEPR,Male,0,Yes,Yes,55,Loyal Customer,19.35,Low Value,1153.0,Two year,0,No,Bank transfer (automatic),No
1982-FEBTD,Female,0,Yes,Yes,23,Growing Customer,25.6,Low Value,515.0,Two year,0,No,Credit card (automatic),No
5301-GAUUY,Male,0,No,No,32,Loyal Customer,80.35,High Value,2596.0,Month-to-month,1,Fiber optic,Bank transfer (automatic),Yes
5791-KAJFD,Female,0,Yes,Yes,56,Loyal Customer,68.75,Medium Value,3808.0,One year,0,DSL,Bank transfer (automatic),No
2654-VBVPB,Female,0,No,No,1,New Customer,19.9,Low Value,20.0,Month-to-month,1,No,Bank transfer (automatic),No
1154-HYWWO,Male,0,No,No,38,Loyal Customer,70.6,High Value,2708.0,One year,0,DSL,Mailed check,No
2501-XWWTZ,Male,0,No,No,11,New Customer,70.2,High Value,760.0,Month-to-month,1,Fiber optic,Electronic check,No
3716-UVSPD,Male,0,No,No,1,New Customer,49.3,Medium Value,49.0,Month-to-month,1,DSL,Electronic check,No
6815-ABQFQ,Male,0,Yes,No,56,Loyal Customer,107.25,High Value,6033.0,One year,0,Fiber optic,Electronic check,No
7343-EOBEU,Male,0,Yes,No,3,New Customer,23.6,Low Value,89.0,Month-to-month,1,No,Mailed check,No
3701-SFMUH,Male,0,Yes,Yes,7,New Customer,69.7,Medium Value,516.0,Month-to-month,1,DSL,Credit card (automatic),No
6103-LIANB,Male,0,Yes,Yes,59,Loyal Customer,99.5,High Value,5862.0,Two year,0,Fiber optic,Credit card (automatic),No
7319-VENRZ,Male,0,No,No,7,New Customer,64.3,Medium Value,446.0,Month-to-month,1,DSL,Bank transfer (automatic),No
5846-NEQVZ,Male,0,Yes,Yes,71,Loyal Customer,70.85,High Value,4973.0,Two year,0,DSL,Credit card (automatic),No
6967-QIQRV,Male,0,Yes,Yes,15,Growing Customer,101.9,High Value,1667.0,One year,0,Fiber optic,Electronic check,No
5781-RFZRP,Male,0,Yes,No,71,Loyal Customer,73.5,High Value,5358.0,Two year,0,DSL,Credit card (automatic),No
0939-YAPAF,Female,0,No,No,35,Loyal Customer,100.25,High Value,3528.0,Month-to-month,1,Fiber optic,Electronic check,Yes
0308-IVGOK,Female,0,No,No,11,New Customer,40.4,Medium Value,423.0,One year,0,DSL,Credit card (automatic),No
7293-LSCDV,Female,0,Yes,Yes,60,Loyal Customer,19.25,Low Value,1103.0,Two year,0,No,Credit card (automatic),No
7025-WCBNE,Male,1,No,No,47,Loyal Customer,59.6,Medium Value,2754.0,Two year,0,DSL,Bank transfer (automatic),No
5756-JYOJT,Female,0,No,No,11,New Customer,64.9,Medium Value,697.0,One year,0,DSL,Credit card (automatic),No
4710-FDUIZ,Male,0,Yes,No,56,Loyal Customer,100.3,High Value,5614.0,One year,0,Fiber optic,Credit card (automatic),Yes
6030-REHUX,Female,1,Yes,No,28,Loyal Customer,110.85,High Value,3204.0,Month-to-month,1,Fiber optic,Electronic check,No
9548-LIGTA,Male,0,Yes,No,61,Loyal Customer,81.05,High Value,4748.0,Two year,0,DSL,Mailed check,No
5150-LJNSR,Male,0,Yes,Yes,31,Loyal Customer,98.05,High Value,3082.0,One year,0,Fiber optic,Bank transfer (automatic),No
8270-RKSAP,Male,0,No,No,9,New Customer,70.5,High Value,598.0,Month-to-month,1,Fiber optic,Electronic check,No
6522-YRBXD,Male,1,Yes,No,35,Loyal Customer,94.55,High Value,3365.0,Month-to-month,1,Fiber optic,Electronic check,No
2640-LYMOV,Male,0,No,No,2,New Customer,19.65,Low Value,39.0,Month-to-month,1,No,Mailed check,No
1218-VKFPE,Female,0,Yes,Yes,12,Growing Customer,19.0,Low Value,234.0,Month-to-month,1,No,Mailed check,Yes
3627-FHKBK,Female,0,No,No,1,New Customer,75.3,High Value,75.0,Month-to-month,1,Fiber optic,Mailed check,Yes
2865-TCHJW,Female,1,No,No,4,New Customer,89.2,High Value,346.0,Month-to-month,1,Fiber optic,Electronic check,Yes
1423-BMPBQ,Female,0,Yes,Yes,1,New Customer,19.0,Low Value,19.0,Month-to-month,1,No,Mailed check,No
2393-DIVAI,Female,0,No,No,3,New Customer,20.0,Low Value,62.0,Month-to-month,1,No,Mailed check,No
5192-EBGOV,Female,1,No,No,1,New Customer,85.7,High Value,86.0,Month-to-month,1,Fiber optic,Electronic check,Yes
4568-KNYWR,Male,0,No,No,52,Loyal Customer,63.25,Medium Value,3342.0,Two year,0,DSL,Credit card (automatic),No
8752-IMQOS,Male,0,Yes,Yes,5,New Customer,20.1,Low Value,85.0,One year,0,No,Mailed check,No
0742-LAFQK,Male,0,Yes,No,72,Loyal Customer,99.15,High Value,7422.0,Two year,0,Fiber optic,Electronic check,No
0795-LAFGP,Male,0,Yes,Yes,71,Loyal Customer,90.4,High Value,6668.0,Two year,0,DSL,Electronic check,No
0619-OLYUR,Male,0,Yes,No,72,Loyal Customer,111.9,High Value,8071.0,Two year,0,Fiber optic,Credit card (automatic),No
5512-IDZEI,Male,0,Yes,Yes,46,Loyal Customer,24.9,Low Value,1175.0,One year,0,No,Electronic check,No
0459-SPZHJ,Male,0,Yes,Yes,63,Loyal Customer,83.5,High Value,5435.0,Two year,0,DSL,Credit card (automatic),No
0215-BQKGS,Male,0,No,No,30,Loyal Customer,84.3,High Value,2439.0,Month-to-month,1,Fiber optic,Credit card (automatic),No
9244-ZVAPM,Male,0,No,No,1,New Customer,45.6,Medium Value,46.0,Month-to-month,1,DSL,Mailed check,No
0719-SYFRB,Female,0,No,No,12,Growing Customer,61.65,Medium Value,714.0,Month-to-month,1,DSL,Mailed check,Yes
8208-EUMTE,Male,0,No,No,16,Growing Customer,54.85,Medium Value,916.0,Two year,0,DSL,Mailed check,No
5172-MIGPM,Male,0,No,No,4,New Customer,65.55,Medium Value,237.0,Month-to-month,1,DSL,Mailed check,No
1710-RCXUS,Male,0,Yes,No,51,Loyal Customer,90.35,High Value,4615.0,One year,0,Fiber optic,Credit card (automatic),No
0374-FIUCA,Male,0,Yes,No,65,Loyal Customer,20.4,Low Value,1414.0,Two year,0,No,Credit card (automatic),No
5839-SUYVZ,Male,0,No,No,16,Growing Customer,74.55,High Value,1171.0,Month-to-month,1,Fiber optic,Credit card (automatic),No
5173-ZXXXL,Male,0,No,No,2,New Customer,19.95,Low Value,48.0,One year,0,No,Mailed check,No
1096-ADRUX,Female,0,Yes,Yes,66,Loyal Customer,74.25,High Value,4859.0,One year,0,Fiber optic,Bank transfer (automatic),No
2001-MCUUW,Male,0,No,No,46,Loyal Customer,108.65,High Value,4903.0,Two year,0,Fiber optic,Electronic check,No
2731-GJRDG,Female,0,No,No,32,Loyal Customer,109.55,High Value,3608.0,One year,0,Fiber optic,Bank transfer (automatic),No
4723-BEGSG,Male,0,Yes,No,72,Loyal Customer,86.65,High Value,6094.0,Two year,0,DSL,Credit card (automatic),No
6516-NKQBO,Male,0,Yes,Yes,38,Loyal Customer,81.0,High Value,3085.0,Two year,0,DSL,Credit card (automatic),No
8672-OAUPW,Male,0,No,Yes,51,Loyal Customer,47.85,Medium Value,2357.0,One year,0,DSL,Credit card (automatic),No
8207-DMRVL,Male,0,Yes,Yes,72,Loyal Customer,114.55,High Value,8306.0,Two year,0,Fiber optic,Bank transfer (automatic),No
3419-SNJJD,Female,1,Yes,No,65,Loyal Customer,105.25,High Value,6786.0,Month-to-month,1,Fiber optic,Bank transfer (automatic),Yes
6543-CPZMK,Male,0,Yes,Yes,9,New Customer,29.95,Low Value,249.0,Month-to-month,1,DSL,Electronic check,Yes
4765-OXPPD,Female,0,Yes,Yes,9,New Customer,65.0,Medium Value,663.0,Month-to-month,1,DSL,Mailed check,Yes
2804-ETQDK,Male,0,No,Yes,66,Loyal Customer,20.55,Low Value,1357.0,Two year,0,No,Mailed check,No
6689-VRRTK,Female,1,No,No,44,Loyal Customer,109.8,High Value,4860.0,One year,0,Fiber optic,Credit card (automatic),No
7138-GIRSH,Male,0,No,No,50,Loyal Customer,69.5,Medium Value,3418.0,Two year,0,DSL,Bank transfer (automatic),No
9396-ZSFLL,Female,0,No,No,15,Growing Customer,48.85,Medium Value,631.0,Month-to-month,1,DSL,Mailed check,No
6464-KEXXH,Male,0,No,No,8,New Customer,25.25,Low Value,186.0,Month-to-month,1,DSL,Credit card (automatic),No
7134-MJPDY,Female,1,No,No,66,Loyal Customer,102.85,High Value,6977.0,One year,0,Fiber optic,Credit card (automatic),No
5240-CAOYT,Female,0,No,No,57,Loyal Customer,87.55,High Value,4885.0,Month-to-month,1,Fiber optic,Bank transfer (automatic),No
4059-IIEBK,Female,0,No,No,7,New Customer,78.55,High Value,523.0,Month-to-month,1,Fiber optic,Bank transfer (automatic),No
4881-JVQOD,Male,1,Yes,Yes,10,New Customer,34.55,Low Value,363.0,Month-to-month,1,DSL,Bank transfer (automatic),No
0516-UXRMT,Female,0,No,No,62,Loyal Customer,92.05,High Value,5756.0,One year,0,Fiber optic,Electronic check,No
4851-BQDNX,Male,0,Yes,Yes,40,Loyal Customer,85.05,High Value,3356.0,One year,0,Fiber optic,Electronic check,No
5148-HKFIR,Female,0,No,No,20,Growing Customer,19.7,Low Value,407.0,Two year,0,No,Mailed check,No
1009-IRMNA,Female,0,No,No,7,New Customer,20.0,Low Value,138.0,Month-to-month,1,No,Bank transfer (automatic),Yes
3003-CMDUU,Female,0,Yes,No,25,Loyal Customer,95.15,High Value,2396.0,Month-to-month,1,Fiber optic,Electronic check,No
5016-IBERQ,Male,0,Yes,No,23,Growing Customer,84.25,High Value,1968.0,Month-to-month,1,Fiber optic,Electronic check,No
6797-UCJHZ,Female,1,Yes,No,66,Loyal Customer,104.6,High Value,6819.0,One year,0,Fiber optic,Credit card (automatic),No
2469-DTSGX,Female,1,No,No,72,Loyal Customer,111.65,High Value,7943.0,Two year,0,Fiber optic,Electronic check,No
4554-YGZIH,Male,1,Yes,No,49,Loyal Customer,90.05,High Value,4547.0,Month-to-month,1,Fiber optic,Credit card (automatic),Yes
5099-BAILX,Male,1,Yes,Yes,43,Loyal Customer,110.75,High Value,4688.0,Month-to-month,1,Fiber optic,Bank transfer (automatic),Yes
9931-KGHOA,Female,0,Yes,No,46,Loyal Customer,55.0,Medium Value,2474.0,Month-to-month,1,DSL,Bank transfer (automatic),No
1775-KWJKQ,Male,0,Yes,Yes,72,Loyal Customer,89.85,High Value,6563.0,Two year,0,DSL,Credit card (automatic),No
7665-VIGUD,Male,0,No,No,10,New Customer,20.35,Low Value,176.0,One year,0,No,Mailed check,No
9411-TPQQV,Female,0,No,No,40,Loyal Customer,54.55,Medium Value,2236.0,One year,0,DSL,Bank transfer (automatic),No
7207-RMRDB,Female,0,Yes,Yes,65,Loyal Customer,105.5,High Value,6986.0,Month-to-month,1,Fiber optic,Electronic check,Yes
7954-MLBUN,Male,0,No,No,31,Loyal Customer,99.45,High Value,3110.0,Two year,0,Fiber optic,Bank transfer (automatic),No
2077-DDHJK,Female,0,Yes,No,68,Loyal Customer,70.9,High Value,4911.0,Two year,0,DSL,Credit card (automatic),No
4913-EHYUI,Male,1,Yes,Yes,56,Loyal Customer,104.55,High Value,5795.0,One year,0,Fiber optic,Bank transfer (automatic),Yes
0195-IESCP,Male,0,Yes,No,10,New Customer,85.25,High Value,855.0,Month-to-month,1,Fiber optic,Electronic check,Yes
9574-BOSMD,Male,0,Yes,Yes,68,Loyal Customer,25.4,Low Value,1620.0,Two year,0,No,Bank transfer (automatic),No
4580-TMHJU,Female,0,Yes,Yes,43,Loyal Customer,56.15,Medium Value,2499.0,Month-to-month,1,DSL,Electronic check,Yes
0970-ETWGE,Male,0,No,No,1,New Customer,89.55,High Value,90.0,Month-to-month,1,Fiber optic,Electronic check,Yes
4908-XAXAY,Female,1,No,No,49,Loyal Customer,89.85,High Value,4287.0,One year,0,Fiber optic,Bank transfer (automatic),No
8404-VLQFB,Female,0,Yes,Yes,15,Growing Customer,25.25,Low Value,395.0,Month-to-month,1,No,Electronic check,No
1626-ERCMM,Male,1,Yes,No,20,Growing Customer,94.55,High Value,1900.0,Month-to-month,1,Fiber optic,Electronic check,Yes
0887-HJGAR,Male,0,No,No,1,New Customer,45.7,Medium Value,46.0,Month-to-month,1,DSL,Mailed check,Yes
2391-IPLOP,Male,0,Yes,Yes,50,Loyal Customer,69.65,Medium Value,3442.0,One year,0,DSL,Electronic check,No
5644-PDMZC,Female,1,No,No,2,New Customer,89.5,High Value,162.0,Month-to-month,1,Fiber optic,Electronic check,Yes
3509-GWQGF,Male,1,No,No,24,Loyal Customer,70.0,High Value,1733.0,Month-to-month,1,Fiber optic,Credit card (automatic),No
9576-ANLXO,Female,0,No,No,3,New Customer,69.55,Medium Value,222.0,Month-to-month,1,Fiber optic,Bank transfer (automatic),Yes
2024-BASKD,Female,0,No,No,1,New Customer,74.6,High Value,75.0,Month-to-month,1,Fiber optic,Mailed check,Yes
5845-BZZIB,Male,0,Yes,Yes,35,Loyal Customer,20.1,Low Value,655.0,Two year,0,No,Mailed check,No
1140-UKVZG,Female,0,No,No,17,Growing Customer,24.8,Low Value,475.0,Month-to-month,1,No,Mailed check,No
4160-AMJTL,Female,1,No,No,8,New Customer,19.65,Low Value,164.0,Month-to-month,1,No,Electronic check,Yes
5183-SNMJQ,Male,0,No,No,10,New Customer,95.1,High Value,865.0,Month-to-month,1,Fiber optic,Credit card (automatic),No
8100-PNJMH,Male,0,Yes,Yes,68,Loyal Customer,88.85,High Value,6133.0,Two year,0,DSL,Credit card (automatic),No
7838-LAZFO,Male,0,Yes,No,45,Loyal Customer,78.8,High Value,3598.0,One year,0,DSL,Bank transfer (automatic),No
4464-JCOLN,Male,0,Yes,Yes,2,New Customer,19.85,Low Value,36.0,One year,0,No,Mailed check,Yes
2085-JVGAD,Male,0,Yes,No,37,Loyal Customer,20.35,Low Value,698.0,Month-to-month,1,No,Bank transfer (automatic),No
5650-VDUDS,Female,0,No,No,4,New Customer,24.25,Low Value,96.0,Month-to-month,1,DSL,Mailed check,Yes
8095-WANWK,Female,0,No,No,10,New Customer,45.25,Medium Value,429.0,Month-to-month,1,DSL,Mailed check,No
3030-ZKIWL,Male,0,No,No,1,New Customer,20.05,Low Value,20.0,Month-to-month,1,No,Mailed check,No
9565-FLVCG,Male,0,Yes,Yes,65,Loyal Customer,69.55,Medium Value,4459.0,Two year,0,DSL,Mailed check,No
8755-OGKNA,Female,0,Yes,Yes,57,Loyal Customer,19.5,Low Value,1168.0,Two year,0,No,Bank transfer (automatic),No
2800-VEQXM,Female,0,No,No,3,New Customer,74.75,High Value,238.0,Month-to-month,1,Fiber optic,Mailed check,No
7538-GWHML,Female,0,No,No,2,New Customer,69.65,Medium Value,145.0,Month-to-month,1,Fiber optic,Electronic check,Yes
5533-RJFTJ,Male,0,No,No,49,Loyal Customer,30.2,Low Value,1453.0,Month-to-month,1,DSL,Bank transfer (automatic),No
3859-CVCET,Female,0,No,No,4,New Customer,45.65,Medium Value,191.0,Month-to-month,1,DSL,Mailed check,Yes
0214-JHPFW,Female,0,Yes,No,70,Loyal Customer,57.8,Medium Value,4039.0,Two year,0,DSL,Bank transfer (automatic),No
5642-MHDQT,Female,0,Yes,Yes,53,Loyal Customer,19.85,Low Value,1039.0,One year,0,No,Bank transfer (automatic),No
3088-FVYWK,Male,0,Yes,Yes,53,Loyal Customer,25.55,Low Value,1336.0,Two year,0,No,Credit card (automatic),No
3276-HDUEG,Female,0,No,No,1,New Customer,75.05,High Value,75.0,Month-to-month,1,Fiber optic,Mailed check,Yes
9092-GDZKO,Male,0,No,No,22,Growing Customer,24.85,Low Value,493.0,Month-to-month,1,No,Credit card (automatic),No
0823-HSCDJ,Male,1,No,No,52,Loyal Customer,49.15,Medium Value,2551.0,Month-to-month,1,DSL,Electronic check,Yes
3729-OWRVL,Male,1,No,No,65,Loyal Customer,110.35,High Value,7246.0,Two year,0,Fiber optic,Electronic check,No
2324-AALNO,Female,0,No,No,48,Loyal Customer,24.55,Low Value,1204.0,One year,0,No,Bank transfer (automatic),No
0822-GAVAP,Female,0,No,No,2,New Customer,34.7,Low Value,62.0,Month-to-month,1,DSL,Electronic check,Yes
5760-IFJOZ,Male,0,No,No,3,New Customer,107.95,High Value,314.0,Month-to-month,1,Fiber optic,Mailed check,No
2826-UWHIS,Male,0,Yes,No,45,Loyal Customer,81.4,High Value,3776.0,Month-to-month,1,Fiber optic,Bank transfer (automatic),No
1448-PWKYE,Male,0,Yes,Yes,1,New Customer,80.0,High Value,80.0,Month-to-month,1,Fiber optic,Electronic check,Yes
7501-IWUNG,Female,0,Yes,Yes,61,Loyal Customer,73.8,High Value,4616.0,Two year,0,DSL,Bank transfer (automatic),No
4957-TREIR,Male,0,No,No,3,New Customer,64.4,Medium Value,196.0,Month-to-month,1,DSL,Credit card (automatic),No
7251-LJBQN,Female,1,No,No,40,Loyal Customer,103.75,High Value,4188.0,One year,0,Fiber optic,Credit card (automatic),No
8040-MNRTF,Female,0,No,No,1,New Customer,71.1,High Value,71.0,Month-to-month,1,Fiber optic,Mailed check,No
1536-HBSWP,Female,0,No,No,1,New Customer,49.9,Medium Value,50.0,Month-to-month,1,DSL,Electronic check,No
5313-FPXWG,Male,0,No,No,51,Loyal Customer,24.6,Low Value,1266.0,One year,0,No,Bank transfer (automatic),No
0067-DKWBL,Male,1,No,No,2,New Customer,49.25,Medium Value,91.0,Month-to-month,1,DSL,Electronic check,Yes
0946-FKYTX,Male,0,No,No,52,Loyal Customer,30.1,Low Value,1623.0,One year,0,DSL,Mailed check,No
5076-YVXCM,Male,0,No,No,51,Loyal Customer,83.4,High Value,4149.0,Month-to-month,1,Fiber optic,Bank transfer (automatic),No
8262-COGGB,Male,0,No,No,1,New Customer,20.45,Low Value,20.0,Month-to-month,1,No,Mailed check,No
6663-JOCQO,Male,0,Yes,Yes,31,Loyal Customer,75.25,High Value,2345.0,One year,0,DSL,Bank transfer (automatic),No
9620-QJREV,Male,0,No,Yes,47,Loyal Customer,20.55,Low Value,1013.0,One year,0,No,Credit card (automatic),No
2276-YDAVZ,Female,0,No,No,3,New Customer,75.1,High Value,271.0,Month-to-month,1,Fiber optic,Credit card (automatic),Yes
2682-KEVRP,Female,1,No,No,22,Growing Customer,20.05,Low Value,417.0,One year,0,No,Mailed check,No
2480-JZOSN,Female,0,Yes,No,1,New Customer,20.65,Low Value,21.0,Month-to-month,1,No,Mailed check,No
0078-XZMHT,Male,0,Yes,No,72,Loyal Customer,85.15,High Value,6316.0,Two year,0,DSL,Bank transfer (automatic),No
5896-NPFWW,Male,0,Yes,Yes,3,New Customer,50.15,Medium Value,168.0,Month-to-month,1,DSL,Electronic check,Yes
9978-HYCIN,Male,1,Yes,Yes,47,Loyal Customer,84.95,High Value,4018.0,One year,0,Fiber optic,Bank transfer (automatic),No
8338-QIUNR,Male,0,Yes,Yes,72,Loyal Customer,66.5,Medium Value,4812.0,Two year,0,DSL,Credit card (automatic),No
1525-LNLOJ,Male,0,Yes,Yes,66,Loyal Customer,63.3,Medium Value,4190.0,Two year,0,DSL,Bank transfer (automatic),No
9450-TRJUU,Male,0,No,No,35,Loyal Customer,83.15,High Value,2848.0,Month-to-month,1,Fiber optic,Electronic check,No
1766-GKNMI,Male,0,No,No,29,Loyal Customer,84.9,High Value,2516.0,Month-to-month,1,Fiber optic,Electronic check,No
6942-LBFDP,Female,0,No,No,2,New Customer,20.55,Low Value,34.0,Month-to-month,1,No,Mailed check,No
1456-TWCGB,Male,0,No,No,4,New Customer,49.25,Medium Value,208.0,Month-to-month,1,DSL,Mailed check,No
7133-VBDCG,Female,0,No,No,25,Loyal Customer,79.85,High Value,2015.0,Month-to-month,1,Fiber optic,Bank transfer (automatic),Yes
7596-ZYWBB,Female,0,No,No,65,Loyal Customer,59.6,Medium Value,3740.0,Two year,0,DSL,Mailed check,No
8329-UTMVM,Male,1,No,No,27,Loyal Customer,104.65,High Value,2964.0,One year,0,Fiber optic,Bank transfer (automatic),No
3014-WJKSM,Male,0,Yes,No,29,Loyal Customer,75.3,High Value,2263.0,Month-to-month,1,Fiber optic,Credit card (automatic),No
3347-YJZZE,Male,0,Yes,Yes,29,Loyal Customer,80.1,High Value,2212.0,Month-to-month,1,DSL,Credit card (automatic),No
1029-QFBEN,Male,0,No,No,1,New Customer,19.55,Low Value,20.0,Month-to-month,1,No,Mailed check,Yes
7929-DMBCV,Female,0,Yes,No,20,Growing Customer,81.0,High Value,1684.0,Month-to-month,1,Fiber optic,Mailed check,No
9661-JALZV,Female,0,No,No,58,Loyal Customer,24.7,Low Value,1519.0,Two year,0,No,Credit card (automatic),No
5433-KYGHE,Female,0,No,Yes,14,Growing Customer,86.0,High Value,1164.0,Month-to-month,1,Fiber optic,Mailed check,No
4312-KFRXN,Male,0,Yes,No,72,Loyal Customer,25.4,Low Value,1711.0,Two year,0,No,Mailed check,No
5575-TPIZQ,Male,0,No,No,46,Loyal Customer,89.15,High Value,4246.0,Month-to-month,1,Fiber optic,Credit card (automatic),No
0114-IGABW,Female,0,Yes,No,71,Loyal Customer,58.25,Medium Value,4146.0,Two year,0,DSL,Bank transfer (automatic),No
9944-AEXBM,Male,0,No,No,32,Loyal Customer,85.65,High Value,2664.0,Month-to-month,1,Fiber optic,Bank transfer (automatic),No
1853-ARAAQ,Female,0,No,No,26,Loyal Customer,50.35,Medium Value,1278.0,Month-to-month,1,DSL,Credit card (automatic),No
6952-OMNWB,Male,1,Yes,No,68,Loyal Customer,80.35,High Value,5589.0,Month-to-month,1,Fiber optic,Credit card (automatic),No
4697-LUPSU,Male,0,Yes,Yes,2,New Customer,20.2,Low Value,35.0,One year,0,No,Mailed check,No
8434-VGEQQ,Male,0,Yes,Yes,61,Loyal Customer,20.55,Low Value,1306.0,Two year,0,No,Credit card (automatic),No
4952-YSOGZ,Female,0,Yes,Yes,4,New Customer,85.95,High Value,381.0,Month-to-month,1,Fiber optic,Electronic check,Yes
1589-AGTLK,Male,0,No,No,3,New Customer,45.35,Medium Value,142.0,Month-to-month,1,DSL,Electronic check,Yes
5244-IRFIH,Male,1,Yes,No,33,Loyal Customer,94.5,High Value,3106.0,Month-to-month,1,Fiber optic,Electronic check,Yes
6549-YMFAW,Male,1,Yes,No,9,New Customer,21.25,Low Value,205.0,Month-to-month,1,No,Mailed check,No
4950-HKQTE,Female,0,No,No,22,Growing Customer,26.25,Low Value,606.0,Two year,0,No,Mailed check,No
6786-OBWQR,Female,0,Yes,Yes,5,New Customer,80.85,High Value,356.0,Month-to-month,1,Fiber optic,Electronic check,No
2684-EIWEO,Female,1,No,No,30,Loyal Customer,91.7,High Value,2758.0,Month-to-month,1,Fiber optic,Credit card (automatic),Yes
2753-JMMCV,Male,0,No,No,65,Loyal Customer,74.2,High Value,4806.0,Two year,0,DSL,Credit card (automatic),No
6439-GTPCA,Female,0,No,No,45,Loyal Customer,87.25,High Value,3942.0,Month-to-month,1,Fiber optic,Electronic check,Yes
6621-YOBKI,Male,0,No,No,5,New Customer,20.35,Low Value,93.0,Month-to-month,1,No,Mailed check,No
1216-JWVUX,Male,0,Yes,Yes,25,Loyal Customer,75.5,High Value,1901.0,Month-to-month,1,Fiber optic,Electronic check,No
7564-GHCVB,Female,0,Yes,Yes,72,Loyal Customer,79.05,High Value,5731.0,Two year,0,Fiber optic,Bank transfer (automatic),No
1173-NOEYG,Female,0,Yes,No,27,Loyal Customer,90.15,High Value,2423.0,Month-to-month,1,Fiber optic,Bank transfer (automatic),No
7595-EHCDL,Male,0,Yes,Yes,32,Loyal Customer,50.6,Medium Value,1653.0,Month-to-month,1,DSL,Credit card (automatic),No
6647-ZEDXT,Female,0,No,No,30,Loyal Customer,110.45,High Value,3327.0,One year,0,Fiber optic,Credit card (automatic),No
2521-NPUZR,Male,0,Yes,No,70,Loyal Customer,101.0,High Value,7086.0,Two year,0,Fiber optic,Credit card (automatic),No
1307-TVUFB,Male,1,No,No,42,Loyal Customer,79.35,High Value,3344.0,Month-to-month,1,Fiber optic,Bank transfer (automatic),No
7503-MIOGA,Female,1,Yes,No,72,Loyal Customer,89.85,High Value,6697.0,Two year,0,DSL,Bank transfer (automatic),No
4381-MHQDC,Female,0,No,No,47,Loyal Customer,65.0,Medium Value,2880.0,Two year,0,DSL,Mailed check,No
6923-JHPMP,Female,0,No,No,2,New Customer,80.45,High Value,137.0,Month-to-month,1,Fiber optic,Electronic check,No
5138-WVKYJ,Male,0,No,No,10,New Customer,98.55,High Value,1009.0,Month-to-month,1,Fiber optic,Electronic check,Yes
4018-PPNDW,Female,0,Yes,Yes,61,Loyal Customer,24.1,Low Value,1552.0,Two year,0,No,Mailed check,No
1635-FJFCC,Female,0,No,No,5,New Customer,44.05,Medium Value,202.0,Month-to-month,1,DSL,Credit card (automatic),No
2499-AJYUA,Female,1,Yes,No,72,Loyal Customer,110.8,High Value,7882.0,Two year,0,Fiber optic,Credit card (automatic),No
6919-ELBGL,Male,1,Yes,Yes,72,Loyal Customer,114.95,High Value,8196.0,Two year,0,Fiber optic,Bank transfer (automatic),No
3966-HRMZA,Female,1,No,No,3,New Customer,75.05,High Value,203.0,Month-to-month,1,Fiber optic,Mailed check,No
6425-JWTDV,Male,0,Yes,No,48,Loyal Customer,19.25,Low Value,855.0,Two year,0,No,Mailed check,No
8405-IGQFX,Female,0,No,No,63,Loyal Customer,90.05,High Value,5817.0,One year,0,Fiber optic,Credit card (automatic),No
8224-IVVPA,Female,0,No,No,27,Loyal Customer,56.7,Medium Value,1653.0,Month-to-month,1,DSL,Mailed check,No
9477-LGWQI,Male,0,Yes,Yes,70,Loyal Customer,80.15,High Value,5600.0,Two year,0,DSL,Credit card (automatic),No
1410-RSCMR,Male,0,Yes,Yes,7,New Customer,71.35,High Value,516.0,Month-to-month,1,DSL,Credit card (automatic),No
3115-CZMZD,Male,0,No,Yes,0,New Customer,20.25,Low Value,,Two year,0,No,Mailed check,No
0139-IVFJG,Female,0,Yes,No,2,New Customer,90.35,High Value,191.0,Month-to-month,1,Fiber optic,Electronic check,No
6683-VLCTZ,Male,1,No,No,20,Growing Customer,98.55,High Value,1843.0,Month-to-month,1,Fiber optic,Electronic check,Yes
5730-DBDSI,Male,0,No,No,66,Loyal Customer,19.7,Low Value,1254.0,Two year,0,No,Bank transfer (automatic),No
0030-FNXPP,Female,0,No,No,3,New Customer,19.85,Low Value,57.0,Month-to-month,1,No,Mailed check,No
2189-WWOEW,Female,0,No,Yes,15,Growing Customer,85.9,High Value,1270.0,Month-to-month,1,Fiber optic,Bank transfer (automatic),Yes
5684-FJVYR,Female,0,Yes,Yes,72,Loyal Customer,90.35,High Value,6563.0,Two year,0,Fiber optic,Bank transfer (automatic),No
4013-GUXND,Male,0,No,No,1,New Customer,20.8,Low Value,21.0,Month-to-month,1,No,Mailed check,No
1894-IGFSG,Female,0,No,No,22,Growing Customer,89.25,High Value,1908.0,Month-to-month,1,Fiber optic,Electronic check,Yes
7379-POKDZ,Male,0,Yes,No,3,New Customer,70.3,High Value,209.0,Month-to-month,1,Fiber optic,Electronic check,Yes
1266-NZYUI,Female,0,Yes,Yes,72,Loyal Customer,66.85,Medium Value,4759.0,Two year,0,DSL,Bank transfer (automatic),No
7969-FFOWG,Male,0,Yes,Yes,65,Loyal Customer,19.9,Low Value,1293.0,Two year,0,No,Mailed check,No
4718-DHSMV,Female,0,No,No,11,New Customer,35.8,Medium Value,363.0,Month-to-month,1,DSL,Mailed check,No
5175-WLYXL,Male,0,No,No,22,Growing Customer,78.85,High Value,1600.0,Month-to-month,1,Fiber optic,Mailed check,No
7817-OMJNA,Male,0,No,No,14,Growing Customer,20.4,Low Value,276.0,One year,0,No,Bank transfer (automatic),No
8728-SKJLR,Male,0,No,No,41,Loyal Customer,74.25,High Value,3089.0,Month-to-month,1,Fiber optic,Electronic check,No
3137-NYQQI,Male,0,Yes,No,17,Growing Customer,64.8,Medium Value,1176.0,One year,0,DSL,Mailed check,No
7706-DZNKK,Male,0,No,No,11,New Customer,20.45,Low Value,237.0,Month-to-month,1,No,Credit card (automatic),No
0236-HFWSV,Male,0,No,No,15,Growing Customer,93.35,High Value,1445.0,Month-to-month,1,Fiber optic,Electronic check,Yes
3900-AQPHZ,Female,0,No,No,1,New Customer,19.9,Low Value,20.0,Month-to-month,1,No,Mailed check,Yes
5842-POCOP,Female,0,Yes,No,5,New Customer,88.9,High Value,454.0,Month-to-month,1,Fiber optic,Mailed check,Yes
2037-XJFUP,Male,0,Yes,No,33,Loyal Customer,95.8,High Value,3037.0,One year,0,Fiber optic,Electronic check,Yes
8823-RLPWL,Female,0,Yes,No,72,Loyal Customer,110.65,High Value,8066.0,Two year,0,Fiber optic,Credit card (automatic),No
9505-SQFSW,Female,0,Yes,Yes,3,New Customer,40.3,Medium Value,93.0,Month-to-month,1,DSL,Mailed check,No
7314-OXENN,Male,0,No,No,2,New Customer,82.0,High Value,185.0,Month-to-month,1,Fiber optic,Electronic check,Yes
3758-CKOQL,Female,0,Yes,No,59,Loyal Customer,107.0,High Value,6152.0,One year,0,Fiber optic,Credit card (automatic),No
0322-CHQRU,Male,0,No,No,2,New Customer,45.35,Medium Value,90.0,Month-to-month,1,DSL,Electronic check,Yes
5676-CFLYY,Male,0,Yes,Yes,71,Loyal Customer,73.35,High Value,5155.0,Two year,0,DSL,Credit card (automatic),No
7521-AFHAB,Female,0,Yes,Yes,5,New Customer,44.8,Medium Value,220.0,Month-to-month,1,DSL,Mailed check,No
0285-INHLN,Male,0,Yes,Yes,27,Loyal Customer,54.75,Medium Value,1510.0,Month-to-month,1,DSL,Credit card (automatic),No
4678-DVQEO,Female,0,No,No,1,New Customer,52.2,Medium Value,52.0,Month-to-month,1,DSL,Electronic check,Yes
5125-CNDSP,Male,0,No,Yes,63,Loyal Customer,40.6,Medium Value,2589.0,One year,0,DSL,Bank transfer (automatic),No
0691-IFBQW,Female,1,No,No,46,Loyal Customer,110.0,High Value,4875.0,One year,0,Fiber optic,Electronic check,Yes
4992-LTJNE,Male,0,Yes,Yes,72,Loyal Customer,55.3,Medium Value,3984.0,Two year,0,DSL,Bank transfer (automatic),No
2202-OUTMO,Female,0,Yes,No,34,Loyal Customer,60.85,Medium Value,2004.0,Month-to-month,1,DSL,Bank transfer (automatic),No
0810-BDHAW,Female,0,Yes,Yes,24,Loyal Customer,78.4,High Value,1832.0,One year,0,DSL,Electronic check,No
0229-LFJAF,Male,0,No,No,72,Loyal Customer,69.65,Medium Value,4908.0,Two year,0,DSL,Bank transfer (automatic),No
7131-ZQZNK,Female,0,Yes,Yes,60,Loyal Customer,59.85,Medium Value,3590.0,Two year,0,DSL,Credit card (automatic),No
3442-ZHHCC,Male,0,No,No,68,Loyal Customer,76.9,High Value,5023.0,One year,0,DSL,Credit card (automatic),No
5726-CVNYA,Female,0,Yes,Yes,8,New Customer,19.85,Low Value,147.0,Two year,0,No,Mailed check,No
9871-ELEYA,Female,0,No,Yes,34,Loyal Customer,67.65,Medium Value,2339.0,Two year,0,DSL,Credit card (automatic),No
4257-GAESD,Female,0,No,No,6,New Customer,45.0,Medium Value,299.0,Month-to-month,1,DSL,Credit card (automatic),No
5173-WXOQV,Male,0,Yes,No,2,New Customer,64.2,Medium Value,144.0,Month-to-month,1,DSL,Mailed check,No
2040-OBMLJ,Male,0,No,No,31,Loyal Customer,81.7,High Value,2549.0,One year,0,Fiber optic,Credit card (automatic),No
6286-ZHAOK,Female,0,Yes,Yes,20,Growing Customer,25.55,Low Value,507.0,Month-to-month,1,No,Bank transfer (automatic),No
3807-XHCJH,Female,0,Yes,Yes,1,New Customer,20.0,Low Value,20.0,Month-to-month,1,No,Electronic check,No
3009-JWMPU,Male,0,No,No,62,Loyal Customer,96.75,High Value,6125.0,One year,0,Fiber optic,Electronic check,Yes
5671-RQRLP,Female,1,Yes,No,70,Loyal Customer,75.65,High Value,5411.0,Two year,0,Fiber optic,Credit card (automatic),No
1450-GALXR,Female,0,No,No,10,New Customer,98.5,High Value,1058.0,Month-to-month,1,Fiber optic,Electronic check,Yes
8859-AXJZP,Male,0,Yes,Yes,39,Loyal Customer,23.8,Low Value,904.0,Two year,0,No,Mailed check,No
3174-AKMAS,Female,0,Yes,No,46,Loyal Customer,64.2,Medium Value,3010.0,Two year,0,DSL,Credit card (automatic),No
3138-BKYAV,Male,0,No,No,6,New Customer,85.35,High Value,489.0,Month-to-month,1,Fiber optic,Electronic check,Yes
9926-PJHDQ,Female,0,Yes,Yes,72,Loyal Customer,76.8,High Value,5468.0,Two year,0,DSL,Bank transfer (automatic),No
7382-DFJTU,Male,0,No,No,18,Growing Customer,55.2,Medium Value,1058.0,Month-to-month,1,DSL,Credit card (automatic),No
2798-NYLMZ,Male,0,Yes,No,71,Loyal Customer,108.55,High Value,7616.0,Two year,0,Fiber optic,Credit card (automatic),No
4289-DTDKW,Male,0,Yes,No,40,Loyal Customer,101.3,High Value,4113.0,Month-to-month,1,Fiber optic,Electronic check,Yes
1820-TQVEV,Male,0,No,No,1,New Customer,69.55,Medium Value,70.0,Month-to-month,1,Fiber optic,Electronic check,Yes
2239-JALAW,Male,0,No,No,58,Loyal Customer,103.25,High Value,6018.0,One year,0,Fiber optic,Bank transfer (automatic),Yes
4853-RULSV,Male,0,No,No,70,Loyal Customer,104.0,High Value,7250.0,Two year,0,Fiber optic,Credit card (automatic),Yes
8098-TDCBU,Female,0,Yes,No,42,Loyal Customer,25.25,Low Value,1108.0,Two year,0,No,Electronic check,No
3551-GAEGL,Male,0,Yes,Yes,34,Loyal Customer,30.4,Low Value,939.0,One year,0,DSL,Bank transfer (automatic),No
4785-NKHCX,Male,1,No,No,5,New Customer,20.05,Low Value,94.0,Month-to-month,1,No,Bank transfer (automatic),No
3196-NVXLZ,Female,0,No,No,25,Loyal Customer,84.6,High Value,2088.0,Month-to-month,1,Fiber optic,Mailed check,No
6275-YDUVO,Female,0,No,No,2,New Customer,86.2,High Value,179.0,Month-to-month,1,Fiber optic,Mailed check,Yes
0036-IHMOT,Female,0,Yes,Yes,55,Loyal Customer,103.7,High Value,5657.0,One year,0,Fiber optic,Bank transfer (automatic),No
0115-TFERT,Male,0,Yes,No,21,Growing Customer,111.2,High Value,2317.0,Month-to-month,1,Fiber optic,Electronic check,Yes
4178-EGMON,Male,0,Yes,No,70,Loyal Customer,88.0,High Value,5986.0,Two year,0,Fiber optic,Credit card (automatic),No
4220-TINQT,Female,0,Yes,No,61,Loyal Customer,106.35,High Value,6751.0,Month-to-month,1,Fiber optic,Electronic check,No
5318-YKDPV,Male,0,Yes,Yes,43,Loyal Customer,79.15,High Value,3567.0,Two year,0,DSL,Credit card (automatic),No
7975-TZMLR,Male,0,No,No,47,Loyal Customer,103.1,High Value,4889.0,One year,0,Fiber optic,Electronic check,No
0295-QVKPB,Male,0,No,No,5,New Customer,63.95,Medium Value,318.0,Month-to-month,1,DSL,Credit card (automatic),No
4335-BSMJS,Female,0,No,No,62,Loyal Customer,25.8,Low Value,1564.0,Two year,0,No,Credit card (automatic),No
2311-QYMUQ,Female,0,Yes,Yes,16,Growing Customer,89.45,High Value,1430.0,Month-to-month,1,Fiber optic,Credit card (automatic),Yes
3643-AHCFP,Male,1,Yes,No,7,New Customer,95.6,High Value,644.0,Month-to-month,1,Fiber optic,Bank transfer (automatic),Yes
9146-JRIOX,Female,0,Yes,Yes,14,Growing Customer,25.55,Low Value,372.0,Month-to-month,1,No,Mailed check,No
3104-OWCGK,Male,0,Yes,Yes,60,Loyal Customer,90.95,High Value,5453.0,One year,0,Fiber optic,Electronic check,Yes
5337-IIWKZ,Male,0,Yes,Yes,34,Loyal Customer,44.85,Medium Value,1443.0,Month-to-month,1,DSL,Electronic check,No
9101-BWFSS,Female,0,Yes,No,50,Loyal Customer,108.55,High Value,5611.0,One year,0,Fiber optic,Electronic check,Yes
9650-VBUOG,Male,0,Yes,Yes,38,Loyal Customer,25.05,Low Value,964.0,Two year,0,No,Credit card (automatic),No
3487-EARAT,Female,0,Yes,Yes,70,Loyal Customer,74.1,High Value,5222.0,One year,0,DSL,Credit card (automatic),No
2672-TGEFF,Female,0,Yes,Yes,37,Loyal Customer,88.8,High Value,3341.0,Month-to-month,1,Fiber optic,Electronic check,No
9231-ZJYAM,Female,1,No,No,4,New Customer,78.85,High Value,293.0,Month-to-month,1,Fiber optic,Electronic check,Yes
4250-WAROZ,Male,1,Yes,Yes,60,Loyal Customer,93.25,High Value,5775.0,Month-to-month,1,Fiber optic,Electronic check,No
8184-WMOFI,Male,0,Yes,Yes,62,Loyal Customer,71.4,High Value,4487.0,One year,0,DSL,Credit card (automatic),No
6982-SSHFK,Male,0,No,No,1,New Customer,44.4,Medium Value,44.0,Month-to-month,1,DSL,Mailed check,Yes
6092-QZVPP,Male,0,No,No,36,Loyal Customer,79.2,High Value,2855.0,Month-to-month,1,DSL,Credit card (automatic),No
4625-LAMOB,Male,0,No,No,44,Loyal Customer,20.4,Low Value,906.0,Two year,0,No,Credit card (automatic),No
0727-BMPLR,Female,1,No,No,55,Loyal Customer,100.0,High Value,5509.0,One year,0,Fiber optic,Electronic check,Yes
0392-BZIUW,Female,0,Yes,No,72,Loyal Customer,105.0,High Value,7590.0,Two year,0,Fiber optic,Credit card (automatic),No
1038-ZAGBI,Female,0,Yes,Yes,12,Growing Customer,19.8,Low Value,230.0,One year,0,No,Bank transfer (automatic),Yes
6549-NNDYT,Female,0,No,No,13,Growing Customer,30.85,Low Value,394.0,Month-to-month,1,DSL,Bank transfer (automatic),No
3027-ZTDHO,Male,0,No,No,1,New Customer,89.9,High Value,90.0,Month-to-month,1,Fiber optic,Electronic check,Yes
0422-OHQHQ,Female,0,Yes,Yes,15,Growing Customer,20.55,Low Value,296.0,One year,0,No,Mailed check,No
6916-HIJSE,Female,0,No,No,65,Loyal Customer,84.85,High Value,5459.0,Two year,0,DSL,Bank transfer (automatic),No
2316-ESMLS,Female,0,Yes,Yes,12,Growing Customer,33.15,Low Value,445.0,One year,0,DSL,Credit card (automatic),No
9778-OGKQZ,Male,0,Yes,No,72,Loyal Customer,92.0,High Value,6782.0,Two year,0,DSL,Credit card (automatic),No
7408-OFWXJ,Female,0,Yes,Yes,72,Loyal Customer,89.8,High Value,6510.0,Two year,0,DSL,Credit card (automatic),No
6007-TCTST,Female,0,Yes,Yes,72,Loyal Customer,115.8,High Value,8477.0,Two year,0,Fiber optic,Bank transfer (automatic),No
2252-NKNSI,Male,0,No,Yes,52,Loyal Customer,85.15,High Value,4462.0,Two year,0,DSL,Mailed check,No
8713-IGZSO,Male,0,No,No,2,New Customer,24.85,Low Value,62.0,Month-to-month,1,No,Mailed check,No
7905-TVXTA,Female,0,No,No,5,New Customer,64.35,Medium Value,353.0,Month-to-month,1,DSL,Electronic check,No
7695-PKLCZ,Female,0,No,No,68,Loyal Customer,20.5,Low Value,1425.0,Two year,0,No,Credit card (automatic),No
2382-BCKQJ,Female,0,No,Yes,62,Loyal Customer,100.15,High Value,6414.0,One year,0,Fiber optic,Electronic check,Yes
8374-UULRV,Male,0,No,No,72,Loyal Customer,86.05,High Value,6310.0,Two year,0,DSL,Credit card (automatic),No
2207-NHRJK,Male,0,No,No,1,New Customer,50.8,Medium Value,51.0,Month-to-month,1,DSL,Electronic check,Yes
3224-DFQNQ,Female,0,Yes,No,66,Loyal Customer,89.0,High Value,5899.0,One year,0,Fiber optic,Electronic check,No
5275-PMFUT,Male,0,Yes,Yes,72,Loyal Customer,64.8,Medium Value,4720.0,Two year,0,DSL,Credit card (automatic),No
4795-UXVCJ,Male,0,No,No,26,Loyal Customer,19.8,Low Value,457.0,One year,0,No,Credit card (automatic),No
9777-IQHWP,Male,0,Yes,Yes,64,Loyal Customer,93.4,High Value,5822.0,Two year,0,Fiber optic,Bank transfer (automatic),No
0947-MUGVO,Male,1,Yes,No,20,Growing Customer,73.65,High Value,1464.0,Month-to-month,1,Fiber optic,Electronic check,Yes
9944-HKVVB,Female,0,No,No,3,New Customer,95.1,High Value,307.0,Month-to-month,1,Fiber optic,Electronic check,Yes
4124-MMETB,Male,0,No,No,22,Growing Customer,94.65,High Value,2105.0,Month-to-month,1,Fiber optic,Credit card (automatic),Yes
3671-SHRSP,Male,0,Yes,No,4,New Customer,80.6,High Value,319.0,Month-to-month,1,Fiber optic,Mailed check,Yes
0979-MOZQI,Male,0,Yes,No,62,Loyal Customer,39.0,Medium Value,2337.0,Two year,0,DSL,Bank transfer (automatic),No
2732-ISEZX,Female,0,No,No,5,New Customer,20.5,Low Value,104.0,Month-to-month,1,No,Mailed check,No
3313-QKNKB,Male,0,Yes,No,59,Loyal Customer,85.55,High Value,5085.0,One year,0,Fiber optic,Electronic check,Yes
0323-XWWTN,Male,0,No,Yes,3,New Customer,26.4,Low Value,121.0,Two year,0,No,Mailed check,No
1937-OTUKY,Female,0,Yes,No,72,Loyal Customer,98.2,High Value,7016.0,Two year,0,Fiber optic,Bank transfer (automatic),No
1573-LGXBA,Male,0,Yes,Yes,57,Loyal Customer,97.55,High Value,5598.0,One year,0,Fiber optic,Credit card (automatic),No
1764-VUUMT,Male,0,No,Yes,66,Loyal Customer,19.95,Low Value,1269.0,Two year,0,No,Credit card (automatic),No
5073-WXOYN,Female,0,No,No,60,Loyal Customer,50.8,Medium Value,3027.0,Month-to-month,1,DSL,Electronic check,Yes
4713-ZBURT,Male,0,No,Yes,45,Loyal Customer,99.7,High Value,4634.0,Two year,0,Fiber optic,Bank transfer (automatic),No
3050-GBUSH,Female,0,No,No,3,New Customer,34.8,Low Value,114.0,Month-to-month,1,DSL,Credit card (automatic),No
0207-MDKNV,Female,0,No,No,15,Growing Customer,105.1,High Value,1583.0,Month-to-month,1,Fiber optic,Electronic check,Yes
7876-AEHIG,Female,0,No,Yes,51,Loyal Customer,60.15,Medium Value,3077.0,One year,0,DSL,Bank transfer (automatic),No
7945-HLKEA,Female,0,No,No,60,Loyal Customer,64.75,Medium Value,4040.0,One year,0,DSL,Electronic check,No
9342-VNIMQ,Male,0,No,No,33,Loyal Customer,54.65,Medium Value,1665.0,Month-to-month,1,DSL,Bank transfer (automatic),No
9851-KIELU,Male,0,No,No,10,New Customer,110.1,High Value,1043.0,Month-to-month,1,Fiber optic,Electronic check,Yes
3523-BRGUW,Male,1,No,No,26,Loyal Customer,19.3,Low Value,504.0,One year,0,No,Credit card (automatic),No
3908-BLSYF,Female,0,No,No,6,New Customer,83.9,High Value,498.0,Month-to-month,1,Fiber optic,Electronic check,Yes
3199-NPKCN,Female,0,Yes,No,67,Loyal Customer,111.25,High Value,7512.0,One year,0,Fiber optic,Electronic check,No
5170-PTRKA,Female,0,Yes,Yes,49,Loyal Customer,35.8,Medium Value,1782.0,One year,0,DSL,Credit card (automatic),No
4661-NJEUX,Male,0,No,No,1,New Customer,20.05,Low Value,20.0,Month-to-month,1,No,Mailed check,No
2123-AGEEN,Female,1,No,No,7,New Customer,84.35,High Value,610.0,Month-to-month,1,Fiber optic,Electronic check,No
1258-YMZNM,Female,1,No,No,27,Loyal Customer,110.5,High Value,2858.0,One year,0,Fiber optic,Bank transfer (automatic),No
0048-LUMLS,Male,0,Yes,Yes,37,Loyal Customer,91.2,High Value,3248.0,One year,0,Fiber optic,Credit card (automatic),No
7549-MYGPK,Female,0,Yes,Yes,63,Loyal Customer,100.55,High Value,6215.0,Month-to-month,1,Fiber optic,Electronic check,Yes
5898-IGSLP,Male,0,Yes,Yes,31,Loyal Customer,89.3,High Value,2823.0,Month-to-month,1,Fiber optic,Electronic check,No
3804-RVTGV,Male,0,Yes,Yes,50,Loyal Customer,103.85,High Value,5018.0,Month-to-month,1,Fiber optic,Bank transfer (automatic),Yes
6259-WJQLC,Male,1,No,No,32,Loyal Customer,81.1,High Value,2619.0,Month-to-month,1,Fiber optic,Credit card (automatic),No
9227-LUNBG,Female,0,No,No,1,New Customer,24.6,Low Value,25.0,Month-to-month,1,DSL,Electronic check,Yes
7997-EASSD,Female,0,Yes,No,63,Loyal Customer,81.2,High Value,4965.0,One year,0,Fiber optic,Credit card (automatic),No
0730-KOAVE,Male,0,No,No,30,Loyal Customer,94.3,High Value,2680.0,Month-to-month,1,Fiber optic,Credit card (automatic),No
8975-SKGRX,Male,0,Yes,No,71,Loyal Customer,116.1,High Value,8311.0,Two year,0,Fiber optic,Bank transfer (automatic),No
0678-RLHVP,Female,0,No,No,53,Loyal Customer,105.55,High Value,5682.0,Two year,0,Fiber optic,Electronic check,No
4315-MURBD,Female,0,No,No,12,Growing Customer,98.9,High Value,1121.0,Month-to-month,1,Fiber optic,Bank transfer (automatic),Yes
2267-FPIMA,Male,0,Yes,No,50,Loyal Customer,94.4,High Value,4915.0,Month-to-month,1,Fiber optic,Credit card (automatic),No
1051-GEJLJ,Female,0,No,No,2,New Customer,19.5,Low Value,28.0,Month-to-month,1,No,Mailed check,No
9734-YWGEX,Female,0,No,No,9,New Customer,98.3,High Value,924.0,Month-to-month,1,Fiber optic,Credit card (automatic),Yes
2719-BDAQO,Male,0,No,No,17,Growing Customer,93.85,High Value,1626.0,Month-to-month,1,Fiber optic,Electronic check,Yes
5285-MVEHD,Female,0,Yes,No,56,Loyal Customer,105.6,High Value,6069.0,One year,0,Fiber optic,Credit card (automatic),No
0379-DJQHR,Male,0,Yes,Yes,67,Loyal Customer,81.35,High Value,5399.0,Two year,0,DSL,Credit card (automatic),No
0781-LKXBR,Male,1,No,No,9,New Customer,100.5,High Value,919.0,Month-to-month,1,Fiber optic,Electronic check,Yes
5543-QDCRY,Male,0,No,No,4,New Customer,56.4,Medium Value,235.0,Month-to-month,1,DSL,Electronic check,No
0297-RBCSG,Male,0,No,No,19,Growing Customer,65.35,Medium Value,1232.0,One year,0,DSL,Bank transfer (automatic),No
4694-PHWFW,Female,0,No,Yes,8,New Customer,19.95,Low Value,171.0,Month-to-month,1,No,Mailed check,No
0835-JKADZ,Female,0,No,No,71,Loyal Customer,111.25,High Value,7984.0,Two year,0,Fiber optic,Electronic check,No
1907-UBQFC,Male,1,No,No,10,New Customer,72.85,High Value,689.0,Month-to-month,1,Fiber optic,Electronic check,Yes
7508-SMHXL,Female,1,No,No,15,Growing Customer,89.0,High Value,1288.0,Month-to-month,1,Fiber optic,Credit card (automatic),No
3865-YIOTT,Male,0,Yes,Yes,72,Loyal Customer,106.1,High Value,7849.0,One year,0,Fiber optic,Bank transfer (automatic),No
5993-BQHEA,Male,0,No,No,12,Growing Customer,20.05,Low Value,267.0,One year,0,No,Credit card (automatic),No
6024-RUGGH,Male,0,Yes,Yes,72,Loyal Customer,25.2,Low Value,1799.0,Two year,0,No,Bank transfer (automatic),No
6513-EECDB,Male,1,Yes,No,1,New Customer,73.55,High Value,74.0,Month-to-month,1,Fiber optic,Electronic check,Yes
3956-CJUST,Female,1,No,No,23,Growing Customer,75.4,High Value,1644.0,Month-to-month,1,Fiber optic,Bank transfer (automatic),No
4079-WWQQQ,Male,0,No,No,72,Loyal Customer,65.55,Medium Value,4807.0,Two year,0,DSL,Bank transfer (automatic),No
6103-BOCOU,Female,0,No,No,26,Loyal Customer,80.7,High Value,2193.0,Month-to-month,1,Fiber optic,Electronic check,No
5149-TGWDZ,Female,0,No,No,21,Growing Customer,104.55,High Value,2239.0,One year,0,Fiber optic,Mailed check,No
7471-WNSUF,Male,0,Yes,No,60,Loyal Customer,24.15,Low Value,1506.0,One year,0,No,Bank transfer (automatic),No
8942-DBMHZ,Male,0,No,No,12,Growing Customer,20.45,Low Value,255.0,Month-to-month,1,No,Mailed check,No
4301-VVZKA,Male,0,Yes,No,16,Growing Customer,75.4,High Value,1189.0,Month-to-month,1,Fiber optic,Electronic check,No
9199-PWQVC,Female,0,Yes,No,63,Loyal Customer,79.7,High Value,4786.0,One year,0,DSL,Credit card (automatic),No
4824-GUCBY,Female,1,No,No,22,Growing Customer,81.7,High Value,1821.0,Month-to-month,1,Fiber optic,Electronic check,No
5393-HJZSM,Female,0,Yes,Yes,32,Loyal Customer,76.3,High Value,2404.0,Month-to-month,1,DSL,Bank transfer (automatic),No
7074-IEVOJ,Female,1,No,No,3,New Customer,79.4,High Value,205.0,Month-to-month,1,Fiber optic,Electronic check,Yes
9625-QSTYE,Female,0,No,No,13,Growing Customer,81.15,High Value,952.0,Month-to-month,1,Fiber optic,Electronic check,Yes
0862-PRCBS,Female,0,Yes,Yes,68,Loyal Customer,103.75,High Value,7039.0,Two year,0,Fiber optic,Credit card (automatic),No
8812-ZRHFP,Female,0,Yes,Yes,30,Loyal Customer,86.45,High Value,2538.0,One year,0,Fiber optic,Electronic check,No
5146-CBVOE,Female,0,No,No,16,Growing Customer,75.1,High Value,1213.0,Month-to-month,1,Fiber optic,Bank transfer (automatic),No
0454-OKRCT,Male,0,No,No,33,Loyal Customer,80.6,High Value,2651.0,Two year,0,Fiber optic,Bank transfer (automatic),No
5787-KXGIY,Male,0,Yes,No,72,Loyal Customer,19.3,Low Value,1305.0,Two year,0,No,Credit card (automatic),No
4750-ZRXIU,Female,1,No,No,4,New Customer,84.6,High Value,360.0,Month-to-month,1,Fiber optic,Electronic check,Yes
4198-VFOEA,Female,0,No,No,12,Growing Customer,33.6,Low Value,435.0,One year,0,DSL,Mailed check,No
6630-UJZMY,Female,1,Yes,No,4,New Customer,83.25,High Value,308.0,Month-to-month,1,Fiber optic,Electronic check,No
5709-LVOEQ,Female,0,Yes,Yes,0,New Customer,80.85,High Value,,Two year,0,DSL,Mailed check,No
6400-BWQKW,Female,0,No,No,6,New Customer,79.05,High Value,435.0,Month-to-month,1,Fiber optic,Electronic check,Yes
2692-AQCPF,Female,0,Yes,No,65,Loyal Customer,108.05,High Value,7119.0,One year,0,Fiber optic,Credit card (automatic),No
0347-UBKUZ,Female,0,No,No,15,Growing Customer,19.9,Low Value,320.0,Month-to-month,1,No,Mailed check,No
0835-DUUIQ,Female,0,No,Yes,24,Loyal Customer,21.05,Low Value,532.0,One year,0,No,Bank transfer (automatic),No
0811-GSDTP,Female,0,No,Yes,13,Growing Customer,30.15,Low Value,382.0,Month-to-month,1,DSL,Electronic check,No
7567-ECMCM,Male,0,No,No,24,Loyal Customer,79.85,High Value,2001.0,Month-to-month,1,Fiber optic,Credit card (automatic),No
6115-ZTBFQ,Female,0,Yes,No,72,Loyal Customer,65.5,Medium Value,4920.0,Two year,0,DSL,Bank transfer (automatic),No
6353-BRMMA,Female,0,Yes,Yes,54,Loyal Customer,104.1,High Value,5646.0,Month-to-month,1,Fiber optic,Bank transfer (automatic),No
6680-WKXRZ,Female,0,No,No,3,New Customer,74.4,High Value,216.0,Month-to-month,1,Fiber optic,Bank transfer (automatic),Yes
6231-WFGFH,Male,0,Yes,Yes,4,New Customer,20.5,Low Value,78.0,Month-to-month,1,No,Mailed check,No
9904-EHEVJ,Female,1,Yes,Yes,32,Loyal Customer,91.35,High Value,2897.0,Month-to-month,1,Fiber optic,Mailed check,No
7028-DVOIQ,Male,1,No,No,35,Loyal Customer,99.05,High Value,3396.0,Month-to-month,1,Fiber optic,Electronic check,Yes
6169-PPETC,Male,0,Yes,Yes,35,Loyal Customer,20.5,Low Value,759.0,Two year,0,No,Bank transfer (automatic),No
4208-UFFGW,Male,1,No,No,2,New Customer,44.95,Medium Value,85.0,Month-to-month,1,DSL,Mailed check,Yes
8584-KMVXD,Female,0,No,No,8,New Customer,75.6,High Value,536.0,Month-to-month,1,Fiber optic,Electronic check,No
8467-WYNSR,Male,0,No,No,22,Growing Customer,55.1,Medium Value,1253.0,Month-to-month,1,DSL,Mailed check,No
0851-DFJKB,Female,0,No,No,15,Growing Customer,58.95,Medium Value,955.0,Month-to-month,1,DSL,Electronic check,No
5382-SOYZL,Male,0,No,No,22,Growing Customer,95.1,High Value,2163.0,Month-to-month,1,Fiber optic,Electronic check,No
9448-REEVD,Male,0,Yes,No,1,New Customer,44.7,Medium Value,45.0,Month-to-month,1,DSL,Credit card (automatic),Yes
3261-CQXOL,Female,0,Yes,Yes,71,Loyal Customer,25.45,Low Value,1813.0,Two year,0,No,Bank transfer (automatic),No
8388-FYNPZ,Male,0,No,No,4,New Customer,56.75,Medium Value,245.0,Month-to-month,1,DSL,Electronic check,No
4002-BQWPQ,Male,0,No,No,25,Loyal Customer,81.75,High Value,2029.0,Month-to-month,1,DSL,Bank transfer (automatic),No
5651-YLPRD,Female,0,Yes,Yes,32,Loyal Customer,86.1,High Value,2724.0,Month-to-month,1,Fiber optic,Electronic check,No
2826-DXLQO,Male,1,Yes,No,7,New Customer,29.8,Low Value,220.0,Month-to-month,1,DSL,Bank transfer (automatic),No
4378-BZYFP,Male,0,No,No,17,Growing Customer,20.5,Low Value,366.0,One year,0,No,Mailed check,No
9489-UTFKA,Male,1,Yes,No,8,New Customer,60.9,Medium Value,552.0,Month-to-month,1,DSL,Bank transfer (automatic),No
4849-PYRLQ,Female,1,No,No,56,Loyal Customer,73.25,High Value,4054.0,Two year,0,DSL,Bank transfer (automatic),No
9117-SHLZX,Male,0,No,No,1,New Customer,45.7,Medium Value,46.0,Month-to-month,1,DSL,Mailed check,Yes
9889-TMAHG,Male,1,No,No,8,New Customer,100.3,High Value,832.0,Month-to-month,1,Fiber optic,Credit card (automatic),Yes
4541-RMRLG,Male,0,No,No,7,New Customer,19.25,Low Value,112.0,Month-to-month,1,No,Electronic check,Yes
7764-BDPEE,Male,0,No,Yes,3,New Customer,20.85,Low Value,61.0,Month-to-month,1,No,Mailed check,No
3429-IFLEM,Female,0,No,No,71,Loyal Customer,77.35,High Value,5550.0,Two year,0,DSL,Credit card (automatic),No
3158-MOERK,Female,0,No,No,2,New Customer,96.0,High Value,175.0,Month-to-month,1,Fiber optic,Electronic check,Yes
7294-TMAOP,Female,0,No,No,1,New Customer,90.55,High Value,91.0,Month-to-month,1,Fiber optic,Electronic check,Yes
5002-GCQFH,Male,0,Yes,No,49,Loyal Customer,93.85,High Value,4733.0,Month-to-month,1,Fiber optic,Bank transfer (automatic),No
0556-FJEGU,Male,0,No,No,58,Loyal Customer,70.1,High Value,4049.0,Two year,0,DSL,Bank transfer (automatic),No
8919-FYFQZ,Male,1,Yes,No,44,Loyal Customer,30.35,Low Value,1360.0,Month-to-month,1,DSL,Electronic check,Yes
0604-THJFP,Female,0,Yes,Yes,59,Loyal Customer,75.95,High Value,4542.0,Two year,0,DSL,Credit card (automatic),No
2834-JRTUA,Male,0,No,No,71,Loyal Customer,108.05,High Value,7532.0,Two year,0,Fiber optic,Electronic check,Yes
5875-YPQFJ,Male,0,No,No,1,New Customer,69.9,Medium Value,70.0,Month-to-month,1,Fiber optic,Electronic check,Yes
5879-SESNB,Female,0,No,No,11,New Customer,75.25,High Value,889.0,Month-to-month,1,Fiber optic,Electronic check,No
6646-QVXLR,Male,1,Yes,No,62,Loyal Customer,103.75,High Value,6383.0,One year,0,Fiber optic,Electronic check,Yes
6461-PPAXN,Female,0,Yes,Yes,35,Loyal Customer,54.95,Medium Value,1916.0,One year,0,DSL,Bank transfer (automatic),No
3318-ISQFQ,Female,0,No,No,20,Growing Customer,19.5,Low Value,413.0,Month-to-month,1,No,Bank transfer (automatic),No
1106-HRLKZ,Male,0,Yes,Yes,40,Loyal Customer,19.6,Low Value,809.0,Two year,0,No,Mailed check,No
2483-XSSMZ,Female,0,No,No,39,Loyal Customer,47.85,Medium Value,1886.0,One year,0,DSL,Electronic check,No
8603-IJWDN,Male,0,No,No,1,New Customer,86.6,High Value,87.0,Month-to-month,1,Fiber optic,Electronic check,Yes
8165-ZJRNM,Female,0,Yes,Yes,72,Loyal Customer,23.75,Low Value,1679.0,Two year,0,No,Bank transfer (automatic),No
9369-XFEHK,Female,1,Yes,No,33,Loyal Customer,80.6,High Value,2657.0,Month-to-month,1,Fiber optic,Bank transfer (automatic),Yes
2604-XVDAM,Female,0,No,No,12,Growing Customer,43.8,Medium Value,541.0,Month-to-month,1,DSL,Bank transfer (automatic),No
3717-OFRTN,Male,0,No,No,1,New Customer,19.75,Low Value,20.0,Month-to-month,1,No,Bank transfer (automatic),No
9046-JBFWA,Male,0,No,Yes,27,Loyal Customer,19.15,Low Value,537.0,Month-to-month,1,No,Mailed check,No
3280-NMUVX,Male,0,Yes,Yes,34,Loyal Customer,19.6,Low Value,679.0,One year,0,No,Credit card (automatic),No
1206-EHBDD,Female,0,Yes,No,56,Loyal Customer,80.3,High Value,4514.0,Two year,0,Fiber optic,Bank transfer (automatic),No
8361-LBRDI,Female,0,No,No,58,Loyal Customer,24.35,Low Value,1424.0,Two year,0,No,Credit card (automatic),No
4883-KCPZJ,Female,0,Yes,Yes,22,Growing Customer,25.25,Low Value,555.0,Two year,0,No,Credit card (automatic),No
9108-EQPNQ,Female,0,Yes,Yes,10,New Customer,26.1,Low Value,226.0,Two year,0,No,Credit card (automatic),No
7277-KAMWT,Male,0,No,No,13,Growing Customer,20.0,Low Value,268.0,Two year,0,No,Credit card (automatic),No
3842-IYKUE,Female,0,No,No,35,Loyal Customer,85.3,High Value,2918.0,Month-to-month,1,Fiber optic,Credit card (automatic),Yes
6641-XRPSU,Female,0,No,No,34,Loyal Customer,70.0,High Value,2416.0,Month-to-month,1,Fiber optic,Credit card (automatic),Yes
1374-DMZUI,Female,1,No,No,4,New Customer,94.3,High Value,424.0,Month-to-month,1,Fiber optic,Electronic check,Yes
2545-LXYVJ,Male,0,Yes,No,72,Loyal Customer,20.7,Low Value,1492.0,Two year,0,No,Bank transfer (automatic),No
3234-VKACU,Male,0,No,No,2,New Customer,70.3,High Value,132.0,Month-to-month,1,DSL,Electronic check,No
8357-EQXFO,Female,0,No,No,7,New Customer,95.35,High Value,661.0,Month-to-month,1,Fiber optic,Electronic check,Yes
1989-PRJHP,Male,1,Yes,No,27,Loyal Customer,75.5,High Value,1894.0,Month-to-month,1,Fiber optic,Electronic check,Yes
8120-JDCAM,Male,0,Yes,Yes,4,New Customer,69.55,Medium Value,285.0,Month-to-month,1,Fiber optic,Mailed check,No
8917-FAEMR,Female,0,No,No,37,Loyal Customer,19.85,Low Value,784.0,Two year,0,No,Mailed check,No
7047-YXDMZ,Male,0,No,No,21,Growing Customer,20.0,Low Value,418.0,Month-to-month,1,No,Mailed check,No
2858-EIMXH,Female,1,Yes,No,53,Loyal Customer,95.85,High Value,5016.0,One year,0,Fiber optic,Credit card (automatic),No
9524-EGPJC,Female,0,No,No,18,Growing Customer,90.1,High Value,1613.0,Month-to-month,1,Fiber optic,Electronic check,Yes
6993-OHLXR,Female,0,No,No,2,New Customer,68.95,Medium Value,120.0,Month-to-month,1,Fiber optic,Electronic check,Yes
8818-XYFCQ,Male,0,Yes,Yes,32,Loyal Customer,99.55,High Value,3205.0,Month-to-month,1,Fiber optic,Credit card (automatic),Yes
6419-ZTTLE,Male,1,Yes,No,23,Growing Customer,20.75,Low Value,485.0,One year,0,No,Electronic check,No
0929-HYQEW,Male,0,No,No,3,New Customer,50.15,Medium Value,161.0,Month-to-month,1,DSL,Mailed check,No
6614-YOLAC,Female,0,Yes,Yes,71,Loyal Customer,58.65,Medium Value,4145.0,Two year,0,DSL,Mailed check,No
7426-RHZGU,Male,0,No,No,9,New Customer,95.9,High Value,827.0,Month-to-month,1,Fiber optic,Bank transfer (automatic),No
4065-JJAVA,Female,0,No,No,1,New Customer,49.5,Medium Value,50.0,Month-to-month,1,DSL,Electronic check,No
4695-VADHF,Male,0,Yes,Yes,18,Growing Customer,57.45,Medium Value,991.0,Month-to-month,1,DSL,Electronic check,Yes
3863-IUBJR,Male,0,Yes,Yes,12,Growing Customer,53.65,Medium Value,696.0,One year,0,DSL,Credit card (automatic),Yes
7649-SIJJF,Male,0,Yes,No,71,Loyal Customer,80.1,High Value,5585.0,Two year,0,DSL,Mailed check,No
9361-YNQWJ,Female,0,No,No,64,Loyal Customer,24.4,Low Value,1601.0,One year,0,No,Bank transfer (automatic),No
3748-FVMZZ,Male,0,No,No,4,New Customer,40.05,Medium Value,162.0,Month-to-month,1,DSL,Electronic check,No
9391-TTOYH,Female,0,No,No,23,Growing Customer,19.5,Low Value,470.0,Month-to-month,1,No,Mailed check,No
1452-XRSJV,Female,0,Yes,Yes,39,Loyal Customer,51.05,Medium Value,2066.0,Month-to-month,1,DSL,Credit card (automatic),No
3422-WJOYD,Male,0,Yes,No,28,Loyal Customer,54.35,Medium Value,1426.0,One year,0,DSL,Mailed check,No
8242-SOQUO,Female,1,No,No,5,New Customer,84.7,High Value,393.0,Month-to-month,1,Fiber optic,Electronic check,No
7460-ITWWP,Female,1,Yes,No,45,Loyal Customer,86.1,High Value,3861.0,Month-to-month,1,Fiber optic,Electronic check,No
7147-AYBAA,Male,0,No,No,37,Loyal Customer,70.35,High Value,2553.0,Month-to-month,1,Fiber optic,Mailed check,No
7868-TMWMZ,Female,1,Yes,No,60,Loyal Customer,110.0,High Value,6668.0,Two year,0,Fiber optic,Bank transfer (automatic),No
4822-RVYBB,Male,1,No,No,8,New Customer,100.6,High Value,819.0,Month-to-month,1,Fiber optic,Electronic check,Yes
6732-FZUGP,Female,0,No,No,47,Loyal Customer,94.9,High Value,4615.0,One year,0,Fiber optic,Credit card (automatic),No
8436-BJUMM,Male,0,Yes,Yes,26,Loyal Customer,83.75,High Value,2071.0,Month-to-month,1,Fiber optic,Electronic check,Yes
4184-TJFAN,Female,1,Yes,Yes,3,New Customer,88.3,High Value,274.0,Month-to-month,1,Fiber optic,Mailed check,Yes
8329-GWVPJ,Female,0,Yes,Yes,50,Loyal Customer,69.75,Medium Value,3558.0,Month-to-month,1,Fiber optic,Bank transfer (automatic),No
1352-VHKAJ,Male,0,Yes,Yes,27,Loyal Customer,71.6,High Value,1957.0,Month-to-month,1,DSL,Bank transfer (automatic),No
4145-UQXUQ,Female,1,No,No,8,New Customer,92.1,High Value,730.0,Month-to-month,1,Fiber optic,Electronic check,Yes
2632-TACXW,Female,0,Yes,No,62,Loyal Customer,23.65,Low Value,1417.0,Two year,0,No,Bank transfer (automatic),No
8146-QQKZH,Female,0,Yes,No,71,Loyal Customer,81.85,High Value,5924.0,Two year,0,DSL,Bank transfer (automatic),No
1767-CJKBA,Male,0,No,No,66,Loyal Customer,25.1,Low Value,1698.0,Two year,0,No,Mailed check,No
6445-TNRXS,Male,0,Yes,Yes,68,Loyal Customer,114.7,High Value,7850.0,Two year,0,Fiber optic,Bank transfer (automatic),No
4581-LNWUM,Female,0,No,No,13,Growing Customer,49.15,Medium Value,649.0,Month-to-month,1,DSL,Electronic check,No
4869-EPIUS,Male,0,Yes,No,56,Loyal Customer,80.9,High Value,4558.0,One year,0,Fiber optic,Electronic check,No
9948-YPTDG,Male,0,Yes,No,38,Loyal Customer,79.45,High Value,3013.0,Month-to-month,1,Fiber optic,Electronic check,Yes
1236-WFCDV,Male,1,No,No,14,Growing Customer,90.45,High Value,1266.0,Month-to-month,1,Fiber optic,Credit card (automatic),Yes
1915-OAKWD,Female,0,No,Yes,16,Growing Customer,19.3,Low Value,360.0,One year,0,No,Bank transfer (automatic),No
7296-PIXQY,Female,0,Yes,Yes,14,Growing Customer,70.2,High Value,1047.0,Month-to-month,1,Fiber optic,Electronic check,No
4883-QICIH,Male,0,Yes,Yes,32,Loyal Customer,69.75,Medium Value,2348.0,Month-to-month,1,Fiber optic,Bank transfer (automatic),Yes
3354-OADJP,Female,0,No,No,8,New Customer,54.25,Medium Value,448.0,One year,0,DSL,Bank transfer (automatic),No
3524-WQDSG,Female,0,Yes,Yes,43,Loyal Customer,99.3,High Value,4210.0,Month-to-month,1,Fiber optic,Bank transfer (automatic),No
0810-DHDBD,Female,0,No,No,52,Loyal Customer,74.0,High Value,3878.0,One year,0,DSL,Credit card (automatic),No
4026-SKKHW,Male,0,No,No,3,New Customer,50.25,Medium Value,152.0,Month-to-month,1,DSL,Mailed check,No
2829-HYVZP,Male,0,No,No,29,Loyal Customer,19.8,Low Value,572.0,One year,0,No,Mailed check,No
8329-IBCTI,Female,0,No,No,1,New Customer,19.65,Low Value,20.0,Month-to-month,1,No,Mailed check,Yes
1271-SJBGZ,Male,1,No,No,12,Growing Customer,43.65,Medium Value,527.0,Month-to-month,1,DSL,Electronic check,Yes
3845-JHAMY,Female,0,Yes,Yes,16,Growing Customer,35.5,Medium Value,553.0,Month-to-month,1,DSL,Credit card (automatic),No
7013-PSXHK,Female,0,No,No,40,Loyal Customer,80.75,High Value,3209.0,One year,0,DSL,Mailed check,No
5669-SRAIP,Female,0,No,No,5,New Customer,39.5,Medium Value,211.0,Month-to-month,1,DSL,Electronic check,Yes
5981-ITEMU,Male,0,Yes,No,40,Loyal Customer,97.1,High Value,3707.0,Month-to-month,1,Fiber optic,Bank transfer (automatic),Yes
3486-NPGST,Female,0,No,No,36,Loyal Customer,19.55,Low Value,621.0,One year,0,No,Mailed check,No
6941-PMGEP,Female,0,No,No,5,New Customer,80.0,High Value,413.0,Month-to-month,1,Fiber optic,Electronic check,Yes
1624-WOIWJ,Female,0,No,No,10,New Customer,84.7,High Value,832.0,Month-to-month,1,Fiber optic,Mailed check,Yes
2074-GKOWZ,Male,0,Yes,Yes,2,New Customer,89.55,High Value,186.0,Month-to-month,1,Fiber optic,Bank transfer (automatic),Yes
0376-YMCJC,Male,0,No,No,23,Growing Customer,90.6,High Value,1943.0,Month-to-month,1,Fiber optic,Electronic check,Yes
6100-FJZDG,Male,0,Yes,Yes,26,Loyal Customer,20.05,Low Value,506.0,One year,0,No,Bank transfer (automatic),No
4829-ZLJTK,Female,1,Yes,No,72,Loyal Customer,112.4,High Value,8047.0,Two year,0,Fiber optic,Electronic check,No
1730-VFMWO,Female,0,Yes,No,34,Loyal Customer,50.2,Medium Value,1815.0,Month-to-month,1,DSL,Bank transfer (automatic),No
7143-BQIBA,Male,0,No,No,10,New Customer,62.25,Medium Value,613.0,Month-to-month,1,DSL,Bank transfer (automatic),No
3800-LYTRK,Female,0,No,No,14,Growing Customer,55.7,Medium Value,795.0,One year,0,DSL,Mailed check,No
0634-SZPQA,Female,0,No,No,23,Growing Customer,90.05,High Value,2170.0,Month-to-month,1,Fiber optic,Bank transfer (automatic),Yes
9646-NMHXE,Male,0,Yes,No,47,Loyal Customer,19.65,Low Value,973.0,Two year,0,No,Mailed check,No
7030-NJVDP,Male,0,Yes,No,24,Loyal Customer,89.25,High Value,2210.0,Month-to-month,1,Fiber optic,Electronic check,No
5536-RTPWK,Male,0,Yes,No,49,Loyal Customer,99.05,High Value,4854.0,Month-to-month,1,Fiber optic,Bank transfer (automatic),Yes
8883-GRDWQ,Male,1,No,No,20,Growing Customer,54.0,Medium Value,1056.0,One year,0,DSL,Mailed check,No
6166-ILMNY,Female,0,No,No,2,New Customer,69.75,Medium Value,145.0,Month-to-month,1,Fiber optic,Bank transfer (automatic),Yes
3097-NNSPB,Female,0,No,No,2,New Customer,49.05,Medium Value,91.0,Month-to-month,1,DSL,Credit card (automatic),Yes
7771-ZONAT,Male,0,No,No,22,Growing Customer,56.75,Medium Value,1305.0,Two year,0,DSL,Bank transfer (automatic),No
0655-RBDUG,Male,0,No,No,7,New Customer,98.05,High Value,713.0,Month-to-month,1,Fiber optic,Bank transfer (automatic),Yes
2111-DWYHN,Male,0,No,No,1,New Customer,21.1,Low Value,21.0,Month-to-month,1,No,Mailed check,No
4194-WHFCB,Female,0,Yes,Yes,59,Loyal Customer,96.65,High Value,5581.0,Month-to-month,1,Fiber optic,Bank transfer (automatic),No
4121-AGSIN,Female,0,Yes,Yes,58,Loyal Customer,24.5,Low Value,1498.0,One year,0,No,Credit card (automatic),No
4361-BKAXE,Female,0,No,No,41,Loyal Customer,114.5,High Value,4527.0,Month-to-month,1,Fiber optic,Bank transfer (automatic),Yes
9845-PEEKO,Female,1,No,No,59,Loyal Customer,79.2,High Value,4590.0,Two year,0,Fiber optic,Credit card (automatic),No
0455-XFASS,Female,0,Yes,Yes,3,New Customer,69.55,Medium Value,200.0,Month-to-month,1,Fiber optic,Electronic check,No
0301-KOBTQ,Male,0,No,No,32,Loyal Customer,20.05,Low Value,614.0,Two year,0,No,Bank transfer (automatic),No
1751-NCDLI,Male,1,Yes,No,46,Loyal Customer,98.85,High Value,4565.0,Month-to-month,1,Fiber optic,Electronic check,No
4367-NUYAO,Male,0,Yes,Yes,0,New Customer,25.75,Low Value,,Two year,0,No,Mailed check,No
9878-TNQGW,Male,0,No,No,2,New Customer,80.95,High Value,171.0,Month-to-month,1,Fiber optic,Electronic check,Yes
9170-ARBTB,Female,0,Yes,Yes,52,Loyal Customer,19.6,Low Value,1012.0,One year,0,No,Credit card (automatic),No
4441-NIHPT,Female,1,No,No,13,Growing Customer,74.3,High Value,940.0,Month-to-month,1,Fiber optic,Electronic check,Yes
8999-BOHSE,Female,1,No,No,11,New Customer,89.7,High Value,1048.0,Month-to-month,1,Fiber optic,Bank transfer (automatic),Yes
7241-AJHFS,Male,0,No,No,32,Loyal Customer,87.65,High Value,2766.0,Month-to-month,1,Fiber optic,Bank transfer (automatic),No
7029-RPUAV,Male,1,Yes,No,17,Growing Customer,100.45,High Value,1622.0,Month-to-month,1,Fiber optic,Credit card (automatic),Yes
4546-FOKWR,Female,0,No,No,16,Growing Customer,74.75,High Value,1129.0,Month-to-month,1,Fiber optic,Credit card (automatic),No
9036-CSKBW,Female,0,No,No,51,Loyal Customer,107.45,High Value,5681.0,One year,0,Fiber optic,Bank transfer (automatic),No
5832-TRLPB,Male,0,No,No,29,Loyal Customer,75.35,High Value,2244.0,One year,0,DSL,Bank transfer (automatic),No
8590-YFFQO,Male,0,Yes,No,70,Loyal Customer,64.95,Medium Value,4523.0,Two year,0,DSL,Credit card (automatic),No
8659-IOOPU,Female,0,Yes,Yes,71,Loyal Customer,100.45,High Value,7160.0,Two year,0,Fiber optic,Electronic check,No
1338-CECEE,Male,0,Yes,Yes,41,Loyal Customer,68.5,Medium Value,2840.0,One year,0,DSL,Bank transfer (automatic),No
7439-DKZTW,Male,0,No,No,1,New Customer,80.55,High Value,81.0,Month-to-month,1,Fiber optic,Electronic check,No
4646-QZXTF,Female,0,Yes,No,7,New Customer,81.25,High Value,580.0,Month-to-month,1,DSL,Bank transfer (automatic),No
4607-CHPCA,Male,0,Yes,Yes,25,Loyal Customer,90.4,High Value,2179.0,One year,0,Fiber optic,Electronic check,Yes
9742-XOKTS,Male,0,Yes,Yes,67,Loyal Customer,89.55,High Value,6039.0,One year,0,Fiber optic,Electronic check,No
6921-OZMFH,Male,0,Yes,Yes,5,New Customer,55.7,Medium Value,259.0,Month-to-month,1,DSL,Mailed check,No
9578-FOMUK,Male,0,No,Yes,15,Growing Customer,24.8,Low Value,324.0,Month-to-month,1,No,Electronic check,No
4712-UYOOI,Female,0,Yes,Yes,20,Growing Customer,20.0,Low Value,418.0,Month-to-month,1,No,Electronic check,No
8824-RWFXJ,Male,0,Yes,Yes,3,New Customer,56.15,Medium Value,168.0,Month-to-month,1,DSL,Mailed check,Yes
7722-CVFXN,Male,0,Yes,Yes,54,Loyal Customer,105.2,High Value,5638.0,One year,0,Fiber optic,Electronic check,No
8717-VCTXJ,Male,0,No,No,42,Loyal Customer,19.55,Low Value,839.0,One year,0,No,Mailed check,No
7363-QTBIW,Female,0,Yes,No,9,New Customer,79.75,High Value,769.0,Month-to-month,1,Fiber optic,Electronic check,No
4159-NAAIX,Female,0,No,No,63,Loyal Customer,97.45,High Value,6253.0,Two year,0,Fiber optic,Bank transfer (automatic),No
0971-QIFJK,Female,0,Yes,No,69,Loyal Customer,24.25,Low Value,1642.0,Two year,0,No,Bank transfer (automatic),No
9397-TZSHA,Female,0,No,No,69,Loyal Customer,24.6,Low Value,1678.0,Two year,0,No,Credit card (automatic),No
3391-JSQEW,Male,0,Yes,No,40,Loyal Customer,50.15,Medium Value,2059.0,Month-to-month,1,DSL,Mailed check,No
0343-QLUZP,Male,0,No,No,60,Loyal Customer,39.6,Medium Value,2425.0,Two year,0,DSL,Bank transfer (automatic),No
9763-PDTKK,Female,0,No,No,4,New Customer,94.4,High Value,387.0,Month-to-month,1,Fiber optic,Bank transfer (automatic),Yes
2176-LVPNX,Female,1,No,No,71,Loyal Customer,89.85,High Value,6293.0,Two year,0,DSL,Mailed check,No
7627-JKIAZ,Female,0,Yes,No,37,Loyal Customer,78.95,High Value,2840.0,Month-to-month,1,Fiber optic,Credit card (automatic),Yes
3312-UUMZW,Male,0,Yes,No,32,Loyal Customer,98.85,High Value,3146.0,Month-to-month,1,Fiber optic,Credit card (automatic),No
1271-UODNO,Male,0,No,No,39,Loyal Customer,53.85,Medium Value,2201.0,Two year,0,DSL,Credit card (automatic),No
8461-EFQYM,Female,0,No,No,38,Loyal Customer,24.25,Low Value,914.0,One year,0,No,Electronic check,No
6900-RBKER,Male,0,No,No,52,Loyal Customer,89.45,High Value,4578.0,Two year,0,Fiber optic,Credit card (automatic),No
6891-JPYFF,Female,0,Yes,Yes,48,Loyal Customer,105.25,High Value,4998.0,Month-to-month,1,Fiber optic,Credit card (automatic),No
1459-QNFQT,Male,0,Yes,Yes,70,Loyal Customer,59.5,Medium Value,4145.0,Two year,0,DSL,Bank transfer (automatic),No
1047-NNCBF,Male,0,No,No,20,Growing Customer,70.55,High Value,1494.0,Month-to-month,1,Fiber optic,Credit card (automatic),No
3696-XRIEN,Female,0,No,No,50,Loyal Customer,82.5,High Value,4179.0,One year,0,DSL,Credit card (automatic),No
4081-DYXAV,Female,0,No,No,19,Growing Customer,44.85,Medium Value,894.0,One year,0,DSL,Credit card (automatic),Yes
0074-HDKDG,Male,0,Yes,Yes,25,Loyal Customer,61.6,Medium Value,1611.0,One year,0,DSL,Bank transfer (automatic),No
8791-GFXLZ,Male,0,No,No,12,Growing Customer,49.05,Medium Value,593.0,Month-to-month,1,DSL,Bank transfer (automatic),No
8111-SLLHI,Male,1,Yes,No,39,Loyal Customer,105.65,High Value,4285.0,Month-to-month,1,Fiber optic,Electronic check,Yes
0927-LCSMG,Male,0,No,No,7,New Customer,74.65,High Value,545.0,Month-to-month,1,Fiber optic,Mailed check,Yes
9330-DHBFL,Female,0,Yes,Yes,23,Growing Customer,66.25,Medium Value,1534.0,One year,0,DSL,Mailed check,No
0098-BOWSO,Male,0,No,No,27,Loyal Customer,19.4,Low Value,530.0,Month-to-month,1,No,Electronic check,No
3452-ABWRL,Male,1,No,No,47,Loyal Customer,86.05,High Value,3866.0,Month-to-month,1,Fiber optic,Credit card (automatic),No
5859-HZYLF,Male,0,Yes,Yes,26,Loyal Customer,19.15,Low Value,516.0,Two year,0,No,Credit card (automatic),No
8257-RZAHR,Female,0,Yes,No,14,Growing Customer,64.7,Medium Value,941.0,Month-to-month,1,DSL,Bank transfer (automatic),Yes
5293-WXJAK,Female,1,Yes,No,11,New Customer,104.05,High Value,1134.0,Month-to-month,1,Fiber optic,Bank transfer (automatic),Yes
3156-QLHBO,Male,0,No,Yes,2,New Customer,19.25,Low Value,48.0,Month-to-month,1,No,Mailed check,No
2208-NQBCT,Female,0,Yes,Yes,26,Loyal Customer,81.95,High Value,2070.0,Month-to-month,1,Fiber optic,Electronic check,No
1779-PWPMG,Female,1,Yes,No,72,Loyal Customer,114.65,High Value,8334.0,Two year,0,Fiber optic,Bank transfer (automatic),No
6621-NRZAK,Female,0,Yes,Yes,63,Loyal Customer,20.0,Low Value,1209.0,Two year,0,No,Credit card (automatic),No
0831-JNISG,Male,0,Yes,Yes,71,Loyal Customer,19.8,Low Value,1396.0,Two year,0,No,Mailed check,No
0774-IFUVM,Male,0,Yes,Yes,11,New Customer,65.15,Medium Value,723.0,Month-to-month,1,DSL,Bank transfer (automatic),No
3082-WQRVY,Male,1,Yes,No,14,Growing Customer,19.65,Low Value,229.0,One year,0,No,Mailed check,No
9553-DLCLU,Female,0,No,Yes,13,Growing Customer,88.95,High Value,1162.0,Two year,0,DSL,Credit card (automatic),No
1641-BYBTK,Male,0,No,Yes,6,New Customer,20.2,Low Value,98.0,Month-to-month,1,No,Mailed check,No
2460-NGXBJ,Male,1,Yes,Yes,11,New Customer,75.2,High Value,775.0,Month-to-month,1,Fiber optic,Credit card (automatic),No
2446-ZKVAF,Male,0,Yes,No,18,Growing Customer,56.8,Medium Value,1075.0,Month-to-month,1,DSL,Credit card (automatic),No
0841-NULXI,Male,0,No,No,1,New Customer,35.55,Medium Value,36.0,Month-to-month,1,DSL,Electronic check,Yes
3522-CDKHF,Female,0,Yes,No,32,Loyal Customer,75.5,High Value,2325.0,Month-to-month,1,Fiber optic,Bank transfer (automatic),No
1430-SFQSA,Male,0,No,No,29,Loyal Customer,35.6,Medium Value,1073.0,One year,0,DSL,Mailed check,No
0411-EZJZE,Female,0,No,No,3,New Customer,60.25,Medium Value,171.0,Month-to-month,1,DSL,Electronic check,No
7851-WZEKY,Female,0,No,No,2,New Customer,95.15,High Value,197.0,Month-to-month,1,Fiber optic,Electronic check,Yes
8844-TONUD,Male,0,Yes,Yes,13,Growing Customer,96.65,High Value,1163.0,Month-to-month,1,Fiber optic,Mailed check,Yes
8807-ARQET,Female,0,No,No,41,Loyal Customer,40.35,Medium Value,1678.0,Month-to-month,1,DSL,Electronic check,No
8992-CEUEN,Female,0,No,No,1,New Customer,18.85,Low Value,19.0,Month-to-month,1,No,Electronic check,No
4320-QMLLA,Male,0,No,No,7,New Customer,54.85,Medium Value,370.0,Month-to-month,1,DSL,Mailed check,No
8777-PVYGU,Female,0,Yes,No,52,Loyal Customer,64.3,Medium Value,3411.0,One year,0,DSL,Mailed check,No
8292-ITGYJ,Female,0,Yes,Yes,45,Loyal Customer,24.65,Low Value,1139.0,Two year,0,No,Bank transfer (automatic),No
6870-ZWMNX,Male,0,Yes,No,70,Loyal Customer,76.1,High Value,5264.0,Two year,0,DSL,Credit card (automatic),No
0621-CXBKL,Female,0,No,No,53,Loyal Customer,18.7,Low Value,1006.0,Two year,0,No,Mailed check,No
5268-DSMNQ,Female,1,Yes,No,62,Loyal Customer,97.95,High Value,5937.0,One year,0,Fiber optic,Credit card (automatic),No
5334-JLAXU,Female,0,Yes,No,60,Loyal Customer,94.1,High Value,5476.0,Month-to-month,1,Fiber optic,Credit card (automatic),No
4086-YQSNZ,Female,1,Yes,No,3,New Customer,80.4,High Value,224.0,Month-to-month,1,Fiber optic,Electronic check,Yes
6242-MBHPK,Female,1,Yes,No,23,Growing Customer,95.1,High Value,2326.0,Month-to-month,1,Fiber optic,Electronic check,No
5868-CZJDR,Male,0,No,Yes,1,New Customer,31.35,Low Value,31.0,Month-to-month,1,DSL,Mailed check,Yes
9359-UGBTK,Female,0,No,No,67,Loyal Customer,72.35,High Value,4992.0,One year,0,DSL,Bank transfer (automatic),No
0135-NMXAP,Female,0,No,No,12,Growing Customer,89.75,High Value,1052.0,Month-to-month,1,Fiber optic,Bank transfer (automatic),Yes
4782-OSFXZ,Female,1,Yes,No,71,Loyal Customer,82.7,High Value,5831.0,Two year,0,DSL,Bank transfer (automatic),No
6479-OAUSD,Male,0,No,No,25,Loyal Customer,19.9,Low Value,511.0,One year,0,No,Credit card (automatic),No
7129-ACFOG,Female,0,No,No,5,New Customer,53.8,Medium Value,284.0,Month-to-month,1,DSL,Electronic check,No
4189-NAKJS,Male,0,No,No,26,Loyal Customer,51.55,Medium Value,1295.0,One year,0,DSL,Credit card (automatic),No
5562-BETPV,Male,0,Yes,Yes,1,New Customer,19.65,Low Value,20.0,One year,0,No,Mailed check,No
1282-IHQAC,Male,1,No,No,70,Loyal Customer,44.05,Medium Value,3012.0,One year,0,DSL,Credit card (automatic),No
9127-FHJBZ,Male,0,Yes,Yes,72,Loyal Customer,114.0,High Value,8093.0,Two year,0,Fiber optic,Electronic check,No
6270-OMFIW,Male,0,Yes,No,60,Loyal Customer,94.4,High Value,5610.0,One year,0,Fiber optic,Electronic check,Yes
1641-RQDAY,Female,1,Yes,Yes,32,Loyal Customer,100.4,High Value,3218.0,Month-to-month,1,Fiber optic,Electronic check,No
0107-WESLM,Male,0,No,No,1,New Customer,19.85,Low Value,20.0,Month-to-month,1,No,Electronic check,Yes
6994-ORCWG,Female,0,No,No,14,Growing Customer,54.25,Medium Value,773.0,One year,0,DSL,Mailed check,No
1346-UFHAX,Female,0,No,No,13,Growing Customer,80.0,High Value,1029.0,Month-to-month,1,Fiber optic,Credit card (automatic),No
3992-YWPKO,Female,0,No,No,6,New Customer,109.9,High Value,669.0,Month-to-month,1,Fiber optic,Credit card (automatic),Yes
2933-XEUJM,Female,0,No,No,46,Loyal Customer,79.2,High Value,3594.0,Two year,0,DSL,Mailed check,No
0125-LZQXK,Male,0,No,No,15,Growing Customer,101.35,High Value,1554.0,Month-to-month,1,Fiber optic,Electronic check,Yes
5461-QKNTN,Male,1,Yes,No,43,Loyal Customer,94.3,High Value,3953.0,Month-to-month,1,Fiber optic,Electronic check,No
4835-YSJMR,Male,0,No,No,39,Loyal Customer,49.8,Medium Value,1971.0,Two year,0,DSL,Bank transfer (automatic),No
8399-YNDCH,Male,1,No,No,21,Growing Customer,60.05,Medium Value,1236.0,Month-to-month,1,DSL,Bank transfer (automatic),Yes
3164-YAXFY,Male,0,No,No,57,Loyal Customer,53.75,Medium Value,3196.0,Month-to-month,1,DSL,Electronic check,No
0887-WBJVH,Female,0,Yes,No,53,Loyal Customer,93.45,High Value,4872.0,One year,0,Fiber optic,Electronic check,No
4660-IRIBM,Male,0,Yes,Yes,18,Growing Customer,87.9,High Value,1501.0,Month-to-month,1,Fiber optic,Mailed check,No
5673-FSSMF,Female,0,No,No,1,New Customer,60.15,Medium Value,60.0,Month-to-month,1,DSL,Electronic check,Yes
7670-ZBPOQ,Female,0,Yes,No,58,Loyal Customer,61.05,Medium Value,3479.0,One year,0,DSL,Bank transfer (automatic),No
8089-UZWLX,Female,1,No,No,71,Loyal Customer,104.05,High Value,7414.0,Two year,0,Fiber optic,Bank transfer (automatic),No
0080-OROZO,Female,0,No,No,35,Loyal Customer,99.25,High Value,3532.0,One year,0,Fiber optic,Electronic check,No
3916-NRPAP,Male,0,No,No,3,New Customer,85.7,High Value,257.0,Month-to-month,1,Fiber optic,Credit card (automatic),No
6807-SIWJI,Male,0,No,No,38,Loyal Customer,104.85,High Value,3887.0,One year,0,Fiber optic,Electronic check,No
8221-HVAYI,Male,0,Yes,Yes,35,Loyal Customer,69.15,Medium Value,2490.0,Two year,0,DSL,Credit card (automatic),No
1579-KLYDT,Male,0,No,No,7,New Customer,90.45,High Value,593.0,Month-to-month,1,Fiber optic,Electronic check,Yes
5232-NXPAY,Female,0,No,No,47,Loyal Customer,74.45,High Value,3510.0,Two year,0,DSL,Mailed check,No
8967-SZQAS,Female,0,No,No,14,Growing Customer,50.45,Medium Value,765.0,Month-to-month,1,DSL,Electronic check,No
4468-KAZHE,Female,1,Yes,No,20,Growing Customer,60.0,Medium Value,1259.0,Month-to-month,1,DSL,Electronic check,No
0455-ENTCR,Male,0,Yes,No,66,Loyal Customer,85.25,High Value,5538.0,Two year,0,DSL,Electronic check,No
8944-AILEF,Male,0,Yes,No,15,Growing Customer,19.45,Low Value,341.0,Month-to-month,1,No,Credit card (automatic),No
5542-NKVRU,Female,0,No,No,42,Loyal Customer,20.75,Low Value,844.0,Two year,0,No,Bank transfer (automatic),No
7126-RBHSD,Female,0,Yes,No,17,Growing Customer,78.9,High Value,1349.0,Month-to-month,1,Fiber optic,Electronic check,No
5370-IIVVL,Male,0,No,No,37,Loyal Customer,104.5,High Value,3778.0,One year,0,Fiber optic,Credit card (automatic),No
6789-HJBWG,Female,0,No,No,12,Growing Customer,49.4,Medium Value,612.0,Month-to-month,1,DSL,Electronic check,No
3927-NLNRY,Male,0,Yes,No,53,Loyal Customer,94.25,High Value,4868.0,One year,0,Fiber optic,Bank transfer (automatic),Yes
9087-EYCPR,Female,0,No,No,60,Loyal Customer,25.0,Low Value,1505.0,Two year,0,No,Mailed check,No
6791-YBNAK,Male,0,Yes,Yes,18,Growing Customer,25.55,Low Value,468.0,Month-to-month,1,DSL,Credit card (automatic),No
6358-LYNGM,Male,0,No,No,1,New Customer,74.9,High Value,75.0,Month-to-month,1,Fiber optic,Electronic check,Yes
6077-BDPXA,Female,0,No,No,3,New Customer,70.15,High Value,194.0,Month-to-month,1,Fiber optic,Electronic check,No
0013-MHZWF,Female,0,No,Yes,9,New Customer,69.4,Medium Value,571.0,Month-to-month,1,DSL,Credit card (automatic),No
5494-HECPR,Female,0,No,No,1,New Customer,80.25,High Value,80.0,Month-to-month,1,Fiber optic,Electronic check,Yes
8268-YDIXR,Male,0,Yes,No,56,Loyal Customer,93.15,High Value,5254.0,One year,0,Fiber optic,Electronic check,No
9824-BEMCV,Male,0,Yes,Yes,17,Growing Customer,69.0,Medium Value,1150.0,Month-to-month,1,Fiber optic,Electronic check,Yes
1373-ORVIZ,Female,0,Yes,Yes,11,New Customer,66.35,Medium Value,741.0,Month-to-month,1,DSL,Electronic check,Yes
4291-SHSBH,Male,0,No,No,7,New Customer,69.55,Medium Value,521.0,Month-to-month,1,Fiber optic,Electronic check,No
6980-IMXXE,Female,0,Yes,Yes,69,Loyal Customer,20.2,Low Value,1413.0,Two year,0,No,Bank transfer (automatic),No
9866-QEVEE,Male,0,No,No,19,Growing Customer,86.0,High Value,1532.0,Month-to-month,1,Fiber optic,Bank transfer (automatic),Yes
9897-KXHCM,Female,0,Yes,Yes,3,New Customer,80.3,High Value,250.0,Month-to-month,1,Fiber optic,Electronic check,Yes
0040-HALCW,Male,0,Yes,Yes,54,Loyal Customer,20.4,Low Value,1091.0,Two year,0,No,Credit card (automatic),No
0784-GTUUK,Male,0,Yes,No,62,Loyal Customer,23.75,Low Value,1447.0,One year,0,No,Credit card (automatic),No
7979-CORPM,Male,0,No,No,24,Loyal Customer,90.55,High Value,2283.0,Month-to-month,1,Fiber optic,Credit card (automatic),Yes
2294-DMMUS,Female,0,Yes,Yes,62,Loyal Customer,70.45,High Value,4300.0,Month-to-month,1,DSL,Credit card (automatic),No
0872-JCPIB,Male,0,No,No,17,Growing Customer,65.75,Medium Value,1111.0,Month-to-month,1,DSL,Bank transfer (automatic),No
3055-MJDSB,Male,0,No,No,9,New Customer,24.6,Low Value,190.0,Month-to-month,1,DSL,Mailed check,No
9091-WTUUY,Male,0,Yes,Yes,64,Loyal Customer,69.25,Medium Value,4448.0,Two year,0,DSL,Mailed check,No
1618-CFHME,Female,0,No,No,2,New Customer,75.9,High Value,143.0,Month-to-month,1,Fiber optic,Electronic check,Yes
3165-HDOEW,Male,0,Yes,Yes,1,New Customer,45.85,Medium Value,46.0,Month-to-month,1,DSL,Mailed check,Yes
6581-NQCBA,Female,0,Yes,No,16,Growing Customer,49.95,Medium Value,810.0,Month-to-month,1,DSL,Electronic check,Yes
7115-IRDHS,Female,0,Yes,No,72,Loyal Customer,24.65,Low Value,1830.0,Two year,0,No,Bank transfer (automatic),No
8496-DMZUK,Male,0,No,No,30,Loyal Customer,90.4,High Value,2821.0,One year,0,Fiber optic,Bank transfer (automatic),No
2040-VZIKE,Female,0,Yes,No,49,Loyal Customer,100.85,High Value,4847.0,Month-to-month,1,Fiber optic,Mailed check,No
9068-VPWQQ,Male,0,Yes,No,61,Loyal Customer,75.35,High Value,4729.0,Two year,0,DSL,Credit card (automatic),No
0178-SZBHO,Male,0,Yes,Yes,47,Loyal Customer,87.2,High Value,4017.0,Month-to-month,1,Fiber optic,Electronic check,No
0384-RVBPI,Male,0,No,No,20,Growing Customer,64.4,Medium Value,1399.0,Month-to-month,1,DSL,Credit card (automatic),No
1689-MRZQR,Male,0,Yes,Yes,34,Loyal Customer,78.3,High Value,2564.0,Month-to-month,1,Fiber optic,Electronic check,Yes
1299-AURJA,Female,0,Yes,Yes,70,Loyal Customer,24.7,Low Value,1686.0,Two year,0,No,Bank transfer (automatic),No
4525-VZCZG,Male,0,No,Yes,54,Loyal Customer,105.85,High Value,5827.0,One year,0,Fiber optic,Electronic check,No
1543-LLLFT,Male,1,Yes,No,61,Loyal Customer,98.3,High Value,6067.0,One year,0,Fiber optic,Mailed check,No
5835-BEQEU,Male,0,No,No,3,New Customer,76.95,High Value,228.0,Month-to-month,1,Fiber optic,Electronic check,Yes
2788-CJQAQ,Male,0,No,No,13,Growing Customer,19.45,Low Value,270.0,One year,0,No,Mailed check,No
5565-FILXA,Female,1,No,No,16,Growing Customer,96.15,High Value,1529.0,Month-to-month,1,Fiber optic,Electronic check,Yes
0319-QZTCO,Female,0,Yes,Yes,3,New Customer,58.7,Medium Value,169.0,Month-to-month,1,DSL,Credit card (automatic),No
2120-SMPEX,Male,0,No,No,25,Loyal Customer,20.15,Low Value,536.0,Month-to-month,1,No,Mailed check,No
0096-FCPUF,Male,0,No,No,30,Loyal Customer,64.5,Medium Value,1888.0,Month-to-month,1,DSL,Mailed check,No
0668-OGMHD,Female,0,Yes,No,21,Growing Customer,28.5,Low Value,629.0,Month-to-month,1,DSL,Electronic check,No
5552-ZNFSJ,Male,0,No,No,1,New Customer,45.3,Medium Value,45.0,Month-to-month,1,DSL,Electronic check,Yes
2223-KAGMX,Female,0,No,No,15,Growing Customer,19.4,Low Value,289.0,Month-to-month,1,No,Bank transfer (automatic),Yes
6507-ZJSUR,Male,1,Yes,No,23,Growing Customer,90.45,High Value,2117.0,Month-to-month,1,Fiber optic,Electronic check,No
9408-HRXRK,Female,0,Yes,Yes,45,Loyal Customer,105.15,High Value,4731.0,Month-to-month,1,Fiber optic,Electronic check,No
5593-SUAOO,Female,0,Yes,Yes,24,Loyal Customer,83.15,High Value,2033.0,One year,0,Fiber optic,Bank transfer (automatic),No
7321-PKUYW,Female,0,No,No,11,New Customer,90.15,High Value,988.0,Month-to-month,1,Fiber optic,Electronic check,Yes
2833-SLKDQ,Male,0,No,No,1,New Customer,45.05,Medium Value,45.0,Month-to-month,1,DSL,Mailed check,Yes
6766-HFKLA,Female,0,Yes,No,56,Loyal Customer,103.2,High Value,5744.0,Two year,0,Fiber optic,Bank transfer (automatic),No
7595-EUIVN,Female,0,No,No,1,New Customer,75.8,High Value,76.0,Month-to-month,1,Fiber optic,Electronic check,Yes
7617-EYGLW,Male,0,No,No,1,New Customer,19.45,Low Value,19.0,Month-to-month,1,No,Electronic check,No
2026-TGDHM,Female,0,No,No,7,New Customer,79.3,High Value,523.0,Month-to-month,1,Fiber optic,Electronic check,Yes
9220-ZNKJI,Female,1,Yes,No,55,Loyal Customer,88.8,High Value,4805.0,Two year,0,Fiber optic,Credit card (automatic),No
4030-VPZBD,Female,0,No,No,2,New Customer,30.9,Low Value,59.0,Month-to-month,1,DSL,Electronic check,Yes
2226-ICFDO,Female,0,Yes,Yes,72,Loyal Customer,85.9,High Value,6111.0,Two year,0,DSL,Credit card (automatic),No
0723-VSOBE,Female,1,No,No,45,Loyal Customer,34.2,Low Value,1597.0,One year,0,DSL,Electronic check,No
5529-GIBVH,Female,0,No,No,47,Loyal Customer,20.15,Low Value,1046.0,Two year,0,No,Mailed check,No
4187-CINZD,Female,1,No,No,46,Loyal Customer,95.25,High Value,4424.0,One year,0,Fiber optic,Credit card (automatic),Yes
9992-UJOEL,Male,0,No,No,2,New Customer,50.3,Medium Value,93.0,Month-to-month,1,DSL,Mailed check,No
4741-WWJQZ,Female,0,Yes,No,2,New Customer,80.15,High Value,195.0,Month-to-month,1,Fiber optic,Electronic check,No
6625-UTXEW,Female,0,Yes,No,12,Growing Customer,51.25,Medium Value,612.0,Month-to-month,1,DSL,Electronic check,No
6818-WOBHJ,Female,1,Yes,No,68,Loyal Customer,89.6,High Value,6128.0,Month-to-month,1,Fiber optic,Bank transfer (automatic),Yes
6244-BESBM,Male,0,Yes,Yes,69,Loyal Customer,95.2,High Value,6672.0,Two year,0,Fiber optic,Credit card (automatic),No
1004-NOZNR,Male,1,No,Yes,56,Loyal Customer,94.8,High Value,5264.0,One year,0,Fiber optic,Credit card (automatic),No
1251-STYSZ,Female,1,No,No,4,New Customer,80.25,High Value,304.0,Month-to-month,1,Fiber optic,Electronic check,No
2612-PHGOX,Male,0,Yes,No,64,Loyal Customer,76.1,High Value,4819.0,Two year,0,DSL,Bank transfer (automatic),No
2408-TZMJL,Male,0,Yes,No,59,Loyal Customer,110.15,High Value,6448.0,One year,0,Fiber optic,Electronic check,Yes
8480-PPONV,Male,0,Yes,Yes,62,Loyal Customer,115.55,High Value,7159.0,Two year,0,Fiber optic,Bank transfer (automatic),No
8780-IHCRN,Male,0,Yes,Yes,63,Loyal Customer,24.65,Low Value,1575.0,Two year,0,No,Credit card (automatic),No
4598-ZADCK,Female,0,No,No,53,Loyal Customer,53.6,Medium Value,2879.0,One year,0,DSL,Electronic check,No
1257-SXUXQ,Male,0,Yes,Yes,5,New Customer,19.45,Low Value,86.0,Month-to-month,1,No,Mailed check,No
9681-KYGYB,Male,1,Yes,No,49,Loyal Customer,88.2,High Value,4159.0,Month-to-month,1,Fiber optic,Electronic check,No
7182-OVLBJ,Female,0,Yes,Yes,62,Loyal Customer,101.15,High Value,6638.0,Two year,0,Fiber optic,Bank transfer (automatic),No
5095-ETBRJ,Female,0,Yes,No,55,Loyal Customer,56.8,Medium Value,3112.0,Two year,0,DSL,Mailed check,No
7005-CYUIL,Female,1,Yes,No,71,Loyal Customer,99.4,High Value,7168.0,Two year,0,Fiber optic,Electronic check,No
4821-WQOYN,Female,0,Yes,Yes,72,Loyal Customer,20.1,Low Value,1326.0,Two year,0,No,Credit card (automatic),No
4730-AWNAU,Male,0,Yes,Yes,36,Loyal Customer,60.7,Medium Value,2235.0,One year,0,DSL,Credit card (automatic),No
3452-FLHYD,Male,0,Yes,No,25,Loyal Customer,20.95,Low Value,495.0,One year,0,No,Bank transfer (automatic),No
2388-LAESQ,Female,1,Yes,No,72,Loyal Customer,114.85,High Value,8318.0,Two year,0,Fiber optic,Bank transfer (automatic),No
9531-NSBMR,Female,0,No,No,36,Loyal Customer,19.25,Low Value,680.0,One year,0,No,Bank transfer (automatic),No
6260-ONULR,Male,0,No,No,1,New Customer,62.8,Medium Value,63.0,Month-to-month,1,DSL,Mailed check,No
4389-UEFCZ,Female,0,Yes,No,72,Loyal Customer,105.5,High Value,7544.0,Two year,0,Fiber optic,Electronic check,No
8711-LOBKY,Male,0,Yes,Yes,59,Loyal Customer,19.85,Low Value,1188.0,Two year,0,No,Mailed check,No
9134-CEQMF,Male,1,Yes,No,7,New Customer,89.5,High Value,677.0,Month-to-month,1,Fiber optic,Electronic check,Yes
8985-OOPOS,Female,0,No,No,1,New Customer,74.1,High Value,74.0,One year,0,DSL,Credit card (automatic),No
8800-ZKRFW,Female,0,Yes,Yes,30,Loyal Customer,107.5,High Value,3243.0,Month-to-month,1,Fiber optic,Electronic check,No
2616-FLVQC,Male,0,No,No,64,Loyal Customer,19.55,Low Value,1240.0,Two year,0,No,Mailed check,No
9968-FFVVH,Male,0,No,No,63,Loyal Customer,68.8,Medium Value,4111.0,One year,0,DSL,Bank transfer (automatic),No
3108-PCCGG,Male,1,Yes,No,72,Loyal Customer,84.45,High Value,5900.0,Two year,0,DSL,Credit card (automatic),No
7993-PYKOF,Male,0,Yes,No,8,New Customer,75.0,High Value,633.0,Month-to-month,1,Fiber optic,Electronic check,Yes
8390-FESFV,Female,0,No,No,62,Loyal Customer,84.5,High Value,5193.0,Two year,0,DSL,Bank transfer (automatic),No
3022-BEXHZ,Male,0,Yes,Yes,67,Loyal Customer,111.2,High Value,7531.0,Two year,0,Fiber optic,Bank transfer (automatic),No
5027-XWQHA,Male,0,No,No,6,New Customer,44.75,Medium Value,271.0,Month-to-month,1,DSL,Electronic check,Yes
6248-TKCQV,Female,0,Yes,Yes,70,Loyal Customer,80.6,High Value,5460.0,Two year,0,DSL,Bank transfer (automatic),No
6729-GDNGC,Female,1,No,No,20,Growing Customer,80.7,High Value,1614.0,Month-to-month,1,Fiber optic,Bank transfer (automatic),No
6198-ZFIOJ,Female,0,No,No,5,New Customer,75.6,High Value,403.0,Month-to-month,1,Fiber optic,Electronic check,No
5989-OMNJE,Female,0,Yes,Yes,24,Loyal Customer,57.6,Medium Value,1368.0,One year,0,DSL,Electronic check,No
4566-QVRRW,Female,0,Yes,No,11,New Customer,44.05,Medium Value,484.0,Month-to-month,1,DSL,Electronic check,Yes
1291-CUOCY,Male,0,Yes,No,72,Loyal Customer,110.6,High Value,7962.0,Two year,0,Fiber optic,Credit card (automatic),No
9795-SHUHB,Female,0,Yes,Yes,66,Loyal Customer,58.2,Medium Value,3811.0,Two year,0,DSL,Credit card (automatic),No
3230-IUALN,Female,0,Yes,Yes,45,Loyal Customer,81.0,High Value,3534.0,Two year,0,DSL,Mailed check,No
0042-RLHYP,Female,0,Yes,Yes,69,Loyal Customer,19.7,Low Value,1397.0,Two year,0,No,Bank transfer (automatic),No
8519-IMDHU,Male,1,Yes,No,15,Growing Customer,85.6,High Value,1346.0,Month-to-month,1,Fiber optic,Bank transfer (automatic),Yes
4945-RVMTE,Female,0,No,No,28,Loyal Customer,59.55,Medium Value,1646.0,Month-to-month,1,DSL,Bank transfer (automatic),No
0201-OAMXR,Female,0,No,No,70,Loyal Customer,115.55,High Value,8128.0,One year,0,Fiber optic,Credit card (automatic),Yes
1866-NXPSP,Female,0,No,No,36,Loyal Customer,75.55,High Value,2680.0,One year,0,DSL,Mailed check,No
3372-KWFBM,Male,1,No,No,16,Growing Customer,86.6,High Value,1281.0,Month-to-month,1,Fiber optic,Electronic check,Yes
7831-QGOXH,Female,0,No,No,18,Growing Customer,85.2,High Value,1554.0,Month-to-month,1,Fiber optic,Electronic check,Yes
6393-WRYZE,Female,0,Yes,No,34,Loyal Customer,97.65,High Value,3208.0,Month-to-month,1,Fiber optic,Electronic check,Yes
3941-XTSKM,Male,0,Yes,Yes,42,Loyal Customer,45.1,Medium Value,2049.0,One year,0,DSL,Credit card (automatic),No
1661-CZBAU,Male,0,No,No,48,Loyal Customer,70.95,High Value,3629.0,One year,0,DSL,Bank transfer (automatic),No
6599-RCLCJ,Male,0,Yes,No,47,Loyal Customer,109.55,High Value,5125.0,Month-to-month,1,Fiber optic,Electronic check,Yes
9831-BPFRI,Female,0,Yes,Yes,39,Loyal Customer,89.55,High Value,3474.0,One year,0,Fiber optic,Electronic check,Yes
5158-RIVOP,Female,0,Yes,Yes,11,New Customer,20.9,Low Value,202.0,Two year,0,No,Credit card (automatic),No
9788-YTFGE,Male,0,No,No,7,New Customer,19.95,Low Value,148.0,Month-to-month,1,No,Mailed check,No
9277-JOOMO,Female,0,No,No,3,New Customer,24.6,Low Value,86.0,Month-to-month,1,No,Mailed check,No
1907-YLNYW,Male,0,No,No,8,New Customer,66.7,Medium Value,579.0,Month-to-month,1,DSL,Electronic check,No
1725-MIMXW,Male,0,No,Yes,1,New Customer,19.45,Low Value,19.0,Month-to-month,1,No,Mailed check,Yes
8947-YRTDV,Male,0,Yes,Yes,32,Loyal Customer,94.8,High Value,3132.0,One year,0,Fiber optic,Mailed check,No
3161-ONRWK,Male,0,Yes,Yes,60,Loyal Customer,65.85,Medium Value,3928.0,One year,0,DSL,Bank transfer (automatic),No
0114-RSRRW,Female,0,Yes,No,10,New Customer,19.95,Low Value,188.0,Month-to-month,1,No,Bank transfer (automatic),No
4565-NLZBV,Female,0,Yes,No,71,Loyal Customer,24.65,Low Value,1710.0,Two year,0,No,Bank transfer (automatic),No
0031-PVLZI,Female,0,Yes,Yes,4,New Customer,20.35,Low Value,76.0,Month-to-month,1,No,Mailed check,Yes
7206-GZCDC,Female,1,No,No,1,New Customer,69.25,Medium Value,69.0,Month-to-month,1,Fiber optic,Electronic check,Yes
6682-VCIXC,Female,0,Yes,Yes,43,Loyal Customer,51.25,Medium Value,2152.0,One year,0,DSL,Bank transfer (automatic),No
4791-QRGMF,Male,0,Yes,No,59,Loyal Customer,99.5,High Value,5961.0,One year,0,Fiber optic,Bank transfer (automatic),Yes
6475-VHUIZ,Female,0,Yes,No,23,Growing Customer,54.25,Medium Value,1222.0,Month-to-month,1,DSL,Electronic check,No
3910-MRQOY,Female,0,Yes,No,72,Loyal Customer,19.4,Low Value,1496.0,Two year,0,No,Bank transfer (automatic),No
0661-WCQNQ,Male,0,Yes,No,22,Growing Customer,56.25,Medium Value,1292.0,One year,0,DSL,Credit card (automatic),No
7537-RBWEA,Female,0,No,No,1,New Customer,25.15,Low Value,25.0,Month-to-month,1,DSL,Mailed check,No
4656-CAURT,Male,0,No,No,69,Loyal Customer,23.95,Low Value,1713.0,Two year,0,No,Bank transfer (automatic),No
0121-SNYRK,Male,0,No,No,50,Loyal Customer,35.4,Medium Value,1749.0,One year,0,DSL,Mailed check,No
1768-ZAIFU,Female,1,No,No,1,New Customer,25.2,Low Value,25.0,Month-to-month,1,DSL,Electronic check,Yes
4671-LXRDQ,Male,0,No,No,2,New Customer,45.0,Medium Value,96.0,Month-to-month,1,DSL,Mailed check,Yes
3733-LSYCE,Female,0,Yes,No,15,Growing Customer,75.35,High Value,1115.0,Month-to-month,1,Fiber optic,Bank transfer (automatic),No
6265-FRMTQ,Male,0,No,No,31,Loyal Customer,20.4,Low Value,609.0,Two year,0,No,Bank transfer (automatic),No
1934-SJVJK,Male,0,No,No,1,New Customer,20.15,Low Value,20.0,Month-to-month,1,No,Mailed check,Yes
3838-OZURD,Male,0,Yes,No,66,Loyal Customer,105.0,High Value,7133.0,Month-to-month,1,Fiber optic,Credit card (automatic),Yes
1371-DWPAZ,Female,0,Yes,Yes,0,New Customer,56.05,Medium Value,,Two year,0,DSL,Credit card (automatic),No
9269-CQOOL,Male,0,No,Yes,3,New Customer,54.7,Medium Value,169.0,Month-to-month,1,DSL,Credit card (automatic),Yes
2017-CCBLH,Female,0,No,No,8,New Customer,20.0,Low Value,142.0,Two year,0,No,Mailed check,No
7690-KPNCU,Male,0,Yes,Yes,64,Loyal Customer,73.05,High Value,4689.0,One year,0,DSL,Credit card (automatic),No
0536-BGFMZ,Female,0,Yes,No,28,Loyal Customer,20.5,Low Value,563.0,Month-to-month,1,No,Mailed check,No
2293-IJWPS,Female,0,Yes,No,57,Loyal Customer,100.75,High Value,5985.0,One year,0,Fiber optic,Credit card (automatic),No
2845-HSJCY,Female,0,Yes,Yes,14,Growing Customer,87.25,High Value,1259.0,Month-to-month,1,Fiber optic,Electronic check,Yes
5469-NUJUR,Male,0,No,No,19,Growing Customer,19.95,Low Value,374.0,Two year,0,No,Mailed check,No
1184-PJVDB,Male,0,Yes,No,10,New Customer,79.95,High Value,857.0,Month-to-month,1,Fiber optic,Electronic check,Yes
2625-TRCZQ,Female,0,Yes,No,51,Loyal Customer,49.65,Medium Value,2553.0,Month-to-month,1,DSL,Electronic check,No
4102-HLENU,Female,0,Yes,No,67,Loyal Customer,65.65,Medium Value,4323.0,Two year,0,DSL,Mailed check,No
7266-GSSJX,Male,0,Yes,Yes,11,New Customer,20.45,Low Value,251.0,Month-to-month,1,No,Electronic check,No
7722-VJRQD,Male,0,Yes,Yes,72,Loyal Customer,60.95,Medium Value,4549.0,Two year,0,DSL,Bank transfer (automatic),No
7073-QETQY,Male,0,Yes,Yes,66,Loyal Customer,20.35,Low Value,1360.0,One year,0,No,Electronic check,No
9415-DPEWS,Female,0,No,No,18,Growing Customer,88.35,High Value,1639.0,Month-to-month,1,Fiber optic,Electronic check,Yes
5624-RYAMH,Female,0,No,No,9,New Customer,19.5,Low Value,179.0,Month-to-month,1,No,Electronic check,No
0196-JTUQI,Female,0,No,No,9,New Customer,75.2,High Value,634.0,Month-to-month,1,Fiber optic,Credit card (automatic),No
7130-YXBRO,Male,0,Yes,No,48,Loyal Customer,111.45,High Value,5315.0,Month-to-month,1,Fiber optic,Bank transfer (automatic),No
9272-LSVYH,Male,0,No,No,10,New Customer,70.15,High Value,736.0,Month-to-month,1,Fiber optic,Mailed check,No
7943-RQCHR,Female,0,No,No,9,New Customer,94.75,High Value,890.0,Month-to-month,1,Fiber optic,Electronic check,Yes
3793-MMFUH,Female,1,No,No,13,Growing Customer,95.05,High Value,1290.0,Month-to-month,1,Fiber optic,Electronic check,Yes
3249-ZPQRG,Male,0,No,No,4,New Customer,78.45,High Value,330.0,Month-to-month,1,Fiber optic,Electronic check,Yes
2568-BRGYX,Male,0,No,No,4,New Customer,70.2,High Value,238.0,Month-to-month,1,Fiber optic,Electronic check,Yes
3084-DOWLE,Female,0,Yes,No,72,Loyal Customer,92.0,High Value,6474.0,Two year,0,DSL,Bank transfer (automatic),No
1084-MNSMJ,Female,0,Yes,Yes,51,Loyal Customer,85.5,High Value,4422.0,Two year,0,DSL,Credit card (automatic),No
7721-JXEAW,Male,0,Yes,No,59,Loyal Customer,41.05,Medium Value,2453.0,Month-to-month,1,DSL,Bank transfer (automatic),Yes
7249-WBIYX,Male,0,Yes,No,10,New Customer,85.6,High Value,814.0,Month-to-month,1,Fiber optic,Electronic check,Yes
4238-HFHSN,Male,1,Yes,No,61,Loyal Customer,82.15,High Value,4905.0,Month-to-month,1,Fiber optic,Electronic check,No
6250-CGGUN,Male,0,No,No,54,Loyal Customer,84.4,High Value,4484.0,One year,0,Fiber optic,Electronic check,No
5478-JJVZK,Female,0,No,No,33,Loyal Customer,60.9,Medium Value,2034.0,Month-to-month,1,DSL,Mailed check,No
7596-IIWYC,Female,0,No,No,27,Loyal Customer,20.25,Low Value,538.0,Two year,0,No,Bank transfer (automatic),No
6567-HOOPW,Female,1,No,No,1,New Customer,79.2,High Value,79.0,Month-to-month,1,Fiber optic,Electronic check,Yes
9793-WECQC,Male,0,No,No,23,Growing Customer,95.3,High Value,2193.0,Month-to-month,1,Fiber optic,Mailed check,No
4291-HPAXL,Male,0,No,Yes,1,New Customer,19.85,Low Value,20.0,Month-to-month,1,No,Mailed check,No
8999-YPYBV,Male,0,Yes,Yes,45,Loyal Customer,84.35,High Value,3858.0,Two year,0,DSL,Mailed check,No
1839-FBNFR,Female,0,Yes,Yes,39,Loyal Customer,19.85,Low Value,855.0,Two year,0,No,Bank transfer (automatic),No
3164-AALRN,Male,0,No,No,5,New Customer,70.0,High Value,347.0,One year,0,DSL,Mailed check,Yes
3071-MVJCD,Male,0,Yes,Yes,72,Loyal Customer,82.3,High Value,5815.0,Two year,0,DSL,Bank transfer (automatic),No
1697-BCSHV,Female,0,Yes,Yes,58,Loyal Customer,66.8,Medium Value,3970.0,Month-to-month,1,DSL,Bank transfer (automatic),No
0562-KBDVM,Female,0,No,No,70,Loyal Customer,44.6,Medium Value,3058.0,Two year,0,DSL,Bank transfer (automatic),No
1131-SUEKT,Male,0,Yes,Yes,61,Loyal Customer,98.45,High Value,6145.0,One year,0,Fiber optic,Bank transfer (automatic),No
3717-OEAUQ,Male,0,No,No,2,New Customer,70.7,High Value,129.0,Month-to-month,1,Fiber optic,Mailed check,No
4538-WNTMJ,Female,0,Yes,Yes,46,Loyal Customer,24.95,Low Value,1166.0,One year,0,No,Mailed check,No
3334-CTHOL,Female,0,No,No,1,New Customer,49.95,Medium Value,50.0,Month-to-month,1,DSL,Bank transfer (automatic),Yes
4704-ERYFC,Female,0,Yes,No,22,Growing Customer,69.25,Medium Value,1554.0,Month-to-month,1,Fiber optic,Electronic check,Yes
9432-RUVSL,Female,0,No,No,48,Loyal Customer,102.5,High Value,4904.0,Two year,0,Fiber optic,Credit card (automatic),No
8060-HIWJJ,Male,0,No,No,64,Loyal Customer,86.55,High Value,5633.0,Two year,0,DSL,Credit card (automatic),No
7684-XSZIY,Male,0,Yes,Yes,72,Loyal Customer,24.3,Low Value,1643.0,Two year,0,No,Bank transfer (automatic),No
9089-UOWJG,Female,0,Yes,Yes,12,Growing Customer,58.35,Medium Value,741.0,Month-to-month,1,DSL,Credit card (automatic),No
8621-MNIHH,Female,1,Yes,No,34,Loyal Customer,94.25,High Value,3218.0,Month-to-month,1,Fiber optic,Electronic check,Yes
8039-ACLPL,Female,0,Yes,Yes,72,Loyal Customer,68.75,Medium Value,4888.0,Two year,0,DSL,Credit card (automatic),No
9885-AIBVB,Male,0,Yes,No,29,Loyal Customer,85.8,High Value,2440.0,Month-to-month,1,Fiber optic,Electronic check,No
1934-MKPXS,Male,0,Yes,Yes,33,Loyal Customer,20.1,Low Value,621.0,One year,0,No,Credit card (automatic),No
2592-YKDIF,Female,0,No,No,1,New Customer,20.35,Low Value,20.0,Month-to-month,1,No,Mailed check,No
2272-JKMSI,Female,0,Yes,Yes,62,Loyal Customer,110.8,High Value,6841.0,One year,0,Fiber optic,Electronic check,No
0471-LVHGK,Male,0,Yes,No,41,Loyal Customer,73.0,High Value,3001.0,One year,0,DSL,Electronic check,Yes
9518-RWHZL,Female,0,No,No,64,Loyal Customer,100.05,High Value,6254.0,One year,0,Fiber optic,Credit card (automatic),Yes
8714-CTZJW,Female,0,No,No,4,New Customer,82.85,High Value,320.0,Month-to-month,1,Fiber optic,Credit card (automatic),No
3569-EDBPQ,Female,0,No,No,24,Loyal Customer,84.35,High Value,1938.0,Month-to-month,1,Fiber optic,Electronic check,No
3131-NWVFJ,Female,0,Yes,Yes,14,Growing Customer,19.55,Low Value,295.0,One year,0,No,Mailed check,No
7521-YXVZY,Male,0,No,Yes,3,New Customer,19.95,Low Value,58.0,Month-to-month,1,No,Mailed check,No
5419-CONWX,Female,1,No,No,4,New Customer,99.8,High Value,443.0,Month-to-month,1,Fiber optic,Credit card (automatic),Yes
6240-EURKS,Female,0,No,Yes,18,Growing Customer,35.0,Medium Value,553.0,Month-to-month,1,DSL,Electronic check,Yes
2373-NTKOD,Male,0,No,No,8,New Customer,66.25,Medium Value,546.0,Month-to-month,1,DSL,Electronic check,No
1970-KKFWL,Female,0,No,No,35,Loyal Customer,23.3,Low Value,797.0,Two year,0,No,Bank transfer (automatic),No
6960-HVYXR,Female,0,No,No,1,New Customer,76.0,High Value,76.0,Month-to-month,1,Fiber optic,Electronic check,Yes
9337-SRRNI,Male,0,No,Yes,66,Loyal Customer,25.3,Low Value,1674.0,Two year,0,No,Credit card (automatic),No
0895-UADGO,Male,0,No,Yes,8,New Customer,44.55,Medium Value,343.0,Two year,0,DSL,Mailed check,No
5678-VFNEQ,Female,0,Yes,No,71,Loyal Customer,104.1,High Value,7412.0,One year,0,Fiber optic,Credit card (automatic),No
5977-CKHON,Female,0,Yes,Yes,43,Loyal Customer,92.55,High Value,4039.0,Month-to-month,1,Fiber optic,Bank transfer (automatic),No
7024-OHCCK,Female,1,No,No,2,New Customer,93.85,High Value,171.0,Month-to-month,1,Fiber optic,Electronic check,Yes
2692-BUCFV,Male,1,No,No,29,Loyal Customer,101.45,High Value,2949.0,Month-to-month,1,Fiber optic,Bank transfer (automatic),No
7861-UVUFT,Female,0,Yes,No,15,Growing Customer,84.3,High Value,1308.0,Month-to-month,1,Fiber optic,Electronic check,Yes
1830-GGFNM,Male,0,Yes,Yes,65,Loyal Customer,94.55,High Value,6079.0,Two year,0,Fiber optic,Credit card (automatic),No
5302-BDJNT,Male,0,No,No,35,Loyal Customer,95.5,High Value,3418.0,Month-to-month,1,Fiber optic,Electronic check,No
5223-UZAVK,Male,0,No,No,64,Loyal Customer,100.3,High Value,6604.0,One year,0,Fiber optic,Credit card (automatic),No
4859-ZSRDZ,Female,0,Yes,Yes,58,Loyal Customer,55.5,Medium Value,3167.0,Two year,0,DSL,Credit card (automatic),No
5651-WYIPH,Female,1,No,No,18,Growing Customer,49.85,Medium Value,866.0,Month-to-month,1,DSL,Credit card (automatic),No
9350-VLHMB,Male,0,Yes,Yes,67,Loyal Customer,89.55,High Value,6373.0,Month-to-month,1,Fiber optic,Bank transfer (automatic),No
3498-LZGQZ,Male,0,Yes,Yes,63,Loyal Customer,19.15,Low Value,1177.0,Two year,0,No,Mailed check,No
8785-CJSHH,Female,0,Yes,No,60,Loyal Customer,99.8,High Value,5986.0,Month-to-month,1,Fiber optic,Electronic check,No
5357-TZHPP,Male,1,No,No,9,New Customer,84.4,High Value,733.0,Month-to-month,1,Fiber optic,Credit card (automatic),Yes
3870-SPZSI,Female,0,Yes,Yes,70,Loyal Customer,113.05,High Value,7869.0,Two year,0,Fiber optic,Credit card (automatic),No
0680-DFNNY,Male,0,Yes,No,15,Growing Customer,101.1,High Value,1504.0,Month-to-month,1,Fiber optic,Electronic check,Yes
7560-QRBXH,Female,0,No,Yes,48,Loyal Customer,19.95,Low Value,937.0,One year,0,No,Mailed check,No
7077-XJMET,Male,0,Yes,No,12,Growing Customer,74.15,High Value,741.0,Month-to-month,1,DSL,Electronic check,No
8752-GHJFU,Male,1,Yes,No,71,Loyal Customer,92.0,High Value,6585.0,One year,0,Fiber optic,Electronic check,No
6896-SRVYQ,Male,1,No,No,44,Loyal Customer,73.85,High Value,3122.0,Month-to-month,1,Fiber optic,Electronic check,No
7767-UXAGJ,Male,0,No,No,1,New Customer,50.45,Medium Value,50.0,Month-to-month,1,DSL,Electronic check,Yes
4652-ODEVH,Male,0,Yes,Yes,45,Loyal Customer,24.45,Low Value,1088.0,Two year,0,No,Mailed check,No
6510-UPNKS,Female,0,No,No,23,Growing Customer,24.8,Low Value,615.0,One year,0,No,Credit card (automatic),No
6718-BDGHG,Female,0,Yes,No,43,Loyal Customer,64.85,Medium Value,2908.0,One year,0,DSL,Bank transfer (automatic),No
9046-DQMTP,Male,0,No,No,35,Loyal Customer,20.75,Low Value,740.0,Month-to-month,1,No,Bank transfer (automatic),No
6439-LAJXL,Male,0,Yes,No,9,New Customer,68.95,Medium Value,594.0,Month-to-month,1,DSL,Mailed check,No
1571-SAVHK,Male,0,No,No,12,Growing Customer,99.95,High Value,1133.0,Month-to-month,1,Fiber optic,Mailed check,Yes
9052-VKDUW,Female,1,Yes,No,65,Loyal Customer,109.4,High Value,7227.0,Month-to-month,1,Fiber optic,Credit card (automatic),No
9546-CQJSU,Female,0,No,No,2,New Customer,91.4,High Value,194.0,Month-to-month,1,Fiber optic,Electronic check,Yes
1666-JZPZT,Male,0,No,No,27,Loyal Customer,49.0,Medium Value,1291.0,Month-to-month,1,DSL,Mailed check,No
5777-KJIRB,Female,0,No,No,40,Loyal Customer,50.25,Medium Value,2024.0,One year,0,DSL,Mailed check,No
0506-LVNGN,Female,1,No,No,5,New Customer,75.55,High Value,350.0,Month-to-month,1,Fiber optic,Credit card (automatic),Yes
7677-SJJJK,Male,0,Yes,Yes,8,New Customer,19.9,Low Value,154.0,One year,0,No,Credit card (automatic),No
2480-EJWYP,Female,1,Yes,No,58,Loyal Customer,97.8,High Value,5459.0,One year,0,Fiber optic,Bank transfer (automatic),No
3253-HKOKL,Female,0,Yes,Yes,52,Loyal Customer,100.3,High Value,5244.0,One year,0,Fiber optic,Electronic check,No
7055-HNEOJ,Male,0,Yes,No,3,New Customer,55.8,Medium Value,155.0,Month-to-month,1,DSL,Mailed check,No
5514-YQENT,Male,0,No,Yes,41,Loyal Customer,111.15,High Value,4507.0,Two year,0,Fiber optic,Electronic check,No
3211-AAPKX,Male,0,No,No,20,Growing Customer,98.55,High Value,2032.0,Month-to-month,1,Fiber optic,Mailed check,No
8445-DNBAE,Male,0,No,Yes,1,New Customer,50.05,Medium Value,50.0,Month-to-month,1,DSL,Electronic check,No
2951-QOQTK,Male,0,No,Yes,4,New Customer,80.8,High Value,332.0,Month-to-month,1,Fiber optic,Credit card (automatic),Yes
2958-NHPPS,Male,0,No,No,23,Growing Customer,20.85,Low Value,474.0,Month-to-month,1,No,Electronic check,No
6806-YDEUL,Female,1,No,No,6,New Customer,19.5,Low Value,107.0,Month-to-month,1,No,Bank transfer (automatic),No
1735-XMJVH,Male,0,Yes,Yes,8,New Customer,19.35,Low Value,153.0,Month-to-month,1,No,Mailed check,No
6890-PFRQX,Male,0,No,No,18,Growing Customer,69.5,Medium Value,1199.0,Month-to-month,1,DSL,Mailed check,No
0222-CNVPT,Male,1,No,No,52,Loyal Customer,48.8,Medium Value,2555.0,Month-to-month,1,DSL,Credit card (automatic),No
5899-OUVKV,Male,0,No,No,31,Loyal Customer,94.5,High Value,2979.0,Month-to-month,1,Fiber optic,Electronic check,No
8681-ICONS,Male,0,Yes,Yes,29,Loyal Customer,20.65,Low Value,655.0,Month-to-month,1,No,Mailed check,No
1621-YNCJH,Female,0,Yes,No,36,Loyal Customer,106.05,High Value,3834.0,Two year,0,Fiber optic,Credit card (automatic),No
3473-XIIIT,Female,0,Yes,No,16,Growing Customer,100.0,High Value,1535.0,Month-to-month,1,Fiber optic,Electronic check,Yes
6362-QHAFM,Male,0,Yes,No,42,Loyal Customer,108.3,High Value,4586.0,One year,0,Fiber optic,Electronic check,No
7893-IXHRQ,Male,0,No,No,1,New Customer,20.55,Low Value,21.0,Month-to-month,1,No,Electronic check,Yes
3070-BDOQC,Female,0,No,No,60,Loyal Customer,99.65,High Value,5941.0,Two year,0,Fiber optic,Electronic check,No
2952-QAYZF,Male,0,No,No,5,New Customer,85.3,High Value,424.0,Month-to-month,1,Fiber optic,Electronic check,Yes
6234-PFPXL,Male,0,Yes,No,22,Growing Customer,95.9,High Value,2235.0,Month-to-month,1,Fiber optic,Credit card (automatic),No
9824-QCJPK,Male,0,Yes,No,36,Loyal Customer,20.0,Low Value,667.0,One year,0,No,Mailed check,No
4763-PGDPO,Female,0,No,No,4,New Customer,70.4,High Value,281.0,Month-to-month,1,Fiber optic,Electronic check,Yes
4283-IVYCI,Male,0,No,No,9,New Customer,64.95,Medium Value,548.0,Month-to-month,1,DSL,Mailed check,No
1866-OBPNR,Male,0,Yes,Yes,1,New Customer,74.6,High Value,75.0,Month-to-month,1,Fiber optic,Credit card (automatic),No
8205-MQUGY,Male,0,Yes,Yes,12,Growing Customer,49.2,Medium Value,571.0,Month-to-month,1,DSL,Electronic check,No
8970-ANWXO,Female,0,No,No,23,Growing Customer,73.75,High Value,1757.0,One year,0,DSL,Mailed check,No
9480-BQJEI,Male,0,No,No,62,Loyal Customer,92.3,High Value,5731.0,One year,0,Fiber optic,Bank transfer (automatic),No
5394-SVGJV,Male,0,No,No,37,Loyal Customer,98.8,High Value,3476.0,Month-to-month,1,Fiber optic,Bank transfer (automatic),Yes
6979-TNDEU,Female,0,No,No,8,New Customer,19.2,Low Value,157.0,Month-to-month,1,No,Mailed check,No
9777-WJJPR,Male,0,Yes,No,31,Loyal Customer,88.65,High Value,2683.0,Month-to-month,1,Fiber optic,Credit card (automatic),No
9283-LZQOH,Male,0,Yes,Yes,13,Growing Customer,74.4,High Value,897.0,Month-to-month,1,Fiber optic,Credit card (automatic),Yes
7079-QRCBC,Female,0,No,No,24,Loyal Customer,98.75,High Value,2407.0,Month-to-month,1,Fiber optic,Electronic check,Yes
9495-SKLKD,Male,0,Yes,Yes,45,Loyal Customer,95.95,High Value,4457.0,Month-to-month,1,Fiber optic,Bank transfer (automatic),No
6048-UWKAL,Female,1,Yes,No,69,Loyal Customer,105.4,High Value,6999.0,Two year,0,Fiber optic,Credit card (automatic),No
5067-DGXLL,Male,0,No,No,2,New Customer,20.25,Low Value,37.0,Month-to-month,1,No,Mailed check,No
5469-CTCWN,Male,0,Yes,Yes,61,Loyal Customer,106.0,High Value,6548.0,One year,0,Fiber optic,Electronic check,Yes
9851-QXEEQ,Male,0,No,No,41,Loyal Customer,104.7,High Value,4346.0,Month-to-month,1,Fiber optic,Electronic check,Yes
6281-FKEWS,Female,0,No,No,44,Loyal Customer,49.05,Medium Value,2265.0,One year,0,DSL,Electronic check,No
8898-KASCD,Male,0,No,No,39,Loyal Customer,35.55,Medium Value,1309.0,One year,0,DSL,Mailed check,No
9242-TKFSV,Male,0,Yes,Yes,72,Loyal Customer,65.1,Medium Value,4754.0,Two year,0,DSL,Credit card (automatic),No
9290-SHCMB,Female,1,No,No,13,Growing Customer,96.85,High Value,1236.0,Month-to-month,1,Fiber optic,Electronic check,No
0743-HNPFG,Female,0,Yes,Yes,51,Loyal Customer,69.75,Medium Value,3563.0,One year,0,DSL,Credit card (automatic),No
2277-BKJKN,Female,1,Yes,No,71,Loyal Customer,99.2,High Value,7214.0,Two year,0,Fiber optic,Electronic check,No
9809-IMGCQ,Male,1,No,No,22,Growing Customer,96.7,High Value,2083.0,Month-to-month,1,Fiber optic,Electronic check,Yes
5208-HFSBT,Female,0,No,No,2,New Customer,55.05,Medium Value,103.0,Month-to-month,1,DSL,Credit card (automatic),Yes
5035-PGZXH,Female,0,No,No,56,Loyal Customer,106.8,High Value,5914.0,One year,0,Fiber optic,Electronic check,No
8695-WDYEA,Male,0,No,No,1,New Customer,51.25,Medium Value,51.0,Month-to-month,1,DSL,Mailed check,No
6543-JXSOO,Female,0,Yes,Yes,23,Growing Customer,57.75,Medium Value,1283.0,One year,0,DSL,Mailed check,No
8016-ZMGMO,Female,1,Yes,No,66,Loyal Customer,70.85,High Value,4739.0,One year,0,DSL,Bank transfer (automatic),No
8605-ITULD,Female,0,No,No,1,New Customer,19.55,Low Value,20.0,Month-to-month,1,No,Mailed check,No
3254-YRILK,Male,1,No,No,19,Growing Customer,88.2,High Value,1776.0,Month-to-month,1,Fiber optic,Electronic check,Yes
6416-YJTTB,Male,0,No,No,11,New Customer,79.5,High Value,796.0,Month-to-month,1,Fiber optic,Bank transfer (automatic),No
2667-WYLWJ,Female,0,Yes,Yes,8,New Customer,19.75,Low Value,145.0,One year,0,No,Mailed check,Yes
4472-VESGY,Female,0,Yes,Yes,52,Loyal Customer,98.15,High Value,4993.0,Month-to-month,1,Fiber optic,Bank transfer (automatic),No
3195-TQDZX,Male,0,No,No,3,New Customer,20.25,Low Value,61.0,Month-to-month,1,No,Electronic check,No
3128-YOVTD,Female,0,Yes,Yes,51,Loyal Customer,79.15,High Value,4019.0,Month-to-month,1,Fiber optic,Bank transfer (automatic),No
0529-ONKER,Male,1,No,No,15,Growing Customer,75.65,High Value,1147.0,Month-to-month,1,Fiber optic,Electronic check,Yes
1728-CXQBE,Male,1,Yes,No,64,Loyal Customer,94.25,High Value,6081.0,Month-to-month,1,Fiber optic,Electronic check,No
7041-TXQJH,Female,0,No,No,37,Loyal Customer,40.2,Medium Value,1479.0,Month-to-month,1,DSL,Credit card (automatic),No
5014-GSOUQ,Male,0,No,No,13,Growing Customer,19.95,Low Value,244.0,Two year,0,No,Mailed check,No
5724-BIDBU,Male,0,Yes,No,49,Loyal Customer,55.35,Medium Value,2634.0,One year,0,DSL,Electronic check,No
0481-SUMCB,Female,1,No,No,45,Loyal Customer,102.15,High Value,4735.0,One year,0,Fiber optic,Bank transfer (automatic),No
1769-GRUIK,Female,0,No,No,18,Growing Customer,71.1,High Value,1248.0,Month-to-month,1,Fiber optic,Electronic check,No
5240-IJOQT,Male,1,No,No,1,New Customer,74.7,High Value,75.0,Month-to-month,1,Fiber optic,Electronic check,Yes
8819-WFGGJ,Male,0,Yes,No,68,Loyal Customer,54.1,Medium Value,3795.0,Two year,0,DSL,Bank transfer (automatic),No
7427-AUFPY,Male,0,No,No,54,Loyal Customer,19.65,Low Value,1009.0,Two year,0,No,Credit card (automatic),No
2811-POVEX,Female,1,Yes,Yes,23,Growing Customer,88.45,High Value,2131.0,Month-to-month,1,Fiber optic,Bank transfer (automatic),No
1092-GANHU,Male,0,No,No,17,Growing Customer,76.65,High Value,1314.0,Month-to-month,1,Fiber optic,Electronic check,Yes
7898-PDWQE,Male,0,Yes,No,71,Loyal Customer,80.4,High Value,5727.0,Two year,0,DSL,Credit card (automatic),No
9972-EWRJS,Female,0,Yes,Yes,67,Loyal Customer,19.25,Low Value,1373.0,Two year,0,No,Bank transfer (automatic),No
9314-IJWSQ,Female,0,Yes,Yes,14,Growing Customer,84.8,High Value,1204.0,Month-to-month,1,Fiber optic,Electronic check,No
0661-XEYAN,Female,1,No,No,1,New Customer,25.8,Low Value,26.0,Month-to-month,1,DSL,Mailed check,Yes
5799-JRCZO,Female,0,No,Yes,63,Loyal Customer,19.5,Low Value,1215.0,Two year,0,No,Credit card (automatic),No
1921-KYSAY,Female,0,No,No,41,Loyal Customer,68.6,Medium Value,2877.0,One year,0,DSL,Electronic check,No
6198-RTPMF,Female,0,Yes,No,17,Growing Customer,92.6,High Value,1580.0,Month-to-month,1,Fiber optic,Electronic check,No
2924-KHUVI,Male,0,Yes,No,56,Loyal Customer,100.55,High Value,5515.0,One year,0,Fiber optic,Electronic check,No
1925-GMVBW,Female,0,No,No,5,New Customer,20.55,Low Value,96.0,Month-to-month,1,No,Credit card (automatic),No
7881-EVUAD,Female,0,No,No,2,New Customer,42.6,Medium Value,72.0,Month-to-month,1,DSL,Electronic check,Yes
6184-DYUOB,Female,0,Yes,No,3,New Customer,19.6,Low Value,55.0,Month-to-month,1,No,Mailed check,No
9207-ZPANB,Male,0,No,No,37,Loyal Customer,67.45,Medium Value,2443.0,One year,0,DSL,Electronic check,No
5766-XQXMQ,Female,0,No,No,29,Loyal Customer,68.85,Medium Value,1971.0,Month-to-month,1,DSL,Bank transfer (automatic),Yes
9327-QSDED,Male,0,No,No,8,New Customer,43.55,Medium Value,335.0,Month-to-month,1,DSL,Mailed check,No
1656-DRSMG,Female,0,No,No,63,Loyal Customer,109.85,High Value,7003.0,Month-to-month,1,Fiber optic,Credit card (automatic),No
3012-VFFMN,Female,0,Yes,Yes,7,New Customer,20.65,Low Value,159.0,Month-to-month,1,No,Mailed check,No
2984-AFWNC,Female,0,No,No,3,New Customer,95.4,High Value,293.0,Month-to-month,1,Fiber optic,Electronic check,No
0640-YJTPY,Male,0,Yes,Yes,72,Loyal Customer,21.0,Low Value,1494.0,Two year,0,No,Bank transfer (automatic),No
8096-LOIST,Female,0,No,No,19,Growing Customer,56.2,Medium Value,1093.0,Month-to-month,1,DSL,Electronic check,No
9764-REAFF,Female,0,Yes,No,59,Loyal Customer,18.4,Low Value,1058.0,Two year,0,No,Bank transfer (automatic),No
3703-VAVCL,Male,0,Yes,Yes,2,New Customer,90.0,High Value,190.0,Month-to-month,1,Fiber optic,Credit card (automatic),Yes
7107-UBYKY,Female,0,Yes,Yes,35,Loyal Customer,25.75,Low Value,883.0,Month-to-month,1,No,Electronic check,No
4881-GQJTW,Male,0,No,No,14,Growing Customer,19.6,Low Value,300.0,Month-to-month,1,No,Credit card (automatic),No
8519-QJGJD,Female,0,No,No,14,Growing Customer,75.35,High Value,1026.0,Month-to-month,1,Fiber optic,Electronic check,Yes
7876-DNYAP,Female,0,Yes,Yes,69,Loyal Customer,19.8,Low Value,1437.0,Two year,0,No,Credit card (automatic),No
7905-NJMXS,Male,1,Yes,No,7,New Customer,64.2,Medium Value,475.0,Month-to-month,1,DSL,Electronic check,No
2882-WDTBA,Male,0,Yes,Yes,69,Loyal Customer,75.75,High Value,5388.0,Two year,0,DSL,Bank transfer (automatic),No
2091-GPPIQ,Female,0,Yes,Yes,72,Loyal Customer,78.95,High Value,5730.0,Two year,0,DSL,Electronic check,No
6326-MTTXK,Male,0,No,No,8,New Customer,100.85,High Value,820.0,Month-to-month,1,Fiber optic,Electronic check,Yes
5071-FBJFS,Female,0,Yes,Yes,4,New Customer,50.3,Medium Value,217.0,Month-to-month,1,DSL,Electronic check,No
2796-UUZZO,Male,0,Yes,Yes,63,Loyal Customer,80.3,High Value,4896.0,Month-to-month,1,Fiber optic,Credit card (automatic),No
2429-AYKKO,Male,0,No,No,72,Loyal Customer,19.85,Low Value,1434.0,Two year,0,No,Bank transfer (automatic),No
9798-OPFEM,Female,0,No,No,46,Loyal Customer,21.1,Low Value,937.0,Two year,0,No,Electronic check,No
0330-IVZHA,Female,0,Yes,No,5,New Customer,69.95,Medium Value,330.0,Month-to-month,1,Fiber optic,Electronic check,Yes
3794-NFNCH,Male,0,Yes,No,30,Loyal Customer,50.0,Medium Value,1475.0,Month-to-month,1,DSL,Mailed check,No
5193-QLVZB,Male,0,No,No,63,Loyal Customer,104.75,High Value,6537.0,Two year,0,Fiber optic,Bank transfer (automatic),No
7114-AEOZE,Female,0,No,No,60,Loyal Customer,19.85,Low Value,1128.0,Two year,0,No,Bank transfer (automatic),No
2886-KEFUM,Female,0,Yes,No,63,Loyal Customer,107.5,High Value,6874.0,One year,0,Fiber optic,Electronic check,Yes
5522-NYKPB,Male,0,Yes,Yes,25,Loyal Customer,85.9,High Value,2199.0,Month-to-month,1,Fiber optic,Electronic check,No
4237-RLAQD,Male,0,No,No,1,New Customer,45.85,Medium Value,46.0,Month-to-month,1,DSL,Mailed check,Yes
9957-YODKZ,Male,1,Yes,No,6,New Customer,80.8,High Value,457.0,Month-to-month,1,Fiber optic,Electronic check,No
6518-KZXCB,Male,0,No,No,22,Growing Customer,25.25,Low Value,567.0,Two year,0,No,Mailed check,No
2245-ADZFJ,Female,0,Yes,Yes,31,Loyal Customer,80.55,High Value,2472.0,Two year,0,DSL,Bank transfer (automatic),No
7776-QGYJC,Female,0,Yes,Yes,39,Loyal Customer,81.5,High Value,3107.0,Month-to-month,1,Fiber optic,Bank transfer (automatic),No
9313-QOLTZ,Male,0,No,No,26,Loyal Customer,20.9,Low Value,518.0,Month-to-month,1,No,Mailed check,No
9651-GTSAQ,Female,0,Yes,No,53,Loyal Customer,106.1,High Value,5770.0,One year,0,Fiber optic,Bank transfer (automatic),Yes
3186-BAXNB,Female,0,No,No,1,New Customer,91.7,High Value,92.0,Month-to-month,1,Fiber optic,Electronic check,Yes
4672-FOTSD,Male,0,No,No,12,Growing Customer,67.25,Medium Value,832.0,Month-to-month,1,DSL,Electronic check,No
0637-YLETY,Female,0,No,No,16,Growing Customer,95.6,High Value,1556.0,Month-to-month,1,Fiber optic,Credit card (automatic),Yes
9818-XQCUV,Female,0,No,No,2,New Customer,20.35,Low Value,45.0,Month-to-month,1,No,Mailed check,No
7338-ERIVA,Male,0,No,Yes,39,Loyal Customer,45.05,Medium Value,1791.0,One year,0,DSL,Bank transfer (automatic),No
1157-BQCUW,Male,0,No,No,1,New Customer,74.95,High Value,75.0,Month-to-month,1,Fiber optic,Electronic check,Yes
8259-NFJTV,Female,0,Yes,Yes,7,New Customer,34.65,Low Value,247.0,Month-to-month,1,DSL,Mailed check,No
3223-DWFIO,Male,1,No,No,4,New Customer,69.35,Medium Value,262.0,Month-to-month,1,Fiber optic,Electronic check,No
2660-EMUBI,Male,1,No,No,10,New Customer,95.35,High Value,898.0,Month-to-month,1,Fiber optic,Electronic check,Yes
6968-GMKPR,Female,0,No,No,55,Loyal Customer,81.55,High Value,4510.0,Month-to-month,1,Fiber optic,Electronic check,No
4751-ERMAN,Male,0,Yes,Yes,72,Loyal Customer,75.4,High Value,5480.0,Two year,0,DSL,Bank transfer (automatic),No
1436-ZMJAN,Female,0,Yes,No,10,New Customer,67.8,Medium Value,653.0,Month-to-month,1,DSL,Credit card (automatic),No
3292-PBZEJ,Male,1,No,No,11,New Customer,111.4,High Value,1183.0,Month-to-month,1,Fiber optic,Electronic check,No
0799-DDIHE,Female,0,Yes,Yes,15,Growing Customer,46.3,Medium Value,639.0,Month-to-month,1,DSL,Electronic check,No
3070-FNFZQ,Female,0,Yes,Yes,23,Growing Customer,20.4,Low Value,479.0,Two year,0,No,Bank transfer (automatic),No
2812-SFXMJ,Male,0,No,Yes,1,New Customer,20.05,Low Value,20.0,Month-to-month,1,No,Mailed check,No
7675-OZCZG,Female,1,No,No,3,New Customer,45.0,Medium Value,127.0,Month-to-month,1,DSL,Electronic check,Yes
5014-WUQMG,Male,0,Yes,Yes,47,Loyal Customer,96.1,High Value,4391.0,One year,0,Fiber optic,Electronic check,No
5312-TSZVC,Female,0,No,Yes,15,Growing Customer,19.65,Low Value,271.0,One year,0,No,Mailed check,No
2003-CKLOR,Male,0,No,No,66,Loyal Customer,99.5,High Value,6711.0,Month-to-month,1,Fiber optic,Electronic check,Yes
0993-OSGPT,Female,1,Yes,No,68,Loyal Customer,60.65,Medium Value,3976.0,One year,0,DSL,Bank transfer (automatic),No
9254-RBFON,Female,0,Yes,Yes,17,Growing Customer,98.6,High Value,1705.0,One year,0,Fiber optic,Bank transfer (automatic),Yes
1205-WNWPJ,Female,0,No,No,7,New Customer,59.5,Medium Value,416.0,Month-to-month,1,DSL,Mailed check,Yes
9391-EOYLI,Male,1,Yes,No,12,Growing Customer,80.45,High Value,950.0,Month-to-month,1,Fiber optic,Electronic check,Yes
7108-DGVUU,Female,1,Yes,No,21,Growing Customer,71.7,High Value,1497.0,One year,0,DSL,Bank transfer (automatic),No
2782-JEEBU,Male,0,No,No,21,Growing Customer,36.0,Medium Value,780.0,Month-to-month,1,DSL,Mailed check,No
5127-BZENZ,Female,0,Yes,Yes,56,Loyal Customer,65.2,Medium Value,3512.0,One year,0,DSL,Bank transfer (automatic),No
2720-FVBQP,Female,0,Yes,Yes,6,New Customer,48.95,Medium Value,273.0,Month-to-month,1,DSL,Credit card (automatic),No
9906-NHHVC,Female,1,No,No,65,Loyal Customer,53.5,Medium Value,3518.0,Two year,0,DSL,Bank transfer (automatic),No
4522-XRWWI,Male,0,Yes,No,42,Loyal Customer,80.45,High Value,3376.0,One year,0,DSL,Credit card (automatic),No
3766-EJLFL,Female,0,Yes,Yes,68,Loyal Customer,109.05,High Value,7509.0,Two year,0,Fiber optic,Bank transfer (automatic),No
5939-SXWHM,Male,0,Yes,Yes,48,Loyal Customer,26.3,Low Value,1245.0,Two year,0,No,Bank transfer (automatic),No
8152-UOBNY,Female,1,No,No,50,Loyal Customer,106.8,High Value,5348.0,One year,0,Fiber optic,Electronic check,No
7351-KYHQH,Female,1,No,No,7,New Customer,64.95,Medium Value,494.0,Month-to-month,1,DSL,Electronic check,No
7643-RCHXS,Female,0,Yes,Yes,63,Loyal Customer,19.35,Low Value,1264.0,Two year,0,No,Electronic check,No
8246-SHFGA,Male,0,No,No,17,Growing Customer,21.1,Low Value,386.0,Month-to-month,1,No,Credit card (automatic),No
8387-MOJJT,Female,0,Yes,Yes,42,Loyal Customer,77.95,High Value,3384.0,Month-to-month,1,Fiber optic,Credit card (automatic),Yes
0620-XEFWH,Male,0,Yes,Yes,4,New Customer,18.85,Low Value,84.0,Month-to-month,1,No,Mailed check,No
6485-QXWWE,Female,0,No,Yes,62,Loyal Customer,26.0,Low Value,1639.0,Two year,0,No,Bank transfer (automatic),No
2761-OCIAX,Male,1,No,No,2,New Customer,74.7,High Value,165.0,Month-to-month,1,Fiber optic,Electronic check,Yes
7321-VGNKU,Female,0,Yes,No,2,New Customer,70.35,High Value,120.0,Month-to-month,1,Fiber optic,Electronic check,No
5327-CNLUQ,Male,0,Yes,No,48,Loyal Customer,96.9,High Value,4473.0,Two year,0,Fiber optic,Bank transfer (automatic),No
7552-KEYGT,Male,0,Yes,No,27,Loyal Customer,19.55,Low Value,521.0,Two year,0,No,Bank transfer (automatic),No
5816-JMLGY,Female,0,Yes,Yes,70,Loyal Customer,80.4,High Value,5718.0,Two year,0,DSL,Bank transfer (automatic),No
3068-OMWZA,Male,1,No,No,1,New Customer,88.8,High Value,89.0,Month-to-month,1,Fiber optic,Electronic check,Yes
2927-QRRQV,Male,0,Yes,No,46,Loyal Customer,94.65,High Value,4313.0,One year,0,Fiber optic,Electronic check,No
6032-KRXXO,Male,0,No,No,30,Loyal Customer,90.25,High Value,2755.0,Month-to-month,1,Fiber optic,Electronic check,Yes
7459-RRWQZ,Female,0,No,No,15,Growing Customer,64.65,Medium Value,995.0,Month-to-month,1,DSL,Bank transfer (automatic),Yes
6265-SXWBU,Male,0,Yes,Yes,69,Loyal Customer,95.75,High Value,6511.0,One year,0,Fiber optic,Credit card (automatic),No
7941-RCJOW,Male,0,No,No,65,Loyal Customer,19.55,Low Value,1219.0,Two year,0,No,Credit card (automatic),No
6374-NTQLP,Male,1,Yes,Yes,72,Loyal Customer,104.1,High Value,7448.0,Two year,0,Fiber optic,Credit card (automatic),No
4154-AQUGT,Male,1,Yes,No,13,Growing Customer,89.05,High Value,1169.0,Month-to-month,1,Fiber optic,Bank transfer (automatic),Yes
2387-KDZQY,Male,0,No,No,17,Growing Customer,20.1,Low Value,280.0,One year,0,No,Mailed check,No
3584-WKTTW,Male,0,Yes,No,51,Loyal Customer,111.55,High Value,5720.0,One year,0,Fiber optic,Electronic check,No
3399-BMLVW,Male,0,Yes,Yes,51,Loyal Customer,60.5,Medium Value,3121.0,Two year,0,DSL,Credit card (automatic),No
1971-DTCZB,Female,0,Yes,No,72,Loyal Customer,90.95,High Value,6469.0,Two year,0,DSL,Bank transfer (automatic),No
3092-IGHWF,Male,0,Yes,Yes,67,Loyal Customer,87.4,High Value,5919.0,One year,0,Fiber optic,Electronic check,Yes
3374-PZLXD,Male,0,No,No,34,Loyal Customer,19.7,Low Value,676.0,Month-to-month,1,No,Mailed check,No
3813-DHBBB,Male,0,Yes,No,67,Loyal Customer,50.95,Medium Value,3522.0,Two year,0,DSL,Bank transfer (automatic),No
2812-REYAT,Female,0,Yes,No,49,Loyal Customer,20.05,Low Value,923.0,One year,0,No,Bank transfer (automatic),No
6518-PPLMZ,Male,0,Yes,Yes,53,Loyal Customer,19.4,Low Value,1110.0,Two year,0,No,Mailed check,No
4939-KYYPY,Male,0,No,No,27,Loyal Customer,59.45,Medium Value,1612.0,Month-to-month,1,DSL,Electronic check,No
8017-LXHFA,Female,1,No,No,23,Growing Customer,94.75,High Value,2294.0,Month-to-month,1,Fiber optic,Electronic check,Yes
5930-GBIWP,Male,0,No,No,69,Loyal Customer,81.5,High Value,5553.0,Two year,0,DSL,Credit card (automatic),No
6022-KOUQO,Female,0,Yes,Yes,2,New Customer,29.05,Low Value,45.0,Month-to-month,1,DSL,Bank transfer (automatic),No
6352-TWCAU,Female,0,No,No,35,Loyal Customer,86.45,High Value,3029.0,Month-to-month,1,Fiber optic,Electronic check,Yes
2361-UPSND,Female,0,Yes,No,46,Loyal Customer,70.6,High Value,3231.0,One year,0,DSL,Mailed check,No
6035-RIIOM,Female,0,No,No,54,Loyal Customer,97.2,High Value,5129.0,Two year,0,Fiber optic,Bank transfer (automatic),No
2929-QNSRW,Female,0,Yes,No,56,Loyal Customer,98.25,High Value,5508.0,One year,0,Fiber optic,Electronic check,Yes
1262-OPMFY,Female,0,Yes,No,9,New Customer,75.75,High Value,656.0,Month-to-month,1,Fiber optic,Bank transfer (automatic),Yes
9504-DSHWM,Male,0,No,No,20,Growing Customer,59.2,Medium Value,1191.0,Month-to-month,1,DSL,Bank transfer (automatic),No
5035-BVCXS,Male,0,No,No,11,New Customer,75.9,High Value,866.0,Month-to-month,1,Fiber optic,Mailed check,No
6267-DCFFZ,Female,1,Yes,No,30,Loyal Customer,90.05,High Value,2627.0,Month-to-month,1,Fiber optic,Electronic check,No
3533-UVMOM,Male,0,Yes,No,68,Loyal Customer,70.95,High Value,4741.0,Two year,0,DSL,Bank transfer (automatic),No
2439-LYPMQ,Male,1,Yes,No,38,Loyal Customer,102.6,High Value,4009.0,Month-to-month,1,Fiber optic,Electronic check,No
4248-QPAVC,Female,1,Yes,No,17,Growing Customer,85.35,High Value,1463.0,Month-to-month,1,Fiber optic,Bank transfer (automatic),Yes
1899-VXWXM,Male,0,No,No,48,Loyal Customer,106.1,High Value,5083.0,One year,0,Fiber optic,Credit card (automatic),Yes
1478-VPOAD,Female,0,No,No,1,New Customer,43.8,Medium Value,44.0,Month-to-month,1,DSL,Electronic check,No
9995-HOTOH,Male,0,Yes,Yes,63,Loyal Customer,59.0,Medium Value,3708.0,Two year,0,DSL,Electronic check,No
2988-PLAHS,Female,0,No,No,3,New Customer,69.95,Medium Value,220.0,One year,0,DSL,Electronic check,No
1371-OJCEK,Female,0,No,No,48,Loyal Customer,24.35,Low Value,1134.0,One year,0,No,Bank transfer (automatic),No
4999-IEZLT,Male,0,No,No,66,Loyal Customer,29.45,Low Value,1983.0,One year,0,DSL,Credit card (automatic),No
8883-ANODQ,Female,0,Yes,Yes,68,Loyal Customer,84.4,High Value,5747.0,Two year,0,Fiber optic,Credit card (automatic),No
4690-LLKUA,Male,1,No,No,17,Growing Customer,45.05,Medium Value,771.0,Month-to-month,1,DSL,Electronic check,Yes
2351-RRBUE,Female,0,Yes,Yes,7,New Customer,20.65,Low Value,134.0,One year,0,No,Mailed check,No
5980-BDHPY,Male,0,Yes,No,72,Loyal Customer,87.1,High Value,6230.0,Two year,0,DSL,Bank transfer (automatic),No
1498-DQNRX,Female,0,Yes,No,29,Loyal Customer,19.85,Low Value,573.0,Month-to-month,1,No,Mailed check,No
9469-WEJBT,Male,0,Yes,No,37,Loyal Customer,90.35,High Value,3419.0,Month-to-month,1,Fiber optic,Electronic check,No
3331-HQDTW,Female,0,No,No,34,Loyal Customer,109.8,High Value,3587.0,Month-to-month,1,Fiber optic,Mailed check,Yes
9490-DFPMD,Female,1,No,No,42,Loyal Customer,84.65,High Value,3541.0,Month-to-month,1,Fiber optic,Electronic check,Yes
2581-VKIRT,Female,0,Yes,Yes,59,Loyal Customer,65.5,Medium Value,3801.0,One year,0,DSL,Mailed check,No
5442-XSDCW,Male,0,Yes,Yes,11,New Customer,79.5,High Value,869.0,Month-to-month,1,Fiber optic,Bank transfer (automatic),Yes
7426-WEIJX,Male,1,Yes,Yes,60,Loyal Customer,80.95,High Value,4859.0,Month-to-month,1,Fiber optic,Electronic check,No
2851-MMUTZ,Female,0,No,No,27,Loyal Customer,56.15,Medium Value,1439.0,Month-to-month,1,DSL,Mailed check,No
3049-NDXFL,Female,0,No,No,1,New Customer,85.8,High Value,86.0,Month-to-month,1,Fiber optic,Mailed check,Yes
8580-AECUZ,Male,1,No,No,1,New Customer,79.1,High Value,79.0,Month-to-month,1,Fiber optic,Electronic check,Yes
3307-TLCUD,Male,0,Yes,No,17,Growing Customer,34.4,Low Value,593.0,Month-to-month,1,DSL,Mailed check,No
6625-FLENO,Male,0,Yes,No,58,Loyal Customer,20.75,Low Value,1186.0,Two year,0,No,Mailed check,No
2967-MXRAV,Male,0,Yes,Yes,1,New Customer,18.8,Low Value,19.0,One year,0,No,Mailed check,No
7963-GQRMY,Female,0,Yes,Yes,3,New Customer,44.3,Medium Value,135.0,Month-to-month,1,DSL,Mailed check,Yes
8189-HBVRW,Female,0,No,No,53,Loyal Customer,90.8,High Value,4921.0,Month-to-month,1,Fiber optic,Electronic check,No
4163-KIUHY,Male,0,No,No,35,Loyal Customer,25.6,Low Value,901.0,Month-to-month,1,No,Electronic check,No
1228-FZFRV,Male,0,Yes,Yes,50,Loyal Customer,105.95,High Value,5342.0,Month-to-month,1,Fiber optic,Credit card (automatic),Yes
3500-NSDOA,Male,0,Yes,Yes,68,Loyal Customer,70.8,High Value,4860.0,Two year,0,DSL,Credit card (automatic),No
1171-TYKUR,Male,0,Yes,No,47,Loyal Customer,25.4,Low Value,1139.0,Month-to-month,1,No,Electronic check,No
3761-FLYZI,Female,1,Yes,No,65,Loyal Customer,108.8,High Value,7082.0,Month-to-month,1,Fiber optic,Bank transfer (automatic),No
2058-DCJBE,Male,0,No,No,5,New Customer,69.75,Medium Value,325.0,Month-to-month,1,Fiber optic,Electronic check,Yes
5364-XYIRR,Male,0,Yes,No,51,Loyal Customer,94.65,High Value,4813.0,Month-to-month,1,Fiber optic,Electronic check,Yes
4829-AUOAX,Female,0,No,No,46,Loyal Customer,96.05,High Value,4400.0,Month-to-month,1,Fiber optic,Bank transfer (automatic),Yes
1219-NNDDO,Female,0,No,No,9,New Customer,76.85,High Value,664.0,Month-to-month,1,Fiber optic,Electronic check,No
8388-DMKAE,Female,0,No,No,8,New Customer,20.25,Low Value,175.0,Two year,0,No,Mailed check,No
4403-BWPAY,Male,0,No,No,14,Growing Customer,24.8,Low Value,322.0,One year,0,No,Credit card (automatic),No
9659-QEQSY,Female,0,No,No,45,Loyal Customer,115.65,High Value,5126.0,Month-to-month,1,Fiber optic,Electronic check,No
5405-ZMYXQ,Female,0,No,No,8,New Customer,74.6,High Value,549.0,Month-to-month,1,Fiber optic,Credit card (automatic),No
5047-LHVLY,Male,1,No,Yes,1,New Customer,50.15,Medium Value,50.0,Month-to-month,1,DSL,Mailed check,Yes
1442-OKRJE,Male,0,Yes,Yes,66,Loyal Customer,103.15,High Value,7031.0,One year,0,Fiber optic,Bank transfer (automatic),No
4737-AQCPU,Male,0,Yes,Yes,72,Loyal Customer,72.1,High Value,5017.0,Two year,0,DSL,Credit card (automatic),No
9158-VCTQB,Female,0,Yes,No,41,Loyal Customer,113.6,High Value,4595.0,Month-to-month,1,Fiber optic,Bank transfer (automatic),Yes
2808-CHTDM,Female,0,Yes,Yes,23,Growing Customer,25.1,Low Value,611.0,Two year,0,No,Mailed check,No
6311-UEUME,Female,0,No,No,29,Loyal Customer,78.9,High Value,2384.0,Month-to-month,1,Fiber optic,Electronic check,Yes
0793-TWELN,Female,0,No,No,4,New Customer,80.15,High Value,320.0,Month-to-month,1,Fiber optic,Electronic check,No
3283-WCWXT,Male,0,Yes,Yes,6,New Customer,25.4,Low Value,153.0,Two year,0,No,Mailed check,No
1060-ENTOF,Female,1,Yes,No,67,Loyal Customer,105.4,High Value,7036.0,One year,0,Fiber optic,Credit card (automatic),No
0999-QXNSA,Male,1,No,Yes,7,New Customer,45.75,Medium Value,344.0,Month-to-month,1,DSL,Mailed check,No
5451-MHQOF,Male,0,Yes,Yes,56,Loyal Customer,24.45,Low Value,1432.0,One year,0,No,Mailed check,No
4836-WNFNO,Female,0,Yes,No,72,Loyal Customer,25.0,Low Value,1849.0,Two year,0,No,Credit card (automatic),No
9225-BZLNZ,Male,0,Yes,No,72,Loyal Customer,85.25,High Value,6083.0,Two year,0,DSL,Electronic check,No
0354-VXMJC,Male,0,Yes,Yes,23,Growing Customer,19.6,Low Value,427.0,Two year,0,No,Credit card (automatic),No
4422-QVIJA,Female,0,No,Yes,35,Loyal Customer,50.15,Medium Value,1655.0,Month-to-month,1,DSL,Mailed check,No
9365-SRSZE,Male,1,Yes,No,27,Loyal Customer,70.55,High Value,1944.0,Month-to-month,1,Fiber optic,Electronic check,No
6839-ITVZJ,Female,0,Yes,Yes,26,Loyal Customer,60.05,Medium Value,1616.0,Month-to-month,1,DSL,Electronic check,Yes
8332-OSJDW,Male,0,Yes,Yes,12,Growing Customer,26.4,Low Value,315.0,One year,0,No,Mailed check,No
4735-BJKOU,Female,0,No,No,40,Loyal Customer,20.15,Low Value,805.0,Two year,0,No,Mailed check,No
0274-JKUJR,Male,0,Yes,Yes,7,New Customer,58.85,Medium Value,466.0,Month-to-month,1,DSL,Mailed check,No
5740-YHGTW,Male,0,Yes,Yes,70,Loyal Customer,97.55,High Value,6669.0,Month-to-month,1,Fiber optic,Credit card (automatic),No
8917-SZTTJ,Male,0,Yes,Yes,60,Loyal Customer,19.65,Low Value,1162.0,Two year,0,No,Credit card (automatic),No
1696-MZVAU,Male,0,Yes,Yes,39,Loyal Customer,25.25,Low Value,948.0,One year,0,DSL,Credit card (automatic),No
7359-WWYJV,Male,0,Yes,No,72,Loyal Customer,114.45,High Value,8375.0,Two year,0,Fiber optic,Credit card (automatic),No
0375-HVGXO,Female,0,No,No,1,New Customer,34.7,Low Value,35.0,Month-to-month,1,DSL,Electronic check,Yes
4906-ZHGPK,Male,0,Yes,Yes,54,Loyal Customer,70.7,High Value,3770.0,One year,0,DSL,Electronic check,No
8593-WHYHV,Male,0,No,No,3,New Customer,85.3,High Value,265.0,Month-to-month,1,Fiber optic,Electronic check,Yes
3795-GWTRD,Female,0,Yes,Yes,63,Loyal Customer,75.55,High Value,4708.0,Two year,0,DSL,Credit card (automatic),No
1298-PHBTI,Male,0,Yes,Yes,71,Loyal Customer,84.8,High Value,6152.0,Two year,0,Fiber optic,Electronic check,No
6223-DHJGV,Female,0,No,No,42,Loyal Customer,20.65,Low Value,958.0,One year,0,No,Mailed check,No
6961-MJKBO,Male,0,No,No,47,Loyal Customer,20.45,Low Value,943.0,Two year,0,No,Bank transfer (automatic),No
6097-EQISJ,Female,0,Yes,Yes,66,Loyal Customer,102.45,High Value,6615.0,One year,0,Fiber optic,Credit card (automatic),Yes
4423-YLHDV,Female,0,Yes,No,21,Growing Customer,104.4,High Value,2200.0,Month-to-month,1,Fiber optic,Bank transfer (automatic),Yes
8158-WPEZG,Male,0,No,No,11,New Customer,35.65,Medium Value,425.0,Month-to-month,1,DSL,Electronic check,No
0107-YHINA,Male,0,No,Yes,1,New Customer,99.75,High Value,100.0,Month-to-month,1,Fiber optic,Electronic check,Yes
4918-FYJNT,Female,1,Yes,No,55,Loyal Customer,90.45,High Value,5045.0,Month-to-month,1,Fiber optic,Electronic check,No
0727-BNRLG,Male,0,No,No,69,Loyal Customer,97.65,High Value,6744.0,Two year,0,Fiber optic,Credit card (automatic),No
4854-CIDCF,Female,1,No,No,3,New Customer,73.85,High Value,196.0,Month-to-month,1,Fiber optic,Electronic check,No
8640-SDGKB,Male,0,No,No,4,New Customer,74.4,High Value,300.0,Month-to-month,1,DSL,Electronic check,Yes
3280-MRDOF,Male,1,No,No,30,Loyal Customer,69.1,Medium Value,2094.0,Two year,0,DSL,Credit card (automatic),No
6435-SRWBJ,Female,0,No,No,5,New Customer,82.75,High Value,418.0,Month-to-month,1,Fiber optic,Electronic check,No
9964-WBQDJ,Female,0,Yes,No,71,Loyal Customer,24.4,Low Value,1725.0,Two year,0,No,Credit card (automatic),No
6303-KFWSL,Female,0,No,No,29,Loyal Customer,55.25,Medium Value,1620.0,One year,0,DSL,Electronic check,No
1702-CCFNJ,Male,0,Yes,No,52,Loyal Customer,61.35,Medium Value,3170.0,Month-to-month,1,DSL,Bank transfer (automatic),No
8932-CZHRQ,Male,0,No,No,68,Loyal Customer,76.75,High Value,5233.0,One year,0,DSL,Credit card (automatic),No
0386-CWRGM,Female,0,Yes,Yes,46,Loyal Customer,19.4,Low Value,968.0,Two year,0,No,Mailed check,No
5515-RUGKN,Male,0,No,No,8,New Customer,54.75,Medium Value,438.0,Month-to-month,1,DSL,Credit card (automatic),No
0404-AHASP,Male,0,Yes,No,72,Loyal Customer,19.7,Low Value,1422.0,Two year,0,No,Credit card (automatic),No
7279-NMVJC,Female,0,No,No,17,Growing Customer,19.9,Low Value,323.0,One year,0,No,Bank transfer (automatic),No
2081-VEYEH,Male,0,No,No,3,New Customer,107.95,High Value,319.0,Month-to-month,1,Fiber optic,Electronic check,No
6407-UTSLV,Female,1,No,No,2,New Customer,83.8,High Value,164.0,Month-to-month,1,Fiber optic,Bank transfer (automatic),No
4116-TZAQJ,Female,0,No,No,9,New Customer,74.25,High Value,640.0,Month-to-month,1,Fiber optic,Credit card (automatic),Yes
9060-HJJRW,Female,0,No,No,51,Loyal Customer,56.4,Medium Value,2929.0,One year,0,DSL,Credit card (automatic),No
2587-YNLES,Female,0,Yes,Yes,6,New Customer,20.1,Low Value,100.0,Two year,0,No,Mailed check,No
7398-SKNQZ,Female,0,Yes,No,3,New Customer,94.9,High Value,273.0,Month-to-month,1,Fiber optic,Electronic check,No
5935-FCCNB,Female,1,No,No,17,Growing Customer,94.2,High Value,1608.0,Month-to-month,1,Fiber optic,Electronic check,No
1958-RNRKS,Male,0,Yes,No,30,Loyal Customer,49.9,Medium Value,1442.0,Month-to-month,1,DSL,Electronic check,No
5136-RGMZO,Male,0,No,No,31,Loyal Customer,71.05,High Value,2168.0,Month-to-month,1,DSL,Electronic check,No
8345-MVDYC,Female,0,No,No,45,Loyal Customer,81.65,High Value,3619.0,Two year,0,DSL,Bank transfer (automatic),No
8226-BXGES,Male,0,Yes,No,64,Loyal Customer,89.45,High Value,5693.0,One year,0,Fiber optic,Bank transfer (automatic),No
3877-JRJIP,Male,0,No,No,1,New Customer,59.85,Medium Value,60.0,Month-to-month,1,DSL,Electronic check,Yes
8375-DKEBR,Female,1,No,No,1,New Customer,69.6,Medium Value,70.0,Month-to-month,1,Fiber optic,Electronic check,Yes
9705-IOVQQ,Male,1,Yes,Yes,61,Loyal Customer,99.0,High Value,5969.0,One year,0,Fiber optic,Electronic check,No
1015-OWJKI,Male,0,No,No,1,New Customer,19.05,Low Value,19.0,Month-to-month,1,No,Mailed check,No
7511-YMXVQ,Male,0,No,No,9,New Customer,45.4,Medium Value,419.0,Month-to-month,1,DSL,Electronic check,Yes
2040-XBAVJ,Male,0,Yes,Yes,72,Loyal Customer,114.45,High Value,8101.0,Two year,0,Fiber optic,Bank transfer (automatic),No
7551-JOHTI,Female,0,No,No,1,New Customer,19.5,Low Value,20.0,Month-to-month,1,No,Mailed check,Yes
8887-IPQNC,Female,0,Yes,No,7,New Customer,44.25,Medium Value,313.0,Month-to-month,1,DSL,Mailed check,No
8646-JCOMS,Female,0,Yes,No,66,Loyal Customer,90.55,High Value,6131.0,One year,0,Fiber optic,Bank transfer (automatic),No
9804-ICWBG,Male,0,No,No,1,New Customer,69.9,Medium Value,70.0,Month-to-month,1,Fiber optic,Electronic check,Yes
1222-KJNZD,Male,0,Yes,Yes,40,Loyal Customer,20.4,Low Value,745.0,Month-to-month,1,No,Bank transfer (automatic),No
0106-GHRQR,Male,0,No,No,16,Growing Customer,71.4,High Value,1212.0,Month-to-month,1,DSL,Bank transfer (automatic),No
5318-IXUZF,Female,0,No,No,2,New Customer,87.15,High Value,184.0,Month-to-month,1,Fiber optic,Bank transfer (automatic),Yes
3768-VHXQO,Male,0,Yes,No,67,Loyal Customer,24.85,Low Value,1584.0,Two year,0,No,Credit card (automatic),No
8952-WCVCD,Female,0,Yes,No,41,Loyal Customer,104.45,High Value,4162.0,One year,0,Fiber optic,Bank transfer (automatic),No
2418-TPEUN,Female,0,Yes,Yes,56,Loyal Customer,19.8,Low Value,1120.0,Two year,0,No,Credit card (automatic),No
3963-RYFNS,Female,0,No,No,72,Loyal Customer,116.45,High Value,8014.0,Two year,0,Fiber optic,Bank transfer (automatic),No
3198-VELRD,Female,0,Yes,Yes,3,New Customer,84.75,High Value,265.0,Month-to-month,1,Fiber optic,Bank transfer (automatic),Yes
8540-ZQGEA,Female,0,Yes,No,54,Loyal Customer,20.05,Low Value,1102.0,Two year,0,No,Credit card (automatic),No
1320-REHCS,Male,1,No,No,52,Loyal Customer,110.75,High Value,5832.0,Month-to-month,1,Fiber optic,Electronic check,No
4137-JOPHL,Female,0,No,No,50,Loyal Customer,89.7,High Value,4305.0,Two year,0,Fiber optic,Bank transfer (automatic),No
9436-ZBZCT,Male,0,No,No,14,Growing Customer,89.95,High Value,1178.0,Month-to-month,1,Fiber optic,Electronic check,Yes
7801-CEDNV,Male,0,Yes,No,27,Loyal Customer,48.7,Medium Value,1422.0,One year,0,DSL,Credit card (automatic),No
2057-BOYKM,Female,1,Yes,No,72,Loyal Customer,96.6,High Value,6828.0,Two year,0,Fiber optic,Bank transfer (automatic),No
3658-QQJYD,Male,0,No,No,62,Loyal Customer,74.3,High Value,4698.0,One year,0,DSL,Credit card (automatic),No
1803-BGNBD,Female,0,No,No,12,Growing Customer,54.3,Medium Value,655.0,Month-to-month,1,DSL,Electronic check,No
0134-XWXCE,Female,1,No,No,44,Loyal Customer,74.85,High Value,3268.0,One year,0,DSL,Bank transfer (automatic),No
6950-TWMYB,Male,0,Yes,Yes,54,Loyal Customer,79.95,High Value,4362.0,Two year,0,Fiber optic,Bank transfer (automatic),No
5848-FHRFC,Female,0,No,No,68,Loyal Customer,20.05,Low Value,1387.0,Two year,0,No,Bank transfer (automatic),No
2243-FNMMI,Male,0,No,No,20,Growing Customer,19.4,Low Value,415.0,Month-to-month,1,No,Mailed check,No
2511-MORQY,Male,0,Yes,Yes,50,Loyal Customer,54.9,Medium Value,2614.0,One year,0,DSL,Bank transfer (automatic),No
5356-KZCKT,Male,0,No,No,58,Loyal Customer,24.45,Low Value,1514.0,Two year,0,No,Credit card (automatic),No
9470-XCCEM,Male,0,Yes,Yes,35,Loyal Customer,89.65,High Value,3162.0,Month-to-month,1,Fiber optic,Bank transfer (automatic),No
6519-CFDBX,Female,0,No,No,2,New Customer,45.4,Medium Value,81.0,Month-to-month,1,DSL,Electronic check,No
3902-MIVLE,Male,0,Yes,Yes,63,Loyal Customer,75.7,High Value,4677.0,Two year,0,DSL,Mailed check,No
0409-WTMPL,Female,0,Yes,No,58,Loyal Customer,110.65,High Value,6527.0,One year,0,Fiber optic,Credit card (automatic),No
8763-KIAFH,Female,0,Yes,Yes,27,Loyal Customer,20.55,Low Value,583.0,One year,0,No,Mailed check,No
3669-WHAFY,Female,0,Yes,No,71,Loyal Customer,115.15,High Value,8078.0,Two year,0,Fiber optic,Credit card (automatic),No
3055-VTCGS,Female,0,No,No,63,Loyal Customer,58.55,Medium Value,3504.0,One year,0,DSL,Credit card (automatic),No
3144-KMTWZ,Male,0,Yes,No,71,Loyal Customer,93.25,High Value,6669.0,Month-to-month,1,Fiber optic,Bank transfer (automatic),No
7279-BUYWN,Female,1,No,No,41,Loyal Customer,113.2,High Value,4690.0,Month-to-month,1,Fiber optic,Electronic check,Yes
7156-MHUGY,Male,1,No,No,13,Growing Customer,90.5,High Value,1201.0,Month-to-month,1,Fiber optic,Electronic check,Yes
7198-GLXTC,Male,0,No,No,2,New Customer,79.0,High Value,144.0,Month-to-month,1,Fiber optic,Electronic check,Yes
2007-QVGAW,Female,0,Yes,Yes,68,Loyal Customer,19.35,Low Value,1293.0,Two year,0,No,Bank transfer (automatic),No
5207-PLSTK,Male,0,Yes,Yes,1,New Customer,48.75,Medium Value,49.0,Month-to-month,1,DSL,Mailed check,No
2307-FYNNL,Male,1,No,No,65,Loyal Customer,109.05,High Value,7108.0,Two year,0,Fiber optic,Electronic check,No
5605-XNWEN,Male,1,Yes,No,72,Loyal Customer,25.0,Low Value,1803.0,Two year,0,No,Bank transfer (automatic),No
2155-AMQRX,Female,0,No,No,28,Loyal Customer,54.9,Medium Value,1505.0,Month-to-month,1,DSL,Credit card (automatic),No
6181-AXXYF,Male,0,Yes,Yes,72,Loyal Customer,24.75,Low Value,1859.0,Two year,0,No,Credit card (automatic),No
5091-HFAZW,Female,0,No,No,2,New Customer,91.15,High Value,169.0,Month-to-month,1,Fiber optic,Electronic check,No
0516-VRYBW,Female,0,No,Yes,18,Growing Customer,20.15,Low Value,391.0,One year,0,No,Bank transfer (automatic),Yes
2519-LBNQL,Male,1,Yes,No,60,Loyal Customer,104.35,High Value,6339.0,One year,0,Fiber optic,Electronic check,No
8623-ULFNQ,Female,1,No,No,26,Loyal Customer,66.05,Medium Value,1652.0,Month-to-month,1,DSL,Electronic check,No
8380-PEFPE,Male,0,No,Yes,1,New Customer,71.65,High Value,72.0,Month-to-month,1,Fiber optic,Electronic check,Yes
5687-DKDTV,Female,0,No,No,4,New Customer,20.35,Low Value,78.0,Month-to-month,1,No,Mailed check,Yes
1568-LJSZU,Male,0,Yes,Yes,68,Loyal Customer,92.2,High Value,6393.0,Two year,0,DSL,Credit card (automatic),No
7530-HDYDS,Female,0,No,No,38,Loyal Customer,84.25,High Value,3265.0,Month-to-month,1,Fiber optic,Credit card (automatic),Yes
7789-HKSBS,Female,1,Yes,No,42,Loyal Customer,105.2,High Value,4599.0,One year,0,Fiber optic,Bank transfer (automatic),No
7416-CKTEP,Female,0,Yes,No,57,Loyal Customer,19.6,Low Value,1134.0,Two year,0,No,Bank transfer (automatic),No
2586-CWXVV,Male,0,Yes,No,54,Loyal Customer,30.4,Low Value,1621.0,Month-to-month,1,DSL,Electronic check,No
3096-IZETN,Female,0,No,No,12,Growing Customer,78.1,High Value,947.0,Month-to-month,1,Fiber optic,Bank transfer (automatic),Yes
2348-KCJLT,Female,0,Yes,No,44,Loyal Customer,61.5,Medium Value,2722.0,One year,0,DSL,Mailed check,No
8401-EMUWF,Male,0,Yes,Yes,42,Loyal Customer,69.4,Medium Value,3058.0,Month-to-month,1,DSL,Bank transfer (automatic),No
4193-IBKSW,Male,0,Yes,Yes,72,Loyal Customer,24.75,Low Value,1770.0,Two year,0,No,Bank transfer (automatic),No
5377-NDTOU,Female,0,Yes,Yes,71,Loyal Customer,91.05,High Value,6294.0,Two year,0,DSL,Mailed check,No
5922-ABDVO,Female,0,Yes,No,19,Growing Customer,89.65,High Value,1761.0,Month-to-month,1,Fiber optic,Mailed check,Yes
2474-LCNUE,Female,0,Yes,No,23,Growing Customer,73.65,High Value,1643.0,Month-to-month,1,DSL,Credit card (automatic),No
0839-QNXME,Female,0,No,No,30,Loyal Customer,19.4,Low Value,579.0,Two year,0,No,Credit card (automatic),No
3506-OVLKD,Male,0,No,No,35,Loyal Customer,26.2,Low Value,955.0,One year,0,No,Bank transfer (automatic),No
9172-ANCRX,Female,0,No,No,10,New Customer,98.7,High Value,973.0,Month-to-month,1,Fiber optic,Electronic check,Yes
6650-VJONK,Male,0,No,No,1,New Customer,43.85,Medium Value,44.0,Month-to-month,1,DSL,Bank transfer (automatic),No
2178-PMGCJ,Male,0,No,No,22,Growing Customer,69.7,Medium Value,1490.0,Month-to-month,1,Fiber optic,Mailed check,No
7492-TAFJD,Male,0,Yes,Yes,7,New Customer,38.55,Medium Value,280.0,Two year,0,DSL,Mailed check,No
2773-MADBQ,Female,0,No,No,36,Loyal Customer,53.1,Medium Value,1901.0,Two year,0,DSL,Mailed check,No
6016-LVTJQ,Female,0,Yes,Yes,34,Loyal Customer,20.65,Low Value,716.0,Month-to-month,1,No,Mailed check,No
7860-KSUGX,Male,0,Yes,Yes,72,Loyal Customer,64.45,Medium Value,4720.0,Two year,0,DSL,Credit card (automatic),No
8966-KZXXA,Male,0,Yes,Yes,36,Loyal Customer,25.1,Low Value,931.0,Two year,0,No,Credit card (automatic),No
6910-HADCM,Female,0,No,No,1,New Customer,76.35,High Value,76.0,Month-to-month,1,Fiber optic,Electronic check,Yes
4816-LXZYW,Female,0,No,No,23,Growing Customer,79.15,High Value,1677.0,Month-to-month,1,Fiber optic,Electronic check,Yes
9606-PBKBQ,Male,1,Yes,No,32,Loyal Customer,85.0,High Value,2642.0,Month-to-month,1,Fiber optic,Electronic check,Yes
5149-QYTTU,Female,0,Yes,Yes,71,Loyal Customer,95.15,High Value,6771.0,One year,0,Fiber optic,Credit card (automatic),No
2070-XYMFH,Female,1,No,No,23,Growing Customer,79.35,High Value,1835.0,Month-to-month,1,Fiber optic,Mailed check,No
2085-BOJKI,Male,0,Yes,No,17,Growing Customer,96.65,High Value,1588.0,One year,0,Fiber optic,Bank transfer (automatic),No
0817-HSUSE,Male,0,No,No,1,New Customer,75.5,High Value,76.0,Month-to-month,1,DSL,Electronic check,No
5442-PPTJY,Male,0,Yes,Yes,12,Growing Customer,19.7,Low Value,258.0,Two year,0,No,Mailed check,No
1927-QEWMY,Female,0,Yes,No,72,Loyal Customer,20.5,Low Value,1502.0,Two year,0,No,Credit card (automatic),No
1663-MHLHE,Male,0,No,No,1,New Customer,19.2,Low Value,19.0,Month-to-month,1,No,Mailed check,No
5663-QBGIS,Male,1,Yes,No,72,Loyal Customer,98.35,High Value,6929.0,Two year,0,Fiber optic,Bank transfer (automatic),No
4450-MDZFX,Male,0,Yes,Yes,60,Loyal Customer,74.35,High Value,4453.0,Month-to-month,1,Fiber optic,Bank transfer (automatic),No
6701-DHKWQ,Female,0,Yes,Yes,61,Loyal Customer,51.35,Medium Value,3244.0,Two year,0,DSL,Credit card (automatic),No
7554-AKDQF,Female,0,Yes,No,6,New Customer,45.65,Medium Value,323.0,Month-to-month,1,DSL,Mailed check,No
3536-IQCTX,Male,1,Yes,No,32,Loyal Customer,85.3,High Value,2661.0,Month-to-month,1,Fiber optic,Electronic check,Yes
4911-BANWH,Female,0,No,Yes,31,Loyal Customer,86.55,High Value,2697.0,Month-to-month,1,Fiber optic,Credit card (automatic),Yes
8496-EJAUI,Male,0,No,No,19,Growing Customer,73.85,High Value,1425.0,Month-to-month,1,Fiber optic,Credit card (automatic),Yes
0794-YVSGE,Male,0,Yes,Yes,72,Loyal Customer,20.3,Low Value,1401.0,Two year,0,No,Bank transfer (automatic),No
5423-BHIXO,Female,0,No,No,32,Loyal Customer,54.2,Medium Value,1740.0,Month-to-month,1,DSL,Electronic check,No
6908-VVYHM,Male,0,Yes,No,65,Loyal Customer,90.65,High Value,5931.0,Month-to-month,1,Fiber optic,Electronic check,No
2959-EEXWB,Female,0,Yes,Yes,45,Loyal Customer,50.9,Medium Value,2334.0,Month-to-month,1,DSL,Bank transfer (automatic),No
1839-UMACK,Male,0,No,No,42,Loyal Customer,25.05,Low Value,950.0,One year,0,No,Electronic check,No
3030-YDNRM,Male,0,No,No,8,New Customer,74.85,High Value,572.0,Month-to-month,1,Fiber optic,Electronic check,No
7321-KKSDU,Male,0,No,Yes,32,Loyal Customer,20.5,Low Value,697.0,Two year,0,No,Mailed check,No
3402-XRIUO,Female,1,Yes,No,22,Growing Customer,63.55,Medium Value,1382.0,Month-to-month,1,DSL,Mailed check,No
3132-TVFDZ,Male,1,Yes,No,57,Loyal Customer,44.85,Medium Value,2573.0,Month-to-month,1,DSL,Electronic check,Yes
8286-AFUYI,Male,0,No,No,1,New Customer,47.95,Medium Value,48.0,Month-to-month,1,DSL,Electronic check,No
8080-DDEMJ,Male,1,No,No,1,New Customer,45.1,Medium Value,45.0,Month-to-month,1,DSL,Electronic check,Yes
8356-WUAOJ,Female,0,Yes,No,1,New Customer,45.0,Medium Value,45.0,Month-to-month,1,DSL,Electronic check,No
6365-MTGZX,Male,0,No,No,24,Loyal Customer,96.0,High Value,2122.0,Month-to-month,1,Fiber optic,Electronic check,Yes
1349-WXNGG,Male,0,No,No,1,New Customer,20.05,Low Value,20.0,Month-to-month,1,No,Bank transfer (automatic),Yes
8058-DMYRU,Male,1,No,No,54,Loyal Customer,90.05,High Value,4932.0,Month-to-month,1,Fiber optic,Electronic check,No
9350-ZXYJC,Female,0,No,No,4,New Customer,25.3,Low Value,117.0,Two year,0,No,Credit card (automatic),No
6990-YNRIO,Male,0,Yes,Yes,65,Loyal Customer,108.65,High Value,6938.0,Two year,0,Fiber optic,Bank transfer (automatic),Yes
8958-JPTRR,Female,0,Yes,No,56,Loyal Customer,24.3,Low Value,1262.0,One year,0,No,Electronic check,No
6959-GQEGV,Male,0,No,No,45,Loyal Customer,75.95,High Value,3274.0,Month-to-month,1,DSL,Electronic check,No
3173-WSSUE,Female,0,Yes,Yes,71,Loyal Customer,19.7,Low Value,1416.0,Two year,0,No,Credit card (automatic),No
1265-HVPZB,Male,0,Yes,No,59,Loyal Customer,66.4,Medium Value,3958.0,One year,0,DSL,Credit card (automatic),No
4115-UMJFQ,Male,0,No,No,69,Loyal Customer,35.75,Medium Value,2492.0,One year,0,DSL,Bank transfer (automatic),No
7369-TRPFD,Male,0,No,No,19,Growing Customer,18.8,Low Value,279.0,One year,0,No,Mailed check,No
1098-KFQEC,Female,0,Yes,Yes,55,Loyal Customer,19.4,Low Value,1083.0,Two year,0,No,Credit card (automatic),No
7190-XHTWJ,Female,0,No,No,38,Loyal Customer,19.3,Low Value,756.0,One year,0,No,Mailed check,No
0621-TWIEM,Male,0,No,No,10,New Customer,45.55,Medium Value,403.0,Month-to-month,1,DSL,Electronic check,Yes
3537-RYBHH,Female,1,Yes,No,47,Loyal Customer,67.45,Medium Value,3252.0,Month-to-month,1,DSL,Credit card (automatic),No
2485-ITVKB,Female,0,Yes,No,2,New Customer,35.1,Medium Value,69.0,Month-to-month,1,DSL,Electronic check,Yes
3669-OYSJI,Male,0,No,No,1,New Customer,46.2,Medium Value,46.0,Month-to-month,1,DSL,Credit card (automatic),Yes
1612-EOHDH,Female,0,No,No,1,New Customer,45.15,Medium Value,45.0,Month-to-month,1,DSL,Electronic check,Yes
6702-OHFWR,Male,1,No,No,1,New Customer,43.3,Medium Value,43.0,Month-to-month,1,DSL,Electronic check,Yes
5296-BFCYD,Male,0,Yes,Yes,46,Loyal Customer,20.1,Low Value,937.0,Two year,0,No,Mailed check,No
4510-PYUSH,Female,1,No,No,38,Loyal Customer,57.15,Medium Value,2251.0,Month-to-month,1,DSL,Credit card (automatic),Yes
9359-JANWS,Female,0,Yes,No,65,Loyal Customer,58.9,Medium Value,3857.0,Two year,0,DSL,Credit card (automatic),No
7517-SAWMO,Female,0,Yes,No,19,Growing Customer,73.2,High Value,1441.0,Month-to-month,1,Fiber optic,Electronic check,Yes
4143-HHPMK,Male,0,No,No,52,Loyal Customer,85.35,High Value,4339.0,Month-to-month,1,Fiber optic,Electronic check,Yes
3279-DYZQM,Male,0,Yes,Yes,71,Loyal Customer,19.45,Low Value,1378.0,Two year,0,No,Mailed check,No
7054-LGEQW,Female,0,No,No,1,New Customer,45.95,Medium Value,46.0,Month-to-month,1,DSL,Mailed check,Yes
0523-VNGTF,Female,1,No,No,52,Loyal Customer,50.5,Medium Value,2566.0,Month-to-month,1,DSL,Electronic check,No
9575-IWCAZ,Male,0,Yes,No,6,New Customer,25.1,Low Value,171.0,One year,0,No,Mailed check,No
7105-MXJLL,Female,1,Yes,No,26,Loyal Customer,60.7,Medium Value,1597.0,One year,0,DSL,Mailed check,No
7064-FRRSW,Male,1,No,No,48,Loyal Customer,99.0,High Value,4744.0,One year,0,Fiber optic,Electronic check,No
7940-UQQUG,Female,0,Yes,Yes,64,Loyal Customer,104.4,High Value,6722.0,One year,0,Fiber optic,Bank transfer (automatic),No
0923-PNFUB,Female,0,No,No,3,New Customer,83.75,High Value,247.0,Month-to-month,1,Fiber optic,Electronic check,Yes
3961-SXAXY,Male,0,No,No,1,New Customer,44.05,Medium Value,44.0,Month-to-month,1,DSL,Bank transfer (automatic),No
7010-BRBUU,Male,0,Yes,Yes,72,Loyal Customer,24.1,Low Value,1735.0,Two year,0,No,Credit card (automatic),No
3566-HJGPK,Male,0,No,No,1,New Customer,45.55,Medium Value,46.0,Month-to-month,1,DSL,Mailed check,No
3062-ICYZQ,Female,0,Yes,Yes,51,Loyal Customer,93.8,High Value,4539.0,Month-to-month,1,Fiber optic,Electronic check,No
9938-PRCVK,Female,0,Yes,Yes,41,Loyal Customer,19.7,Low Value,804.0,Two year,0,No,Bank transfer (automatic),No
0973-KYVNF,Female,0,Yes,Yes,72,Loyal Customer,70.65,High Value,5011.0,Two year,0,DSL,Credit card (automatic),No
5129-HHMZC,Female,0,Yes,No,43,Loyal Customer,86.45,High Value,3575.0,Two year,0,DSL,Credit card (automatic),No
9637-CDTKZ,Male,0,Yes,No,72,Loyal Customer,114.1,High Value,8086.0,Two year,0,Fiber optic,Credit card (automatic),No
3946-JEWRQ,Male,0,Yes,No,47,Loyal Customer,95.2,High Value,4563.0,One year,0,Fiber optic,Credit card (automatic),No
7873-CVMAW,Male,0,No,No,72,Loyal Customer,88.55,High Value,6362.0,Two year,0,DSL,Credit card (automatic),No
0463-WZZKO,Male,0,No,No,3,New Customer,20.75,Low Value,67.0,Month-to-month,1,No,Credit card (automatic),No
3494-JCHRQ,Male,0,No,No,1,New Customer,70.05,High Value,70.0,Month-to-month,1,Fiber optic,Electronic check,Yes
6474-FVJLC,Male,0,No,No,2,New Customer,86.0,High Value,165.0,Month-to-month,1,Fiber optic,Electronic check,Yes
4524-QCSSM,Male,0,No,No,26,Loyal Customer,44.65,Medium Value,1157.0,Month-to-month,1,DSL,Bank transfer (automatic),No
5832-EXGTT,Male,0,Yes,Yes,29,Loyal Customer,60.2,Medium Value,1834.0,Month-to-month,1,DSL,Mailed check,No
8840-DQLGN,Female,1,Yes,No,35,Loyal Customer,100.5,High Value,3653.0,Month-to-month,1,Fiber optic,Bank transfer (automatic),Yes
2039-JONDJ,Male,0,No,No,27,Loyal Customer,55.45,Medium Value,1478.0,One year,0,DSL,Bank transfer (automatic),No
7217-JYHOQ,Male,0,Yes,Yes,24,Loyal Customer,70.3,High Value,1706.0,Month-to-month,1,DSL,Credit card (automatic),No
6695-FRVEC,Male,0,Yes,Yes,67,Loyal Customer,60.4,Medium Value,3954.0,Two year,0,DSL,Bank transfer (automatic),No
4547-LYTDD,Female,0,No,No,16,Growing Customer,72.65,High Value,1194.0,Month-to-month,1,Fiber optic,Electronic check,Yes
9894-QMIMJ,Female,0,No,No,23,Growing Customer,55.8,Medium Value,1328.0,One year,0,DSL,Bank transfer (automatic),No
8069-YQQAJ,Male,0,No,No,14,Growing Customer,31.1,Low Value,420.0,Month-to-month,1,DSL,Mailed check,No
6770-XUAGN,Female,0,Yes,Yes,1,New Customer,21.0,Low Value,21.0,Month-to-month,1,No,Electronic check,Yes
4193-ORFCL,Female,1,No,No,1,New Customer,45.1,Medium Value,45.0,Month-to-month,1,DSL,Mailed check,Yes
1636-NTNCO,Male,1,No,No,4,New Customer,50.95,Medium Value,207.0,Month-to-month,1,DSL,Credit card (automatic),No
3466-WAESX,Male,0,No,Yes,16,Growing Customer,69.1,Medium Value,1084.0,Month-to-month,1,DSL,Electronic check,No
9281-PKKZE,Female,0,Yes,No,46,Loyal Customer,43.95,Medium Value,2008.0,Month-to-month,1,DSL,Electronic check,No
3638-VBZTA,Male,0,No,Yes,68,Loyal Customer,86.5,High Value,5883.0,Two year,0,DSL,Bank transfer (automatic),No
7459-IMVYU,Male,0,No,No,38,Loyal Customer,69.95,Medium Value,2658.0,Month-to-month,1,DSL,Electronic check,No
7776-QWNFX,Male,1,Yes,No,30,Loyal Customer,50.4,Medium Value,1528.0,Month-to-month,1,DSL,Bank transfer (automatic),Yes
6689-TCZHQ,Female,1,No,No,5,New Customer,78.95,High Value,378.0,Month-to-month,1,Fiber optic,Electronic check,Yes
8563-OYMQY,Male,0,No,No,17,Growing Customer,90.95,High Value,1612.0,Month-to-month,1,Fiber optic,Credit card (automatic),No
0754-EEBDC,Male,0,Yes,Yes,4,New Customer,19.9,Low Value,77.0,Two year,0,No,Mailed check,No
5777-ZPQNC,Female,0,No,No,12,Growing Customer,20.15,Low Value,261.0,One year,0,No,Electronic check,No
1951-IEYXM,Male,0,Yes,Yes,72,Loyal Customer,90.6,High Value,6442.0,Two year,0,DSL,Credit card (automatic),No
3318-NMQXL,Male,0,No,No,3,New Customer,92.0,High Value,267.0,Month-to-month,1,Fiber optic,Electronic check,No
3143-ILDAL,Male,0,No,No,56,Loyal Customer,94.45,High Value,5125.0,Month-to-month,1,Fiber optic,Electronic check,Yes
1022-RKXDR,Female,0,No,No,41,Loyal Customer,24.85,Low Value,962.0,One year,0,No,Mailed check,No
2361-FJWNO,Male,0,No,No,40,Loyal Customer,36.0,Medium Value,1383.0,One year,0,DSL,Credit card (automatic),No
2272-UOINI,Female,0,No,No,7,New Customer,78.5,High Value,571.0,Month-to-month,1,DSL,Electronic check,No
8232-UTFOZ,Male,0,No,No,69,Loyal Customer,19.95,Low Value,1399.0,Two year,0,No,Credit card (automatic),No
3750-YHRYO,Male,0,Yes,Yes,7,New Customer,20.65,Low Value,150.0,One year,0,No,Mailed check,No
6637-KYRCV,Female,0,Yes,Yes,5,New Customer,30.5,Low Value,167.0,Month-to-month,1,DSL,Electronic check,No
5668-MEISB,Female,0,Yes,Yes,72,Loyal Customer,106.1,High Value,7657.0,Two year,0,Fiber optic,Credit card (automatic),No
0129-QMPDR,Male,0,Yes,Yes,44,Loyal Customer,20.5,Low Value,865.0,One year,0,No,Bank transfer (automatic),No
7188-CBBBA,Female,0,No,No,65,Loyal Customer,95.5,High Value,6154.0,One year,0,Fiber optic,Electronic check,No
5356-CSVSQ,Female,0,No,No,3,New Customer,64.6,Medium Value,174.0,Month-to-month,1,DSL,Electronic check,No
3221-CJMSG,Male,0,No,No,24,Loyal Customer,51.1,Medium Value,1270.0,Month-to-month,1,DSL,Credit card (automatic),No
4720-VSTSI,Female,0,No,No,44,Loyal Customer,84.8,High Value,3863.0,Month-to-month,1,Fiber optic,Bank transfer (automatic),Yes
3219-JQRSL,Female,1,Yes,No,72,Loyal Customer,89.1,High Value,6352.0,Two year,0,DSL,Credit card (automatic),No
2801-NISEI,Male,0,No,No,24,Loyal Customer,54.95,Medium Value,1349.0,Month-to-month,1,DSL,Electronic check,No
3946-MHCZW,Male,0,No,No,1,New Customer,50.9,Medium Value,51.0,Month-to-month,1,DSL,Mailed check,Yes
4623-ZKHLY,Male,0,Yes,No,22,Growing Customer,20.45,Low Value,472.0,Month-to-month,1,No,Bank transfer (automatic),No
6732-VAILE,Male,0,Yes,Yes,70,Loyal Customer,85.95,High Value,5932.0,Two year,0,DSL,Credit card (automatic),No
8201-AAXCB,Male,0,Yes,Yes,25,Loyal Customer,60.35,Medium Value,1405.0,Month-to-month,1,DSL,Electronic check,No
7696-CFTAT,Male,0,Yes,Yes,37,Loyal Customer,19.8,Low Value,726.0,Two year,0,No,Bank transfer (automatic),No
1845-CSBRZ,Female,1,Yes,Yes,22,Growing Customer,85.35,High Value,1962.0,Month-to-month,1,Fiber optic,Bank transfer (automatic),No
2123-VSCOT,Female,0,Yes,Yes,59,Loyal Customer,72.1,High Value,4195.0,Two year,0,DSL,Bank transfer (automatic),No
6651-AZVTJ,Male,0,Yes,Yes,49,Loyal Customer,99.8,High Value,4872.0,Month-to-month,1,Fiber optic,Electronic check,Yes
4566-GOLUK,Male,0,Yes,Yes,47,Loyal Customer,107.35,High Value,5119.0,Month-to-month,1,Fiber optic,Bank transfer (automatic),Yes
2484-DGXPZ,Female,0,Yes,Yes,31,Loyal Customer,19.55,Low Value,659.0,Month-to-month,1,No,Mailed check,Yes
2018-QKYGT,Male,0,Yes,Yes,1,New Customer,81.05,High Value,81.0,Month-to-month,1,Fiber optic,Electronic check,No
2792-VPPET,Male,0,No,No,3,New Customer,20.5,Low Value,77.0,Month-to-month,1,No,Electronic check,No
7409-JURKQ,Female,0,Yes,No,53,Loyal Customer,111.8,High Value,5810.0,One year,0,Fiber optic,Bank transfer (automatic),No
3247-MHJKM,Male,0,No,No,1,New Customer,20.2,Low Value,20.0,Month-to-month,1,No,Mailed check,No
1964-SVLEA,Male,0,No,No,20,Growing Customer,19.7,Low Value,416.0,One year,0,No,Mailed check,No
4587-NUKOX,Female,0,No,No,3,New Customer,79.1,High Value,247.0,Month-to-month,1,Fiber optic,Electronic check,Yes
7297-DVYGA,Female,0,No,No,51,Loyal Customer,19.85,Low Value,997.0,One year,0,No,Bank transfer (automatic),No
2239-CGBUZ,Female,0,Yes,No,51,Loyal Customer,60.5,Medium Value,3145.0,One year,0,DSL,Bank transfer (automatic),No
0854-UYHZD,Female,0,Yes,Yes,13,Growing Customer,19.55,Low Value,265.0,Two year,0,No,Mailed check,No
7243-LCGGZ,Female,0,No,No,1,New Customer,20.9,Low Value,21.0,Month-to-month,1,No,Mailed check,No
8267-KFGYD,Male,0,No,Yes,1,New Customer,21.05,Low Value,21.0,Month-to-month,1,No,Mailed check,No
4890-VMUAV,Male,0,No,No,63,Loyal Customer,71.5,High Value,4576.0,One year,0,DSL,Electronic check,No
9261-WDCAF,Male,0,No,No,3,New Customer,54.65,Medium Value,189.0,Month-to-month,1,DSL,Mailed check,No
3764-MNMOI,Male,0,No,No,46,Loyal Customer,19.2,Low Value,908.0,Two year,0,No,Credit card (automatic),No
7442-YGZFK,Male,0,No,No,1,New Customer,49.8,Medium Value,50.0,Month-to-month,1,DSL,Credit card (automatic),No
0420-BWTPW,Male,0,No,Yes,8,New Customer,25.5,Low Value,215.0,Month-to-month,1,DSL,Mailed check,Yes
8229-BUJHX,Female,0,Yes,Yes,71,Loyal Customer,20.5,Low Value,1501.0,Two year,0,No,Bank transfer (automatic),No
7449-HVPIV,Male,0,Yes,Yes,55,Loyal Customer,90.4,High Value,5099.0,Month-to-month,1,Fiber optic,Credit card (automatic),No
5504-WSIUR,Female,0,No,No,70,Loyal Customer,90.25,High Value,6386.0,One year,0,Fiber optic,Bank transfer (automatic),No
8183-ONMXC,Female,0,No,No,2,New Customer,80.75,High Value,159.0,Month-to-month,1,Fiber optic,Electronic check,Yes
8466-PZBLH,Male,0,Yes,Yes,67,Loyal Customer,104.6,High Value,6886.0,Two year,0,Fiber optic,Bank transfer (automatic),No
9614-RMGHA,Male,0,Yes,No,65,Loyal Customer,91.85,High Value,5941.0,Month-to-month,1,Fiber optic,Bank transfer (automatic),Yes
8735-IJJEG,Male,0,Yes,No,14,Growing Customer,50.2,Medium Value,669.0,Month-to-month,1,DSL,Credit card (automatic),No
0564-MUUQK,Female,0,Yes,Yes,20,Growing Customer,95.5,High Value,1916.0,Month-to-month,1,Fiber optic,Bank transfer (automatic),No
5054-IEXZT,Male,0,No,Yes,1,New Customer,75.35,High Value,75.0,Month-to-month,1,Fiber optic,Electronic check,Yes
5834-ASPWA,Male,0,No,No,1,New Customer,75.45,High Value,75.0,Month-to-month,1,Fiber optic,Electronic check,Yes
0701-RFGFI,Female,0,Yes,Yes,49,Loyal Customer,95.4,High Value,4614.0,Month-to-month,1,Fiber optic,Bank transfer (automatic),No
0019-EFAEP,Female,0,No,No,72,Loyal Customer,101.3,High Value,7261.0,Two year,0,Fiber optic,Bank transfer (automatic),No
5619-PTMIK,Female,0,Yes,No,46,Loyal Customer,53.1,Medium Value,2460.0,Month-to-month,1,DSL,Electronic check,No
3737-XBQDD,Male,0,No,No,24,Loyal Customer,84.85,High Value,2049.0,Month-to-month,1,Fiber optic,Bank transfer (automatic),No
5882-CMAZQ,Female,0,Yes,Yes,5,New Customer,34.25,Low Value,164.0,Month-to-month,1,DSL,Electronic check,No
5846-QFDFI,Female,0,Yes,Yes,33,Loyal Customer,88.6,High Value,2889.0,Month-to-month,1,Fiber optic,Credit card (automatic),No
4445-KWOKW,Female,0,No,No,42,Loyal Customer,60.15,Medium Value,2422.0,One year,0,DSL,Bank transfer (automatic),No
3511-APPBJ,Male,0,No,No,23,Growing Customer,99.95,High Value,2293.0,One year,0,Fiber optic,Credit card (automatic),No
7967-HYCDE,Male,0,No,No,8,New Customer,70.7,High Value,553.0,Month-to-month,1,Fiber optic,Bank transfer (automatic),No
2430-RRYUW,Male,0,No,No,66,Loyal Customer,54.8,Medium Value,3466.0,One year,0,DSL,Mailed check,No
3948-XHGNA,Male,0,No,No,24,Loyal Customer,49.55,Medium Value,1210.0,Month-to-month,1,DSL,Bank transfer (automatic),Yes
3723-BFBGR,Male,1,No,No,24,Loyal Customer,54.8,Medium Value,1291.0,Month-to-month,1,DSL,Credit card (automatic),No
0565-IYCGT,Male,0,No,No,69,Loyal Customer,78.6,High Value,5356.0,One year,0,DSL,Credit card (automatic),Yes
5447-WZAFP,Female,0,No,No,53,Loyal Customer,100.3,High Value,5201.0,One year,0,Fiber optic,Mailed check,No
5110-CHOPY,Female,0,No,No,60,Loyal Customer,53.6,Medium Value,3237.0,Two year,0,DSL,Electronic check,No
5445-UTODQ,Female,0,Yes,No,7,New Customer,81.1,High Value,577.0,Month-to-month,1,Fiber optic,Electronic check,Yes
4425-OWHWB,Female,0,No,No,20,Growing Customer,19.35,Low Value,434.0,One year,0,No,Credit card (automatic),No
7892-QVYKW,Female,0,Yes,Yes,23,Growing Customer,85.6,High Value,1868.0,Month-to-month,1,Fiber optic,Electronic check,No
9675-ICXCT,Male,0,Yes,Yes,72,Loyal Customer,80.8,High Value,5729.0,Two year,0,DSL,Electronic check,No
1024-VRZHF,Male,0,Yes,No,11,New Customer,74.95,High Value,826.0,Month-to-month,1,Fiber optic,Electronic check,Yes
4703-MQYKT,Male,0,No,No,21,Growing Customer,19.6,Low Value,390.0,Two year,0,No,Mailed check,No
9497-QCMMS,Male,1,No,No,1,New Customer,93.55,High Value,94.0,Month-to-month,1,Fiber optic,Electronic check,Yes
5692-ICXLW,Male,1,No,No,31,Loyal Customer,90.7,High Value,2845.0,Month-to-month,1,Fiber optic,Electronic check,No
0602-DDUML,Female,0,No,No,57,Loyal Customer,69.75,Medium Value,3894.0,Two year,0,DSL,Mailed check,No
2208-MPXIO,Female,0,Yes,Yes,45,Loyal Customer,20.0,Low Value,886.0,Two year,0,No,Bank transfer (automatic),No
1960-UYCNN,Male,0,No,No,10,New Customer,95.25,High Value,1022.0,Month-to-month,1,Fiber optic,Electronic check,No
0348-SDKOL,Female,0,Yes,No,58,Loyal Customer,102.1,High Value,5885.0,Month-to-month,1,Fiber optic,Credit card (automatic),Yes
3190-FZATL,Male,0,No,Yes,14,Growing Customer,19.95,Low Value,268.0,Month-to-month,1,No,Mailed check,No
7336-RLLRH,Male,0,Yes,No,27,Loyal Customer,80.85,High Value,2204.0,One year,0,DSL,Mailed check,No
4373-MAVJG,Female,0,Yes,Yes,14,Growing Customer,90.9,High Value,1259.0,Month-to-month,1,Fiber optic,Bank transfer (automatic),Yes
8901-HJXTF,Female,0,Yes,Yes,12,Growing Customer,29.2,Low Value,309.0,Month-to-month,1,DSL,Mailed check,Yes
7710-JSYOA,Female,0,Yes,Yes,69,Loyal Customer,93.3,High Value,6398.0,Two year,0,Fiber optic,Bank transfer (automatic),No
5419-KLXBN,Female,0,Yes,Yes,25,Loyal Customer,89.15,High Value,2258.0,Month-to-month,1,Fiber optic,Bank transfer (automatic),Yes
3424-NMNBO,Male,1,Yes,No,58,Loyal Customer,108.85,High Value,6287.0,One year,0,Fiber optic,Electronic check,Yes
9885-MFVSU,Female,0,Yes,Yes,35,Loyal Customer,46.35,Medium Value,1662.0,Two year,0,DSL,Credit card (automatic),No
4514-GFCFI,Female,1,No,No,16,Growing Customer,84.75,High Value,1350.0,Month-to-month,1,Fiber optic,Electronic check,Yes
0607-MVMGC,Male,0,Yes,Yes,45,Loyal Customer,78.75,High Value,3601.0,One year,0,DSL,Credit card (automatic),No
3365-SAIGS,Female,0,No,No,17,Growing Customer,83.55,High Value,1329.0,Month-to-month,1,Fiber optic,Electronic check,No
9828-AOQLM,Female,0,Yes,Yes,1,New Customer,45.7,Medium Value,46.0,Month-to-month,1,DSL,Electronic check,Yes
8022-BECSI,Male,0,No,No,22,Growing Customer,19.6,Low Value,423.0,One year,0,No,Mailed check,No
8000-REIQB,Female,1,No,No,1,New Customer,69.95,Medium Value,70.0,Month-to-month,1,Fiber optic,Electronic check,Yes
9993-LHIEB,Male,0,Yes,Yes,67,Loyal Customer,67.85,Medium Value,4628.0,Two year,0,DSL,Mailed check,No
0266-CLZKZ,Female,0,Yes,Yes,67,Loyal Customer,105.65,High Value,6718.0,Two year,0,Fiber optic,Bank transfer (automatic),No
7615-ESMYF,Female,0,Yes,No,2,New Customer,44.6,Medium Value,97.0,Month-to-month,1,DSL,Electronic check,Yes
3858-VOBET,Male,0,No,No,23,Growing Customer,74.95,High Value,1710.0,Month-to-month,1,Fiber optic,Electronic check,Yes
7020-OZKXZ,Female,1,No,No,9,New Customer,75.5,High Value,637.0,Month-to-month,1,Fiber optic,Credit card (automatic),No
3977-QCRSL,Female,0,No,No,5,New Customer,20.15,Low Value,118.0,Month-to-month,1,No,Mailed check,No
0017-DINOC,Male,0,No,No,54,Loyal Customer,45.2,Medium Value,2461.0,Two year,0,DSL,Credit card (automatic),No
1447-PJGGA,Female,0,No,No,57,Loyal Customer,95.25,High Value,5465.0,Two year,0,Fiber optic,Electronic check,Yes
8565-CLBZW,Male,0,No,No,24,Loyal Customer,89.85,High Value,2165.0,Month-to-month,1,Fiber optic,Mailed check,Yes
9139-WQQDY,Female,0,Yes,Yes,49,Loyal Customer,100.45,High Value,4942.0,One year,0,Fiber optic,Mailed check,Yes
0224-HJAPT,Male,0,No,No,5,New Customer,47.15,Medium Value,223.0,Month-to-month,1,DSL,Electronic check,Yes
8086-OVPWV,Male,0,No,No,2,New Customer,80.2,High Value,181.0,Month-to-month,1,Fiber optic,Electronic check,Yes
9430-FRQOC,Female,0,No,Yes,4,New Customer,87.1,High Value,341.0,Month-to-month,1,Fiber optic,Mailed check,Yes
7639-OPLNG,Male,0,Yes,Yes,70,Loyal Customer,79.25,High Value,5732.0,Two year,0,DSL,Bank transfer (automatic),No
3074-GQWYX,Male,0,No,No,5,New Customer,75.9,High Value,358.0,Month-to-month,1,Fiber optic,Bank transfer (automatic),Yes
1492-QGCLU,Male,0,Yes,Yes,53,Loyal Customer,85.7,High Value,4616.0,Month-to-month,1,DSL,Electronic check,No
6845-RGTYS,Female,0,Yes,No,47,Loyal Customer,98.75,High Value,4534.0,Month-to-month,1,Fiber optic,Electronic check,Yes
7328-OWMOM,Female,0,No,Yes,31,Loyal Customer,20.1,Low Value,589.0,One year,0,No,Credit card (automatic),No
4418-LZMSV,Male,0,Yes,Yes,13,Growing Customer,61.8,Medium Value,750.0,Month-to-month,1,DSL,Bank transfer (automatic),No
5155-AZQPB,Female,0,Yes,Yes,28,Loyal Customer,49.9,Medium Value,1410.0,Month-to-month,1,DSL,Mailed check,No
8861-HGGKB,Female,0,No,No,10,New Customer,86.45,High Value,831.0,Month-to-month,1,Fiber optic,Electronic check,Yes
1087-GRUYI,Male,0,Yes,No,38,Loyal Customer,20.4,Low Value,744.0,Two year,0,No,Bank transfer (automatic),No
7065-YUNRY,Female,0,No,No,1,New Customer,45.3,Medium Value,45.0,Month-to-month,1,DSL,Mailed check,Yes
7694-VLBWQ,Male,0,Yes,No,67,Loyal Customer,104.1,High Value,7041.0,One year,0,Fiber optic,Electronic check,Yes
2546-KZAAT,Male,0,Yes,No,52,Loyal Customer,75.4,High Value,3865.0,One year,0,DSL,Mailed check,No
0181-RITDD,Male,0,Yes,Yes,62,Loyal Customer,108.15,High Value,6826.0,Two year,0,Fiber optic,Mailed check,No
5989-PGKJB,Female,0,No,No,16,Growing Customer,86.25,High Value,1340.0,Month-to-month,1,Fiber optic,Electronic check,No
4795-KTRTH,Female,1,Yes,No,5,New Customer,81.0,High Value,372.0,Month-to-month,1,Fiber optic,Electronic check,Yes
8272-ONJLV,Male,0,No,No,12,Growing Customer,95.7,High Value,1184.0,One year,0,Fiber optic,Electronic check,No
1488-PBLJN,Female,0,Yes,Yes,72,Loyal Customer,116.85,High Value,8478.0,Two year,0,Fiber optic,Bank transfer (automatic),No
0308-GIQJT,Male,1,No,No,71,Loyal Customer,105.75,High Value,7383.0,One year,0,Fiber optic,Bank transfer (automatic),No
3778-FOAQW,Female,0,Yes,No,24,Loyal Customer,20.15,Low Value,457.0,One year,0,No,Mailed check,No
4452-ROHMO,Female,0,No,No,15,Growing Customer,19.6,Low Value,332.0,Two year,0,No,Mailed check,No
6481-OGDOO,Male,0,Yes,No,67,Loyal Customer,90.6,High Value,6056.0,One year,0,Fiber optic,Credit card (automatic),Yes
3090-LETTY,Male,0,No,Yes,2,New Customer,60.95,Medium Value,135.0,Month-to-month,1,DSL,Bank transfer (automatic),No
5349-AZPEW,Female,0,Yes,Yes,5,New Customer,25.05,Low Value,126.0,Month-to-month,1,DSL,Mailed check,No
3753-TSEMP,Female,0,Yes,No,15,Growing Customer,88.15,High Value,1391.0,Month-to-month,1,Fiber optic,Electronic check,Yes
8305-VHZBZ,Male,0,No,No,1,New Customer,20.2,Low Value,20.0,Month-to-month,1,No,Mailed check,Yes
9720-JJJOR,Male,0,Yes,Yes,41,Loyal Customer,60.3,Medium Value,2511.0,One year,0,DSL,Bank transfer (automatic),No
8100-HZZLJ,Female,0,No,Yes,43,Loyal Customer,63.95,Medium Value,2737.0,Month-to-month,1,DSL,Electronic check,No
8775-ERLNB,Male,1,Yes,No,1,New Customer,74.3,High Value,74.0,Month-to-month,1,Fiber optic,Electronic check,No
8309-IEYJD,Female,1,No,No,1,New Customer,70.6,High Value,71.0,Month-to-month,1,Fiber optic,Mailed check,No
9172-JITSM,Female,0,Yes,Yes,26,Loyal Customer,90.8,High Value,2362.0,Month-to-month,1,Fiber optic,Electronic check,Yes
6298-QDFNH,Male,0,No,No,22,Growing Customer,79.35,High Value,1730.0,Month-to-month,1,Fiber optic,Electronic check,Yes
7398-HPYZQ,Male,0,Yes,No,71,Loyal Customer,90.55,High Value,6404.0,Two year,0,DSL,Bank transfer (automatic),No
3546-GHEAE,Male,0,No,No,7,New Customer,19.45,Low Value,165.0,Two year,0,No,Mailed check,No
7361-YPXFS,Female,1,No,No,28,Loyal Customer,64.45,Medium Value,1868.0,Month-to-month,1,DSL,Bank transfer (automatic),No
6557-BZXLQ,Male,1,No,No,16,Growing Customer,69.65,Medium Value,1043.0,Month-to-month,1,Fiber optic,Electronic check,No
2550-QHZGP,Male,0,No,No,7,New Customer,19.5,Low Value,129.0,One year,0,No,Mailed check,No
7519-JTWQH,Female,0,No,No,69,Loyal Customer,110.5,High Value,7455.0,Two year,0,Fiber optic,Bank transfer (automatic),No
2538-OIMXF,Female,0,No,Yes,1,New Customer,24.7,Low Value,25.0,Month-to-month,1,DSL,Mailed check,No
8543-MSDMF,Male,0,No,No,3,New Customer,77.4,High Value,206.0,Month-to-month,1,DSL,Electronic check,No
9961-JBNMK,Male,1,No,No,21,Growing Customer,96.8,High Value,2030.0,Month-to-month,1,Fiber optic,Bank transfer (automatic),Yes
1170-SASML,Female,0,Yes,No,69,Loyal Customer,85.4,High Value,5869.0,Month-to-month,1,Fiber optic,Bank transfer (automatic),No
4872-JCVCA,Female,0,Yes,No,71,Loyal Customer,47.6,Medium Value,3378.0,Two year,0,DSL,Bank transfer (automatic),No
5346-BZCHP,Female,0,Yes,Yes,69,Loyal Customer,19.4,Low Value,1346.0,Two year,0,No,Mailed check,No
2038-LLMLM,Female,0,No,No,48,Loyal Customer,103.85,High Value,4946.0,Month-to-month,1,Fiber optic,Electronic check,No
6173-ITPWD,Male,0,Yes,No,47,Loyal Customer,83.35,High Value,4065.0,Month-to-month,1,Fiber optic,Bank transfer (automatic),Yes
9734-UYXQI,Female,0,No,No,2,New Customer,49.4,Medium Value,107.0,Month-to-month,1,DSL,Electronic check,Yes
1216-BGTSP,Male,0,No,No,45,Loyal Customer,108.45,High Value,4965.0,Month-to-month,1,Fiber optic,Credit card (automatic),No
4138-NAXED,Male,0,No,No,51,Loyal Customer,81.0,High Value,4086.0,Month-to-month,1,Fiber optic,Bank transfer (automatic),No
2189-UXTKY,Female,0,Yes,No,22,Growing Customer,79.2,High Value,1743.0,Month-to-month,1,DSL,Electronic check,Yes
0744-BIKKF,Male,0,No,No,72,Loyal Customer,86.65,High Value,6225.0,Two year,0,DSL,Bank transfer (automatic),No
7483-IQWIB,Male,0,Yes,Yes,37,Loyal Customer,92.95,High Value,3415.0,Month-to-month,1,Fiber optic,Electronic check,No
5248-KWLAR,Male,0,Yes,Yes,71,Loyal Customer,90.35,High Value,6325.0,Two year,0,DSL,Electronic check,No
4958-GZWIY,Male,0,Yes,Yes,7,New Customer,48.7,Medium Value,340.0,Month-to-month,1,DSL,Electronic check,Yes
7996-MHXLW,Female,0,No,No,66,Loyal Customer,25.15,Low Value,1684.0,Two year,0,No,Credit card (automatic),No
7833-PKIHD,Male,0,Yes,Yes,51,Loyal Customer,76.4,High Value,3966.0,One year,0,DSL,Bank transfer (automatic),No
7061-OVMIM,Female,0,Yes,Yes,30,Loyal Customer,19.55,Low Value,609.0,One year,0,No,Bank transfer (automatic),No
5153-RTHKF,Female,0,No,No,34,Loyal Customer,85.35,High Value,2897.0,Month-to-month,1,Fiber optic,Electronic check,No
1852-QSWCD,Male,0,Yes,Yes,64,Loyal Customer,24.8,Low Value,1515.0,Two year,0,No,Mailed check,No
4832-VRBMR,Male,1,Yes,No,65,Loyal Customer,103.15,High Value,6792.0,One year,0,Fiber optic,Bank transfer (automatic),No
9079-LWTFD,Male,0,No,No,47,Loyal Customer,100.75,High Value,4669.0,Month-to-month,1,Fiber optic,Mailed check,No
6356-ELRKD,Female,0,No,No,1,New Customer,95.6,High Value,96.0,Month-to-month,1,Fiber optic,Electronic check,Yes
8624-GIOUT,Female,0,No,No,49,Loyal Customer,59.75,Medium Value,2934.0,Month-to-month,1,DSL,Credit card (automatic),Yes
3392-EHMNK,Female,0,Yes,Yes,67,Loyal Customer,94.1,High Value,6303.0,Two year,0,Fiber optic,Credit card (automatic),No
5986-WWXDV,Male,0,No,Yes,39,Loyal Customer,19.35,Low Value,779.0,One year,0,No,Bank transfer (automatic),No
3061-BCKYI,Male,0,No,No,14,Growing Customer,19.9,Low Value,284.0,Month-to-month,1,No,Mailed check,No
6179-GJPSO,Female,1,No,No,43,Loyal Customer,108.15,High Value,4601.0,Month-to-month,1,Fiber optic,Credit card (automatic),Yes
7901-TBKJX,Male,1,No,No,56,Loyal Customer,101.05,High Value,5594.0,Month-to-month,1,Fiber optic,Electronic check,No
7228-PAQPD,Female,0,No,No,14,Growing Customer,59.1,Medium Value,773.0,One year,0,DSL,Credit card (automatic),No
3177-LASXD,Female,0,No,No,1,New Customer,71.35,High Value,71.0,Month-to-month,1,Fiber optic,Electronic check,Yes
7746-QYVCO,Male,0,Yes,Yes,16,Growing Customer,55.85,Medium Value,858.0,One year,0,DSL,Mailed check,No
5804-HYIEZ,Male,0,Yes,Yes,70,Loyal Customer,106.05,High Value,7554.0,Month-to-month,1,Fiber optic,Electronic check,No
9919-FZDED,Male,1,Yes,No,72,Loyal Customer,84.1,High Value,5982.0,Two year,0,DSL,Credit card (automatic),No
5934-TSSAU,Female,0,Yes,Yes,23,Growing Customer,75.3,High Value,1703.0,Month-to-month,1,Fiber optic,Credit card (automatic),No
3486-KHMLI,Male,0,No,Yes,21,Growing Customer,24.7,Low Value,467.0,Month-to-month,1,No,Mailed check,No
4897-QSUYC,Female,0,No,No,1,New Customer,20.15,Low Value,20.0,Month-to-month,1,No,Mailed check,Yes
1084-UQCHV,Male,0,No,Yes,1,New Customer,69.75,Medium Value,70.0,Month-to-month,1,Fiber optic,Bank transfer (automatic),Yes
8290-YWKHZ,Female,1,Yes,No,32,Loyal Customer,93.2,High Value,2931.0,Month-to-month,1,Fiber optic,Electronic check,Yes
2955-BJZHG,Male,0,Yes,Yes,17,Growing Customer,80.85,High Value,1401.0,Month-to-month,1,Fiber optic,Electronic check,Yes
3806-DXQOM,Female,0,No,No,4,New Customer,33.65,Low Value,138.0,Month-to-month,1,DSL,Electronic check,Yes
6784-XYJAE,Female,0,No,No,36,Loyal Customer,55.8,Medium Value,1942.0,One year,0,DSL,Electronic check,No
3933-DQPWX,Female,0,No,No,50,Loyal Customer,39.7,Medium Value,1933.0,Two year,0,DSL,Credit card (automatic),No
6661-EIPZC,Female,0,Yes,Yes,48,Loyal Customer,29.5,Low Value,1423.0,Month-to-month,1,DSL,Credit card (automatic),No
8957-THMOA,Female,0,No,Yes,50,Loyal Customer,20.15,Low Value,971.0,Two year,0,No,Credit card (automatic),No
2251-PYLPB,Male,0,Yes,No,72,Loyal Customer,79.55,High Value,5811.0,Two year,0,DSL,Credit card (automatic),No
5555-RNPGT,Male,0,No,Yes,10,New Customer,24.8,Low Value,224.0,Month-to-month,1,No,Credit card (automatic),No
1057-FOGLZ,Female,0,No,No,18,Growing Customer,19.65,Low Value,392.0,Month-to-month,1,No,Mailed check,No
9300-RENDD,Male,0,No,No,1,New Customer,79.95,High Value,80.0,Month-to-month,1,Fiber optic,Electronic check,Yes
0761-AETCS,Female,0,No,No,1,New Customer,19.3,Low Value,19.0,Month-to-month,1,No,Electronic check,Yes
8087-LGYHQ,Male,0,No,No,9,New Customer,94.05,High Value,812.0,Month-to-month,1,Fiber optic,Electronic check,No
4137-BTIKL,Male,0,No,No,2,New Customer,90.75,High Value,175.0,Month-to-month,1,Fiber optic,Mailed check,No
2190-BCXEC,Female,0,Yes,No,40,Loyal Customer,78.85,High Value,3127.0,Month-to-month,1,Fiber optic,Credit card (automatic),No
6227-FBDXH,Male,0,Yes,No,69,Loyal Customer,99.5,High Value,6841.0,One year,0,Fiber optic,Bank transfer (automatic),No
2153-MREFK,Female,0,Yes,No,37,Loyal Customer,99.2,High Value,3755.0,One year,0,Fiber optic,Electronic check,Yes
2911-WDXMV,Male,0,No,Yes,18,Growing Customer,80.55,High Value,1407.0,Month-to-month,1,Fiber optic,Credit card (automatic),No
7206-PQBBZ,Male,1,Yes,No,11,New Customer,70.2,High Value,835.0,Month-to-month,1,Fiber optic,Electronic check,No
3106-ULWFW,Female,0,Yes,No,8,New Customer,85.2,High Value,627.0,Month-to-month,1,Fiber optic,Credit card (automatic),Yes
0925-VYDLG,Female,0,No,No,3,New Customer,75.25,High Value,242.0,Month-to-month,1,Fiber optic,Electronic check,Yes
4547-FZJWE,Male,0,Yes,Yes,55,Loyal Customer,59.45,Medium Value,3157.0,One year,0,DSL,Credit card (automatic),No
7422-WNBTY,Male,0,Yes,No,33,Loyal Customer,93.35,High Value,3092.0,Month-to-month,1,Fiber optic,Electronic check,No
0842-IWYCP,Female,0,No,No,46,Loyal Customer,44.95,Medium Value,2169.0,Month-to-month,1,DSL,Bank transfer (automatic),No
3521-HTQTV,Male,0,No,No,34,Loyal Customer,26.1,Low Value,980.0,Two year,0,No,Bank transfer (automatic),No
3744-ZBHON,Female,0,No,No,3,New Customer,20.2,Low Value,66.0,Month-to-month,1,No,Electronic check,No
3373-DIUUN,Male,0,Yes,Yes,30,Loyal Customer,21.25,Low Value,712.0,Two year,0,No,Mailed check,No
8383-SGHJU,Female,0,No,No,33,Loyal Customer,59.4,Medium Value,1953.0,One year,0,DSL,Electronic check,No
7607-QKKTJ,Male,0,Yes,Yes,45,Loyal Customer,95.0,High Value,4369.0,One year,0,Fiber optic,Credit card (automatic),No
7707-PYBBH,Male,0,No,No,40,Loyal Customer,61.9,Medium Value,2647.0,Month-to-month,1,DSL,Mailed check,No
8984-HPEMB,Female,0,No,No,71,Loyal Customer,118.65,High Value,8478.0,Two year,0,Fiber optic,Electronic check,No
4349-GFQHK,Male,0,No,No,1,New Customer,54.35,Medium Value,54.0,Month-to-month,1,DSL,Electronic check,Yes
4139-DETXS,Female,0,Yes,Yes,72,Loyal Customer,64.45,Medium Value,4528.0,Two year,0,DSL,Bank transfer (automatic),No
9779-DPNEJ,Female,0,Yes,Yes,22,Growing Customer,80.15,High Value,1791.0,Month-to-month,1,Fiber optic,Electronic check,No
9805-FILKB,Male,0,Yes,Yes,46,Loyal Customer,20.2,Low Value,846.0,One year,0,No,Bank transfer (automatic),No
5793-YOLJN,Female,0,Yes,Yes,55,Loyal Customer,21.0,Low Value,1210.0,Two year,0,No,Mailed check,No
0673-IGUQO,Male,0,No,No,1,New Customer,20.45,Low Value,20.0,Month-to-month,1,No,Mailed check,No
4123-FCVCB,Female,0,No,No,12,Growing Customer,75.85,High Value,854.0,One year,0,DSL,Mailed check,No
8819-IMISP,Male,0,No,No,31,Loyal Customer,80.45,High Value,2429.0,Month-to-month,1,Fiber optic,Electronic check,No
7802-EFKNY,Male,0,Yes,No,5,New Customer,24.95,Low Value,100.0,Month-to-month,1,DSL,Electronic check,Yes
8311-UEUAB,Female,0,Yes,Yes,67,Loyal Customer,75.5,High Value,5229.0,Two year,0,DSL,Electronic check,No
5858-EAFCZ,Male,0,No,No,1,New Customer,44.45,Medium Value,44.0,Month-to-month,1,DSL,Mailed check,No
8035-BUYVG,Male,0,Yes,No,40,Loyal Customer,42.35,Medium Value,1716.0,One year,0,DSL,Electronic check,Yes
1163-ONYEY,Male,0,Yes,Yes,41,Loyal Customer,74.55,High Value,3024.0,Month-to-month,1,DSL,Credit card (automatic),No
9787-XVQIU,Male,0,No,No,1,New Customer,75.3,High Value,75.0,Month-to-month,1,Fiber optic,Electronic check,Yes
8945-MUQUF,Male,0,No,No,51,Loyal Customer,94.8,High Value,4838.0,One year,0,Fiber optic,Electronic check,Yes
5656-MJEFC,Male,0,Yes,Yes,42,Loyal Customer,48.15,Medium Value,2032.0,Two year,0,DSL,Credit card (automatic),No
6082-OQFBA,Male,0,Yes,Yes,23,Growing Customer,19.65,Low Value,437.0,One year,0,No,Mailed check,No
8051-HJRLT,Female,1,No,No,1,New Customer,70.55,High Value,71.0,Month-to-month,1,Fiber optic,Electronic check,Yes
8974-OVACP,Female,0,No,No,1,New Customer,20.15,Low Value,20.0,Month-to-month,1,No,Mailed check,No
4010-YLMVT,Female,0,No,No,56,Loyal Customer,106.6,High Value,5894.0,Month-to-month,1,Fiber optic,Credit card (automatic),No
1379-FRVEB,Male,0,No,Yes,15,Growing Customer,91.0,High Value,1430.0,Month-to-month,1,Fiber optic,Electronic check,No
8612-GXIDD,Male,0,Yes,Yes,12,Growing Customer,25.4,Low Value,313.0,Two year,0,No,Bank transfer (automatic),No
6288-CHQJB,Female,0,Yes,Yes,54,Loyal Customer,69.95,Medium Value,3872.0,Two year,0,DSL,Bank transfer (automatic),No
8160-HOWOX,Female,0,No,No,7,New Customer,66.85,Medium Value,458.0,Month-to-month,1,DSL,Electronic check,No
3023-GFLBR,Female,0,Yes,Yes,33,Loyal Customer,86.15,High Value,2746.0,Month-to-month,1,Fiber optic,Credit card (automatic),Yes
6648-INWPS,Male,0,Yes,Yes,16,Growing Customer,20.15,Low Value,341.0,Month-to-month,1,No,Electronic check,No
4223-BKEOR,Female,0,No,Yes,21,Growing Customer,64.85,Medium Value,1337.0,One year,0,DSL,Mailed check,No
4079-VTGLK,Male,1,Yes,No,30,Loyal Customer,74.85,High Value,2182.0,Two year,0,DSL,Electronic check,No
1763-WQFUK,Male,0,No,No,3,New Customer,50.5,Medium Value,148.0,Month-to-month,1,DSL,Mailed check,No
1391-UBDAR,Male,0,No,No,11,New Customer,72.9,High Value,818.0,Month-to-month,1,Fiber optic,Electronic check,No
8894-JVDCV,Female,0,No,No,62,Loyal Customer,115.05,High Value,7133.0,One year,0,Fiber optic,Credit card (automatic),No
2023-VQFDL,Male,0,No,No,18,Growing Customer,19.0,Low Value,349.0,Month-to-month,1,No,Electronic check,No
1345-GKDZZ,Male,0,No,Yes,6,New Customer,19.55,Low Value,129.0,Month-to-month,1,No,Mailed check,No
2014-MKGMH,Female,0,No,No,46,Loyal Customer,101.1,High Value,4674.0,One year,0,Fiber optic,Electronic check,No
5628-FCGYG,Male,0,No,No,21,Growing Customer,84.1,High Value,1737.0,Month-to-month,1,Fiber optic,Electronic check,No
2560-WBWXF,Male,0,No,No,68,Loyal Customer,24.15,Low Value,1499.0,Two year,0,No,Bank transfer (automatic),No
0248-IPDFW,Female,0,No,No,1,New Customer,50.1,Medium Value,50.0,Month-to-month,1,DSL,Electronic check,No
7978-DKUQH,Female,0,Yes,No,25,Loyal Customer,74.6,High Value,1798.0,Month-to-month,1,Fiber optic,Electronic check,No
4335-UPJSI,Female,0,No,Yes,24,Loyal Customer,19.75,Low Value,498.0,Two year,0,No,Mailed check,No
0524-IAVZO,Female,0,Yes,No,30,Loyal Customer,85.0,High Value,2624.0,Month-to-month,1,Fiber optic,Electronic check,Yes
2737-YNGYW,Female,0,No,No,2,New Customer,80.55,High Value,184.0,Month-to-month,1,Fiber optic,Electronic check,Yes
1784-EZDKJ,Male,0,Yes,No,51,Loyal Customer,106.8,High Value,5499.0,One year,0,Fiber optic,Bank transfer (automatic),No
9297-FVVDH,Female,0,Yes,Yes,57,Loyal Customer,84.5,High Value,4845.0,Two year,0,DSL,Electronic check,No
8007-YYPWD,Female,0,No,No,15,Growing Customer,25.05,Low Value,369.0,Two year,0,No,Bank transfer (automatic),No
7101-HRBLJ,Female,0,Yes,Yes,72,Loyal Customer,83.7,High Value,6097.0,Two year,0,DSL,Bank transfer (automatic),No
5159-YFPKQ,Female,0,No,No,2,New Customer,75.8,High Value,161.0,Month-to-month,1,Fiber optic,Electronic check,Yes
6635-CPNUN,Male,0,Yes,No,28,Loyal Customer,96.6,High Value,2684.0,Month-to-month,1,Fiber optic,Credit card (automatic),No
4021-RQSNY,Male,1,Yes,No,29,Loyal Customer,98.5,High Value,3004.0,Month-to-month,1,Fiber optic,Electronic check,Yes
5453-YBTWV,Male,0,Yes,Yes,70,Loyal Customer,101.1,High Value,6995.0,Two year,0,Fiber optic,Credit card (automatic),No
5039-LZRQT,Female,0,No,No,13,Growing Customer,20.2,Low Value,273.0,One year,0,No,Mailed check,No
2931-VUVJN,Female,1,Yes,No,59,Loyal Customer,94.05,High Value,5484.0,One year,0,Fiber optic,Electronic check,No
9061-TIHDA,Male,1,Yes,No,13,Growing Customer,95.25,High Value,1234.0,Month-to-month,1,Fiber optic,Electronic check,Yes
8699-ASUFO,Male,1,Yes,No,7,New Customer,74.4,High Value,528.0,Month-to-month,1,Fiber optic,Mailed check,Yes
6418-PIQSP,Female,0,Yes,No,62,Loyal Customer,81.0,High Value,4986.0,Two year,0,DSL,Mailed check,No
8220-OCUFY,Female,0,No,No,21,Growing Customer,60.25,Medium Value,1258.0,One year,0,DSL,Electronic check,No
3995-WFCSM,Female,0,No,No,2,New Customer,60.85,Medium Value,111.0,Month-to-month,1,DSL,Electronic check,No
1895-QTKDO,Female,0,No,No,1,New Customer,43.95,Medium Value,44.0,Month-to-month,1,DSL,Credit card (automatic),No
2038-OEQZH,Male,0,No,No,4,New Customer,86.05,High Value,308.0,Month-to-month,1,Fiber optic,Electronic check,No
1178-PZGAB,Female,0,No,No,19,Growing Customer,20.25,Low Value,384.0,One year,0,No,Credit card (automatic),No
7927-AUXBZ,Female,0,No,No,30,Loyal Customer,85.15,High Value,2556.0,Month-to-month,1,Fiber optic,Electronic check,Yes
2626-VEEWG,Male,0,Yes,Yes,67,Loyal Customer,19.4,Low Value,1284.0,Two year,0,No,Credit card (automatic),No
2878-RMWXY,Male,1,Yes,No,72,Loyal Customer,102.65,High Value,7550.0,Two year,0,Fiber optic,Credit card (automatic),No
1657-DYMBM,Male,0,Yes,No,53,Loyal Customer,19.9,Low Value,1110.0,Two year,0,No,Credit card (automatic),No
7311-MQJCH,Female,0,No,No,5,New Customer,19.55,Low Value,100.0,One year,0,No,Electronic check,No
7375-WMVMT,Male,1,Yes,No,71,Loyal Customer,95.5,High Value,6707.0,Two year,0,Fiber optic,Credit card (automatic),No
1136-XGEQU,Female,0,Yes,Yes,50,Loyal Customer,84.15,High Value,4164.0,One year,0,DSL,Credit card (automatic),No
2530-FMFXO,Male,0,Yes,Yes,56,Loyal Customer,103.2,High Value,5874.0,Two year,0,Fiber optic,Electronic check,No
6844-DZKRF,Male,0,No,No,2,New Customer,50.2,Medium Value,109.0,Month-to-month,1,DSL,Credit card (automatic),No
4695-WJZUE,Female,1,No,No,2,New Customer,88.55,High Value,179.0,Month-to-month,1,Fiber optic,Electronic check,Yes
7619-ODSGN,Male,0,Yes,Yes,24,Loyal Customer,54.75,Medium Value,1338.0,Month-to-month,1,DSL,Electronic check,Yes
5970-GHJAW,Male,0,Yes,Yes,46,Loyal Customer,19.95,Low Value,862.0,Two year,0,No,Credit card (automatic),No
8879-XUAHX,Male,0,Yes,No,71,Loyal Customer,116.25,High Value,8565.0,Two year,0,Fiber optic,Electronic check,No
3689-MOZGR,Female,0,No,No,29,Loyal Customer,31.2,Low Value,926.0,Month-to-month,1,DSL,Electronic check,No
4195-PNGZS,Male,0,Yes,Yes,69,Loyal Customer,24.45,Low Value,1718.0,Two year,0,No,Bank transfer (automatic),No
5003-XZWWO,Male,0,Yes,No,71,Loyal Customer,84.2,High Value,5957.0,Two year,0,DSL,Credit card (automatic),No
3988-RQIXO,Female,1,No,No,1,New Customer,91.3,High Value,91.0,Month-to-month,1,Fiber optic,Electronic check,Yes
7622-FWGEW,Male,1,Yes,No,56,Loyal Customer,85.65,High Value,4824.0,Two year,0,DSL,Bank transfer (automatic),No
6922-NCEDI,Male,0,No,Yes,56,Loyal Customer,21.2,Low Value,1239.0,One year,0,No,Mailed check,No
2514-GINMM,Male,0,No,No,1,New Customer,79.5,High Value,80.0,Month-to-month,1,Fiber optic,Electronic check,Yes
9891-NQDBD,Female,0,Yes,No,28,Loyal Customer,25.55,Low Value,672.0,One year,0,No,Mailed check,No
6131-IUNXN,Female,0,Yes,Yes,19,Growing Customer,20.2,Low Value,382.0,Month-to-month,1,No,Mailed check,No
8548-AWOFC,Male,0,Yes,No,66,Loyal Customer,63.85,Medium Value,4265.0,Month-to-month,1,DSL,Electronic check,No
9798-DRYDS,Female,0,Yes,Yes,17,Growing Customer,61.95,Medium Value,1071.0,One year,0,DSL,Mailed check,No
8532-UEFWH,Male,0,Yes,Yes,52,Loyal Customer,25.75,Low Value,1346.0,Two year,0,No,Mailed check,No
6296-DDOOR,Female,0,No,No,19,Growing Customer,58.2,Medium Value,1045.0,One year,0,DSL,Electronic check,No
7951-VRDVK,Female,0,No,No,36,Loyal Customer,85.85,High Value,3004.0,One year,0,DSL,Bank transfer (automatic),No
5931-FLJJF,Male,1,Yes,No,7,New Customer,70.1,High Value,468.0,Month-to-month,1,Fiber optic,Mailed check,Yes
4815-YOSUK,Male,0,Yes,Yes,72,Loyal Customer,104.9,High Value,7538.0,One year,0,Fiber optic,Credit card (automatic),No
2659-VXMWZ,Male,0,Yes,Yes,67,Loyal Customer,111.3,High Value,7482.0,One year,0,Fiber optic,Electronic check,Yes
0380-NEAVX,Male,1,No,No,34,Loyal Customer,99.85,High Value,3343.0,One year,0,Fiber optic,Electronic check,No
3207-OYBWH,Male,1,Yes,No,57,Loyal Customer,95.25,High Value,5427.0,Month-to-month,1,Fiber optic,Bank transfer (automatic),Yes
4285-GYRQC,Female,0,Yes,No,7,New Customer,86.25,High Value,587.0,Month-to-month,1,Fiber optic,Electronic check,Yes
7216-EWTRS,Female,1,Yes,No,1,New Customer,100.8,High Value,101.0,Month-to-month,1,Fiber optic,Electronic check,Yes
4365-MSDYN,Male,0,Yes,No,8,New Customer,19.55,Low Value,161.0,Month-to-month,1,No,Bank transfer (automatic),No
7036-TYDEC,Female,0,No,No,69,Loyal Customer,104.0,High Value,7029.0,Two year,0,Fiber optic,Electronic check,No
5802-ADBRC,Female,0,Yes,No,50,Loyal Customer,104.4,High Value,5233.0,One year,0,Fiber optic,Mailed check,No
8076-FEZKJ,Male,0,No,No,10,New Customer,19.5,Low Value,226.0,One year,0,No,Mailed check,No
5197-YPYBZ,Female,0,Yes,Yes,12,Growing Customer,25.25,Low Value,275.0,Two year,0,No,Credit card (automatic),No
8337-MSSXB,Female,0,No,No,14,Growing Customer,86.3,High Value,1181.0,Month-to-month,1,Fiber optic,Electronic check,Yes
4312-GVYNH,Female,0,Yes,No,70,Loyal Customer,49.85,Medium Value,3370.0,Two year,0,DSL,Bank transfer (automatic),No
8495-LJDFO,Female,1,No,No,64,Loyal Customer,108.95,High Value,7111.0,Month-to-month,1,Fiber optic,Bank transfer (automatic),No
0839-JTCUD,Female,0,Yes,Yes,66,Loyal Customer,89.9,High Value,5959.0,Two year,0,DSL,Credit card (automatic),No
5494-WOZRZ,Female,0,Yes,Yes,71,Loyal Customer,82.0,High Value,6000.0,Two year,0,DSL,Credit card (automatic),No
1302-UHBDD,Male,1,No,No,20,Growing Customer,89.95,High Value,1648.0,Month-to-month,1,Fiber optic,Electronic check,No
2234-EOFPT,Male,0,Yes,No,72,Loyal Customer,79.35,High Value,5753.0,Two year,0,DSL,Bank transfer (automatic),No
8619-IJNDK,Female,0,Yes,Yes,71,Loyal Customer,64.05,Medium Value,4493.0,Two year,0,DSL,Credit card (automatic),No
8378-LKJAF,Male,0,Yes,Yes,38,Loyal Customer,101.15,High Value,3957.0,Month-to-month,1,Fiber optic,Credit card (automatic),No
8182-BJDSI,Female,0,No,No,28,Loyal Customer,89.95,High Value,2626.0,Month-to-month,1,Fiber optic,Electronic check,Yes
2528-HFYZX,Male,1,Yes,No,17,Growing Customer,76.45,High Value,1233.0,Month-to-month,1,Fiber optic,Electronic check,Yes
1153-GNOLC,Male,0,No,No,33,Loyal Customer,39.1,Medium Value,1309.0,One year,0,DSL,Electronic check,No
3298-QEICA,Female,0,Yes,Yes,23,Growing Customer,34.6,Low Value,813.0,Two year,0,DSL,Mailed check,No
0788-DXBFY,Male,0,Yes,Yes,58,Loyal Customer,19.55,Low Value,1109.0,One year,0,No,Electronic check,No
3597-YASZG,Female,1,Yes,No,70,Loyal Customer,104.45,High Value,7349.0,Two year,0,Fiber optic,Bank transfer (automatic),No
3496-LFSZU,Male,0,Yes,No,4,New Customer,70.5,High Value,294.0,Month-to-month,1,Fiber optic,Electronic check,No
5242-UOWHD,Male,0,Yes,Yes,45,Loyal Customer,20.35,Low Value,929.0,Two year,0,No,Mailed check,No
2482-CZGBB,Male,0,No,No,10,New Customer,70.0,High Value,740.0,Month-to-month,1,Fiber optic,Electronic check,Yes
6479-SZPLM,Male,0,Yes,Yes,36,Loyal Customer,19.45,Low Value,755.0,Two year,0,No,Credit card (automatic),No
8097-VBQTZ,Male,0,No,No,54,Loyal Customer,69.9,Medium Value,3883.0,Month-to-month,1,DSL,Mailed check,No
4500-HKANN,Male,0,Yes,Yes,23,Growing Customer,59.7,Medium Value,1414.0,Two year,0,DSL,Mailed check,No
9917-KWRBE,Female,0,Yes,Yes,41,Loyal Customer,78.35,High Value,3211.0,One year,0,DSL,Credit card (automatic),No
3420-ZDBMA,Male,1,No,No,5,New Customer,71.45,High Value,372.0,Month-to-month,1,Fiber optic,Mailed check,No
2212-LYASK,Male,0,Yes,Yes,27,Loyal Customer,45.85,Medium Value,1246.0,One year,0,DSL,Credit card (automatic),No
1393-IMKZG,Female,0,No,No,1,New Customer,95.85,High Value,96.0,Month-to-month,1,Fiber optic,Electronic check,No
8069-RHUXK,Female,0,Yes,Yes,67,Loyal Customer,35.7,Medium Value,2546.0,Two year,0,DSL,Credit card (automatic),No
3398-GCPMU,Female,1,Yes,Yes,72,Loyal Customer,89.55,High Value,6449.0,Two year,0,DSL,Credit card (automatic),No
2908-WGAXL,Female,0,Yes,Yes,56,Loyal Customer,24.95,Low Value,1469.0,Two year,0,No,Credit card (automatic),No
3378-AJRAO,Male,0,Yes,Yes,44,Loyal Customer,24.85,Low Value,1014.0,One year,0,No,Electronic check,No
1013-QCWAM,Female,1,Yes,No,66,Loyal Customer,100.8,High Value,6691.0,Month-to-month,1,Fiber optic,Electronic check,No
0866-QLSIR,Female,0,No,No,34,Loyal Customer,64.4,Medium Value,2089.0,One year,0,DSL,Mailed check,Yes
6050-FFXES,Female,0,Yes,No,69,Loyal Customer,105.35,High Value,7241.0,Two year,0,Fiber optic,Bank transfer (automatic),No
7181-BQYBV,Female,0,Yes,Yes,1,New Customer,102.45,High Value,102.0,Month-to-month,1,Fiber optic,Electronic check,Yes
0362-RAOQO,Female,0,No,No,40,Loyal Customer,19.65,Low Value,830.0,Two year,0,No,Credit card (automatic),No
9554-DFKIC,Male,0,Yes,Yes,30,Loyal Customer,54.45,Medium Value,1589.0,Month-to-month,1,DSL,Bank transfer (automatic),No
5527-ACHSO,Female,0,No,No,11,New Customer,70.5,High Value,829.0,Month-to-month,1,DSL,Mailed check,No
0829-DDVLK,Female,0,No,No,15,Growing Customer,20.1,Low Value,302.0,One year,0,No,Credit card (automatic),No
1399-UBQIU,Male,0,No,No,11,New Customer,69.35,Medium Value,712.0,Month-to-month,1,DSL,Electronic check,No
1813-JLKWR,Female,0,Yes,Yes,64,Loyal Customer,19.8,Low Value,1337.0,One year,0,No,Bank transfer (automatic),No
0336-PIKEI,Male,1,Yes,No,72,Loyal Customer,74.4,High Value,5361.0,Two year,0,DSL,Bank transfer (automatic),No
7322-OCWHC,Male,1,Yes,No,72,Loyal Customer,93.05,High Value,6735.0,Two year,0,Fiber optic,Bank transfer (automatic),No
9537-VHDTA,Female,0,No,Yes,1,New Customer,51.2,Medium Value,51.0,Month-to-month,1,DSL,Mailed check,No
4957-TIALW,Female,0,No,Yes,15,Growing Customer,65.6,Medium Value,1010.0,One year,0,DSL,Credit card (automatic),No
2054-PJOCK,Female,0,No,No,60,Loyal Customer,80.55,High Value,4847.0,One year,0,DSL,Credit card (automatic),No
9150-HEPMB,Male,0,No,No,56,Loyal Customer,52.7,Medium Value,3020.0,One year,0,DSL,Mailed check,No
9030-QGZNL,Female,0,No,No,8,New Customer,20.85,Low Value,162.0,Two year,0,No,Mailed check,No
6204-IEUXJ,Female,0,No,No,3,New Customer,80.1,High Value,218.0,Month-to-month,1,Fiber optic,Credit card (automatic),Yes
3126-WQMGH,Female,0,Yes,No,49,Loyal Customer,52.15,Medium Value,2584.0,Month-to-month,1,DSL,Credit card (automatic),No
4529-CKBCL,Female,0,No,No,2,New Customer,80.2,High Value,146.0,Month-to-month,1,Fiber optic,Electronic check,Yes
2506-CLAKW,Female,0,No,No,6,New Customer,98.15,High Value,567.0,Month-to-month,1,Fiber optic,Bank transfer (automatic),Yes
7176-WRTNX,Male,0,No,No,70,Loyal Customer,114.95,High Value,7711.0,Two year,0,Fiber optic,Bank transfer (automatic),No
1583-IHQZE,Male,0,No,No,12,Growing Customer,112.95,High Value,1385.0,Month-to-month,1,Fiber optic,Mailed check,Yes
5732-IKGQH,Male,1,Yes,No,52,Loyal Customer,104.45,High Value,5481.0,One year,0,Fiber optic,Bank transfer (automatic),No
9239-GZHZE,Female,0,Yes,No,72,Loyal Customer,113.65,High Value,8124.0,Two year,0,Fiber optic,Credit card (automatic),No
7205-BAIAD,Female,0,No,No,40,Loyal Customer,20.6,Low Value,827.0,Two year,0,No,Bank transfer (automatic),No
0151-ONTOV,Female,0,No,No,1,New Customer,70.9,High Value,71.0,Month-to-month,1,Fiber optic,Mailed check,Yes
4140-MUHUG,Female,1,No,No,3,New Customer,86.85,High Value,221.0,Month-to-month,1,Fiber optic,Electronic check,Yes
0093-EXYQL,Female,1,No,No,40,Loyal Customer,91.55,High Value,3674.0,Month-to-month,1,Fiber optic,Electronic check,No
8064-RAVOH,Male,0,No,Yes,1,New Customer,49.85,Medium Value,50.0,Month-to-month,1,DSL,Electronic check,No
0219-QAERP,Male,0,Yes,No,30,Loyal Customer,19.8,Low Value,577.0,One year,0,No,Credit card (automatic),No
0320-JDNQG,Male,0,Yes,Yes,23,Growing Customer,99.85,High Value,2331.0,Month-to-month,1,Fiber optic,Electronic check,Yes
7180-PISOG,Male,0,Yes,Yes,1,New Customer,74.5,High Value,75.0,Month-to-month,1,Fiber optic,Electronic check,Yes
9168-INPSZ,Female,1,Yes,No,44,Loyal Customer,104.15,High Value,4496.0,Month-to-month,1,Fiber optic,Electronic check,No
3571-RFHAR,Male,0,No,No,65,Loyal Customer,109.15,High Value,6941.0,Month-to-month,1,Fiber optic,Electronic check,Yes
0015-UOCOJ,Female,1,No,No,7,New Customer,48.2,Medium Value,340.0,Month-to-month,1,DSL,Electronic check,No
5334-AFQJB,Male,1,No,No,72,Loyal Customer,25.1,Low Value,1790.0,Two year,0,No,Credit card (automatic),No
2754-SDJRD,Female,1,No,No,8,New Customer,100.15,High Value,909.0,Month-to-month,1,Fiber optic,Credit card (automatic),No
9578-VRMNM,Female,0,No,No,16,Growing Customer,65.2,Medium Value,1043.0,Month-to-month,1,DSL,Credit card (automatic),Yes
1587-FKLZB,Male,1,Yes,Yes,66,Loyal Customer,99.5,High Value,6822.0,Month-to-month,1,Fiber optic,Credit card (automatic),Yes
6140-QNRQQ,Male,0,No,No,1,New Customer,71.55,High Value,72.0,Month-to-month,1,Fiber optic,Mailed check,Yes
8963-JLGJT,Male,0,No,Yes,3,New Customer,55.9,Medium Value,158.0,Month-to-month,1,DSL,Mailed check,No
4307-KTUMW,Male,0,Yes,No,53,Loyal Customer,93.9,High Value,5029.0,Month-to-month,1,Fiber optic,Electronic check,Yes
1465-LNTLJ,Male,1,Yes,No,8,New Customer,64.4,Medium Value,582.0,Month-to-month,1,DSL,Credit card (automatic),No
5440-FLBQG,Male,1,Yes,No,69,Loyal Customer,108.4,High Value,7318.0,Two year,0,Fiber optic,Bank transfer (automatic),Yes
2135-DQWAQ,Female,0,No,No,5,New Customer,85.3,High Value,420.0,Month-to-month,1,Fiber optic,Mailed check,No
4056-QHXHZ,Female,0,Yes,Yes,72,Loyal Customer,107.45,High Value,7577.0,Two year,0,Fiber optic,Mailed check,No
7470-MCQTK,Female,0,Yes,No,13,Growing Customer,48.75,Medium Value,633.0,Month-to-month,1,DSL,Bank transfer (automatic),Yes
7488-MXJIV,Female,0,No,No,4,New Customer,85.65,High Value,322.0,Month-to-month,1,Fiber optic,Electronic check,Yes
7401-JIXNM,Female,0,Yes,Yes,54,Loyal Customer,91.3,High Value,4965.0,Two year,0,DSL,Credit card (automatic),No
9339-FIIJL,Male,0,Yes,No,72,Loyal Customer,85.95,High Value,6152.0,Two year,0,DSL,Bank transfer (automatic),No
2027-FECZV,Male,0,No,No,12,Growing Customer,106.7,High Value,1254.0,Month-to-month,1,Fiber optic,Electronic check,Yes
2672-DZUOY,Male,0,No,No,1,New Customer,25.15,Low Value,25.0,Month-to-month,1,DSL,Electronic check,Yes
4706-DGAHW,Male,1,No,No,1,New Customer,45.2,Medium Value,45.0,Month-to-month,1,DSL,Electronic check,No
3870-MQAMG,Female,0,Yes,No,54,Loyal Customer,110.35,High Value,5893.0,One year,0,Fiber optic,Electronic check,Yes
6670-MFRPK,Male,0,Yes,Yes,69,Loyal Customer,79.2,High Value,5421.0,Two year,0,Fiber optic,Credit card (automatic),No
6177-PEVRA,Female,0,No,No,48,Loyal Customer,55.5,Medium Value,2627.0,Two year,0,DSL,Credit card (automatic),No
4800-CZMPC,Female,0,Yes,Yes,48,Loyal Customer,103.25,High Value,5038.0,One year,0,Fiber optic,Credit card (automatic),Yes
4813-HQMGZ,Female,0,Yes,No,8,New Customer,90.25,High Value,744.0,Month-to-month,1,Fiber optic,Electronic check,No
7579-KKLOE,Male,0,Yes,Yes,71,Loyal Customer,91.25,High Value,6590.0,Two year,0,DSL,Mailed check,No
7377-DMMRI,Male,0,No,No,2,New Customer,47.8,Medium Value,92.0,Month-to-month,1,DSL,Electronic check,Yes
8402-EIVQS,Male,0,Yes,No,67,Loyal Customer,100.9,High Value,6733.0,One year,0,Fiber optic,Credit card (automatic),No
4947-DSMXK,Male,0,Yes,Yes,34,Loyal Customer,97.7,High Value,3410.0,Month-to-month,1,Fiber optic,Bank transfer (automatic),No
7245-NIIWQ,Female,0,No,No,3,New Customer,69.85,Medium Value,200.0,Month-to-month,1,Fiber optic,Electronic check,No
0002-ORFBO,Female,0,Yes,Yes,9,New Customer,65.6,Medium Value,593.0,One year,0,DSL,Mailed check,No
3324-OIRTO,Male,0,Yes,Yes,71,Loyal Customer,104.65,High Value,7288.0,One year,0,Fiber optic,Bank transfer (automatic),No
5414-OFQCB,Male,0,No,No,57,Loyal Customer,90.45,High Value,5230.0,Two year,0,Fiber optic,Credit card (automatic),No
4967-WPNCF,Male,0,No,No,72,Loyal Customer,63.7,Medium Value,4465.0,Two year,0,DSL,Bank transfer (automatic),No
8552-OBVRU,Female,1,Yes,Yes,48,Loyal Customer,104.5,High Value,5068.0,Month-to-month,1,Fiber optic,Electronic check,No
8499-BRXTD,Male,0,No,No,18,Growing Customer,20.1,Low Value,402.0,One year,0,No,Mailed check,No
9154-QDGTH,Male,0,Yes,Yes,43,Loyal Customer,104.3,High Value,4452.0,One year,0,Fiber optic,Credit card (automatic),No
8197-BFWVU,Female,0,Yes,Yes,72,Loyal Customer,93.25,High Value,6689.0,Two year,0,DSL,Bank transfer (automatic),No
2577-GVSIL,Male,0,Yes,Yes,35,Loyal Customer,73.45,High Value,2661.0,One year,0,DSL,Bank transfer (automatic),No
9367-OIUXP,Male,0,No,No,4,New Customer,20.7,Low Value,73.0,Month-to-month,1,No,Mailed check,No
6770-UAYGJ,Female,0,Yes,Yes,49,Loyal Customer,25.25,Low Value,1212.0,Two year,0,No,Mailed check,No
6463-HHXJR,Female,0,Yes,Yes,71,Loyal Customer,100.5,High Value,7031.0,Two year,0,Fiber optic,Bank transfer (automatic),No
7928-VJYAB,Male,0,Yes,Yes,11,New Customer,90.6,High Value,1020.0,Month-to-month,1,Fiber optic,Electronic check,No
1187-WILMM,Male,0,Yes,Yes,63,Loyal Customer,89.4,High Value,5598.0,Two year,0,DSL,Credit card (automatic),No
9776-OJUZI,Female,1,No,No,65,Loyal Customer,95.45,High Value,6223.0,Month-to-month,1,Fiber optic,Bank transfer (automatic),No
1306-RPWXZ,Female,0,No,Yes,49,Loyal Customer,20.45,Low Value,1025.0,Two year,0,No,Credit card (automatic),No
8949-JTMAY,Female,0,No,No,29,Loyal Customer,98.6,High Value,2933.0,Month-to-month,1,Fiber optic,Credit card (automatic),Yes
2774-LVQUS,Female,1,Yes,No,15,Growing Customer,83.05,High Value,1258.0,Month-to-month,1,Fiber optic,Electronic check,Yes
3097-PYWXL,Female,0,Yes,Yes,4,New Customer,19.95,Low Value,83.0,Month-to-month,1,No,Electronic check,No
2266-SJNAT,Female,0,Yes,No,72,Loyal Customer,109.15,High Value,7790.0,One year,0,Fiber optic,Credit card (automatic),No
0869-PAPRP,Female,1,Yes,No,26,Loyal Customer,85.7,High Value,2067.0,Month-to-month,1,Fiber optic,Credit card (automatic),No
4238-JSSWH,Female,1,Yes,No,35,Loyal Customer,102.05,High Value,3453.0,Month-to-month,1,Fiber optic,Bank transfer (automatic),No
2972-YDYUW,Female,0,No,No,57,Loyal Customer,94.7,High Value,5469.0,One year,0,Fiber optic,Electronic check,No
1104-FEJAM,Male,0,Yes,Yes,28,Loyal Customer,64.4,Medium Value,1802.0,Month-to-month,1,DSL,Electronic check,No
2809-ILCYT,Female,0,Yes,No,25,Loyal Customer,26.8,Low Value,734.0,One year,0,No,Mailed check,No
5499-ECUTN,Female,0,Yes,No,47,Loyal Customer,66.05,Medium Value,3021.0,One year,0,DSL,Credit card (automatic),No
4981-FLTMF,Female,0,Yes,Yes,57,Loyal Customer,65.2,Medium Value,3688.0,Month-to-month,1,DSL,Bank transfer (automatic),No
9121-PHQSR,Male,1,Yes,No,16,Growing Customer,85.05,High Value,1391.0,Month-to-month,1,Fiber optic,Credit card (automatic),No
3113-IWHLC,Male,0,No,No,5,New Customer,55.8,Medium Value,274.0,Month-to-month,1,DSL,Mailed check,No
3211-ILJTT,Male,0,Yes,No,17,Growing Customer,70.4,High Value,1214.0,Month-to-month,1,Fiber optic,Bank transfer (automatic),Yes
4612-THJBS,Female,1,No,No,56,Loyal Customer,104.75,High Value,5511.0,One year,0,Fiber optic,Bank transfer (automatic),Yes
4277-BWBML,Male,0,Yes,Yes,72,Loyal Customer,19.95,Low Value,1323.0,Two year,0,No,Bank transfer (automatic),No
4094-NSEDU,Female,1,No,No,21,Growing Customer,94.25,High Value,1974.0,Month-to-month,1,Fiber optic,Electronic check,Yes
0234-TEVTT,Female,0,Yes,Yes,48,Loyal Customer,45.0,Medium Value,2196.0,One year,0,DSL,Credit card (automatic),No
4304-TSPVK,Female,0,Yes,No,68,Loyal Customer,114.9,High Value,7844.0,Two year,0,Fiber optic,Bank transfer (automatic),No
1552-AAGRX,Female,0,No,No,30,Loyal Customer,106.4,High Value,3212.0,Month-to-month,1,Fiber optic,Bank transfer (automatic),No
2637-FKFSY,Female,0,Yes,No,3,New Customer,46.1,Medium Value,130.0,Month-to-month,1,DSL,Mailed check,No
9796-MVYXX,Female,1,No,No,14,Growing Customer,39.7,Medium Value,692.0,Two year,0,DSL,Mailed check,No
7874-ECPQJ,Female,0,No,Yes,4,New Customer,20.05,Low Value,86.0,Month-to-month,1,No,Bank transfer (automatic),No
0020-INWCK,Female,0,Yes,Yes,71,Loyal Customer,95.75,High Value,6849.0,Two year,0,Fiber optic,Credit card (automatic),No
7089-RKVSZ,Male,0,Yes,Yes,8,New Customer,24.4,Low Value,204.0,One year,0,No,Mailed check,No
2683-JXWQQ,Male,0,Yes,Yes,61,Loyal Customer,33.6,Low Value,2117.0,Month-to-month,1,DSL,Bank transfer (automatic),No
9548-ZMVTX,Male,0,Yes,Yes,72,Loyal Customer,90.45,High Value,6566.0,Two year,0,Fiber optic,Bank transfer (automatic),No
8739-XNIKG,Female,0,No,No,5,New Customer,84.0,High Value,425.0,Month-to-month,1,Fiber optic,Electronic check,No
9755-JHNMN,Female,0,No,No,49,Loyal Customer,67.4,Medium Value,3307.0,Two year,0,DSL,Bank transfer (automatic),No
3981-QSVQI,Male,0,No,No,8,New Customer,19.7,Low Value,169.0,Month-to-month,1,No,Bank transfer (automatic),No
2789-HQBOU,Male,0,No,No,3,New Customer,80.35,High Value,254.0,Month-to-month,1,Fiber optic,Electronic check,No
9424-CMPOG,Male,0,Yes,Yes,9,New Customer,19.6,Low Value,197.0,Two year,0,No,Mailed check,No
5067-WJEUN,Male,0,Yes,Yes,67,Loyal Customer,54.2,Medium Value,3838.0,Two year,0,DSL,Bank transfer (automatic),No
3450-WXOAT,Male,0,No,No,46,Loyal Customer,45.2,Medium Value,2065.0,Month-to-month,1,DSL,Credit card (automatic),No
9251-WNSOD,Female,0,Yes,No,67,Loyal Customer,75.1,High Value,5064.0,One year,0,DSL,Mailed check,No
6974-DAFLI,Female,0,Yes,No,55,Loyal Customer,19.7,Low Value,1140.0,One year,0,No,Electronic check,No
2616-UUTFK,Male,0,Yes,No,33,Loyal Customer,72.75,High Value,2447.0,Month-to-month,1,DSL,Bank transfer (automatic),No
7064-JHXCE,Male,0,Yes,Yes,62,Loyal Customer,20.05,Low Value,1264.0,Two year,0,No,Credit card (automatic),No
5103-MHMHY,Female,0,No,Yes,1,New Customer,45.95,Medium Value,46.0,Month-to-month,1,DSL,Mailed check,Yes
7989-AWGEH,Male,0,Yes,Yes,49,Loyal Customer,39.2,Medium Value,1838.0,Month-to-month,1,DSL,Electronic check,No
4373-VVHQL,Male,0,No,No,1,New Customer,44.75,Medium Value,45.0,Month-to-month,1,DSL,Electronic check,No
4559-UWIHT,Male,0,Yes,No,14,Growing Customer,82.65,High Value,1185.0,Month-to-month,1,Fiber optic,Electronic check,No
7268-IGMFD,Male,1,No,No,18,Growing Customer,93.9,High Value,1744.0,Month-to-month,1,Fiber optic,Bank transfer (automatic),No
1846-XWOQN,Female,1,No,No,1,New Customer,70.15,High Value,70.0,Month-to-month,1,Fiber optic,Electronic check,Yes
0235-KGSLC,Female,0,No,No,1,New Customer,85.55,High Value,86.0,Month-to-month,1,Fiber optic,Credit card (automatic),Yes
6650-BWFRT,Female,0,Yes,No,72,Loyal Customer,117.15,High Value,8530.0,Two year,0,Fiber optic,Credit card (automatic),No
9570-KYEUA,Male,0,No,No,64,Loyal Customer,99.25,High Value,6549.0,Two year,0,Fiber optic,Credit card (automatic),No
6993-YGFJV,Male,0,Yes,No,69,Loyal Customer,112.55,High Value,7807.0,Two year,0,Fiber optic,Bank transfer (automatic),No
2712-SYWAY,Female,0,No,No,1,New Customer,25.7,Low Value,26.0,Month-to-month,1,No,Electronic check,No
0730-BGQGF,Male,0,Yes,Yes,71,Loyal Customer,90.3,High Value,6287.0,Two year,0,DSL,Credit card (automatic),No
5498-IBWPI,Female,0,Yes,Yes,66,Loyal Customer,49.4,Medium Value,3252.0,One year,0,DSL,Credit card (automatic),No
9101-NTIXF,Male,0,No,No,2,New Customer,19.4,Low Value,51.0,Month-to-month,1,No,Mailed check,No
0013-SMEOE,Female,1,Yes,No,71,Loyal Customer,109.7,High Value,7904.0,Two year,0,Fiber optic,Bank transfer (automatic),No
9314-QDMDW,Male,0,No,No,11,New Customer,61.25,Medium Value,730.0,One year,0,DSL,Electronic check,No
9308-ANMVE,Male,0,No,Yes,47,Loyal Customer,55.3,Medium Value,2654.0,Month-to-month,1,DSL,Electronic check,No
2884-GBPFB,Female,0,Yes,No,35,Loyal Customer,70.3,High Value,2417.0,Month-to-month,1,Fiber optic,Electronic check,Yes
3757-NJYBX,Male,1,Yes,No,32,Loyal Customer,106.35,High Value,3521.0,Month-to-month,1,Fiber optic,Bank transfer (automatic),Yes
3413-DHLPB,Male,0,Yes,Yes,60,Loyal Customer,103.75,High Value,5970.0,Month-to-month,1,Fiber optic,Bank transfer (automatic),No
7649-PHJVR,Male,0,No,No,11,New Customer,19.5,Low Value,227.0,One year,0,No,Mailed check,No
6114-TCFID,Female,0,No,No,29,Loyal Customer,39.5,Medium Value,1083.0,One year,0,DSL,Credit card (automatic),No
3787-TRIAL,Male,0,Yes,Yes,21,Growing Customer,26.05,Low Value,566.0,Month-to-month,1,DSL,Electronic check,No
2573-GYRUU,Male,1,Yes,No,48,Loyal Customer,91.05,High Value,4371.0,Month-to-month,1,Fiber optic,Credit card (automatic),No
5156-UMKOW,Female,0,No,Yes,3,New Customer,29.65,Low Value,90.0,Month-to-month,1,DSL,Mailed check,No
1247-QBVSH,Female,0,Yes,Yes,43,Loyal Customer,50.2,Medium Value,2169.0,Month-to-month,1,DSL,Mailed check,No
6734-GMPVK,Male,0,No,No,5,New Customer,105.3,High Value,551.0,Month-to-month,1,Fiber optic,Electronic check,No
9822-OAOVB,Female,0,No,No,1,New Customer,55.45,Medium Value,55.0,Month-to-month,1,DSL,Electronic check,No
6161-ERDGD,Male,0,Yes,Yes,71,Loyal Customer,85.45,High Value,6301.0,One year,0,DSL,Electronic check,No
1226-JZNKR,Female,0,Yes,Yes,8,New Customer,19.8,Low Value,160.0,One year,0,No,Electronic check,No
7318-EIVKO,Male,0,No,No,8,New Customer,59.25,Medium Value,437.0,Month-to-month,1,DSL,Electronic check,No
3771-PZOBW,Male,0,No,No,20,Growing Customer,90.7,High Value,1781.0,Month-to-month,1,Fiber optic,Credit card (automatic),No
5136-KCKGI,Female,0,Yes,Yes,33,Loyal Customer,103.7,High Value,3467.0,One year,0,Fiber optic,Mailed check,Yes
8231-BSWXX,Male,0,No,No,71,Loyal Customer,79.05,High Value,5553.0,One year,0,Fiber optic,Credit card (automatic),No
6486-LHTMA,Female,1,Yes,No,31,Loyal Customer,90.7,High Value,2836.0,One year,0,Fiber optic,Electronic check,No
4083-BFNYK,Female,1,Yes,No,38,Loyal Customer,95.0,High Value,3591.0,One year,0,Fiber optic,Credit card (automatic),No
3722-WPXTK,Male,0,No,No,1,New Customer,88.35,High Value,88.0,Month-to-month,1,Fiber optic,Electronic check,Yes
7389-KBFIT,Female,0,Yes,Yes,2,New Customer,30.25,Low Value,64.0,Month-to-month,1,DSL,Mailed check,No
7176-WIONM,Female,0,Yes,No,12,Growing Customer,49.85,Medium Value,617.0,Month-to-month,1,DSL,Bank transfer (automatic),No
5141-ZUVBH,Female,0,No,Yes,9,New Customer,93.0,High Value,870.0,Month-to-month,1,Fiber optic,Bank transfer (automatic),No
1089-HDMKP,Male,1,No,Yes,11,New Customer,54.55,Medium Value,601.0,Month-to-month,1,DSL,Electronic check,No
7623-HKYRK,Male,0,No,Yes,6,New Customer,19.7,Low Value,112.0,Month-to-month,1,No,Mailed check,No
0310-SUCIN,Female,0,Yes,No,71,Loyal Customer,84.8,High Value,6046.0,One year,0,DSL,Bank transfer (automatic),No
5197-PYEPU,Female,0,Yes,Yes,42,Loyal Customer,94.45,High Value,3924.0,One year,0,Fiber optic,Credit card (automatic),No
2929-ERCFZ,Female,0,Yes,Yes,8,New Customer,94.2,High Value,777.0,Month-to-month,1,Fiber optic,Electronic check,Yes
7548-SEPYI,Female,0,No,No,5,New Customer,96.25,High Value,512.0,Month-to-month,1,Fiber optic,Electronic check,Yes
8835-VSDSE,Female,0,Yes,No,2,New Customer,70.7,High Value,141.0,Month-to-month,1,Fiber optic,Electronic check,Yes
6619-RPLQZ,Female,0,Yes,Yes,45,Loyal Customer,20.85,Low Value,892.0,Two year,0,No,Mailed check,No
3275-RHRNE,Male,0,Yes,Yes,28,Loyal Customer,60.0,Medium Value,1682.0,One year,0,DSL,Credit card (automatic),No
3503-TYDAY,Female,0,Yes,No,43,Loyal Customer,80.45,High Value,3399.0,Month-to-month,1,Fiber optic,Electronic check,No
6901-GOGZG,Male,0,No,Yes,60,Loyal Customer,84.95,High Value,4985.0,Two year,0,DSL,Electronic check,No
1623-NLDOT,Female,0,Yes,No,42,Loyal Customer,33.55,Low Value,1445.0,One year,0,DSL,Mailed check,Yes
7021-XSNYE,Male,0,Yes,Yes,7,New Customer,49.65,Medium Value,306.0,Two year,0,DSL,Credit card (automatic),No
9621-OUPYD,Female,0,Yes,No,25,Loyal Customer,20.2,Low Value,508.0,One year,0,No,Bank transfer (automatic),No
9898-KZQDZ,Female,1,Yes,Yes,40,Loyal Customer,94.55,High Value,3640.0,Month-to-month,1,Fiber optic,Credit card (automatic),Yes
8982-NHAVY,Male,0,No,No,27,Loyal Customer,100.5,High Value,2673.0,One year,0,Fiber optic,Bank transfer (automatic),No
4307-KWMXE,Male,0,No,No,10,New Customer,35.75,Medium Value,390.0,Month-to-month,1,DSL,Electronic check,No
0141-YEAYS,Female,1,No,No,27,Loyal Customer,86.45,High Value,2401.0,Month-to-month,1,Fiber optic,Bank transfer (automatic),No
2450-ZKEED,Female,0,No,No,11,New Customer,53.8,Medium Value,652.0,One year,0,DSL,Bank transfer (automatic),No
3694-DELSO,Male,0,Yes,Yes,4,New Customer,38.55,Medium Value,156.0,Month-to-month,1,DSL,Credit card (automatic),No
3893-JRNFS,Male,0,No,No,68,Loyal Customer,39.9,Medium Value,2796.0,Month-to-month,1,DSL,Bank transfer (automatic),No
9603-OAIHC,Male,1,No,No,1,New Customer,70.05,High Value,70.0,Month-to-month,1,Fiber optic,Electronic check,No
1133-KXCGE,Female,0,No,No,18,Growing Customer,20.1,Low Value,407.0,One year,0,No,Mailed check,No
5236-PERKL,Female,0,No,No,57,Loyal Customer,112.95,High Value,6465.0,Two year,0,Fiber optic,Bank transfer (automatic),Yes
0142-GVYSN,Male,0,No,No,26,Loyal Customer,20.3,Low Value,511.0,Month-to-month,1,No,Electronic check,No
1049-FYSYG,Female,0,Yes,No,17,Growing Customer,35.65,Medium Value,646.0,Month-to-month,1,DSL,Credit card (automatic),No
7854-FOKSF,Male,0,No,No,1,New Customer,35.9,Medium Value,36.0,Month-to-month,1,DSL,Electronic check,Yes
2519-FAKOD,Male,0,No,Yes,38,Loyal Customer,99.25,High Value,3777.0,Month-to-month,1,Fiber optic,Bank transfer (automatic),Yes
8406-LNMHF,Male,1,Yes,No,59,Loyal Customer,82.95,High Value,4903.0,One year,0,Fiber optic,Credit card (automatic),No
1821-BUCWY,Male,0,No,No,30,Loyal Customer,55.65,Medium Value,1654.0,Two year,0,DSL,Mailed check,No
8263-JQAIK,Male,1,No,No,2,New Customer,24.45,Low Value,48.0,Month-to-month,1,DSL,Mailed check,Yes
0023-UYUPN,Female,1,Yes,No,50,Loyal Customer,25.2,Low Value,1306.0,One year,0,No,Electronic check,No
8314-DPQHL,Male,0,No,No,9,New Customer,50.8,Medium Value,464.0,One year,0,DSL,Mailed check,No
1465-WCZVT,Female,0,Yes,Yes,3,New Customer,19.65,Low Value,61.0,Month-to-month,1,No,Mailed check,No
9481-SFCQY,Female,0,No,Yes,14,Growing Customer,59.8,Medium Value,825.0,Month-to-month,1,DSL,Credit card (automatic),No
6360-SVNWV,Female,1,No,No,31,Loyal Customer,73.55,High Value,2095.0,Month-to-month,1,Fiber optic,Credit card (automatic),No
0567-GGCAC,Female,0,No,No,7,New Customer,61.4,Medium Value,439.0,Month-to-month,1,DSL,Electronic check,No
7089-IVVAZ,Female,0,No,No,8,New Customer,103.35,High Value,847.0,Month-to-month,1,Fiber optic,Bank transfer (automatic),Yes
8884-MRNSU,Male,0,Yes,Yes,17,Growing Customer,19.9,Low Value,330.0,One year,0,No,Bank transfer (automatic),No
2171-UDMFD,Male,0,Yes,Yes,32,Loyal Customer,19.45,Low Value,675.0,Month-to-month,1,No,Credit card (automatic),No
9050-IKDZA,Female,1,No,No,2,New Customer,81.5,High Value,163.0,Month-to-month,1,Fiber optic,Mailed check,No
2205-YMZZJ,Male,1,No,No,7,New Customer,84.8,High Value,547.0,Month-to-month,1,Fiber optic,Electronic check,Yes
9802-CAQUT,Female,0,Yes,Yes,72,Loyal Customer,109.55,High Value,7887.0,Two year,0,Fiber optic,Credit card (automatic),No
1254-IZEYF,Female,1,No,No,31,Loyal Customer,99.95,High Value,3187.0,Month-to-month,1,Fiber optic,Electronic check,Yes
0187-WZNAB,Female,0,Yes,Yes,27,Loyal Customer,74.4,High Value,1972.0,Month-to-month,1,Fiber optic,Mailed check,No
9492-TOKRI,Female,0,No,No,18,Growing Customer,90.0,High Value,1527.0,Month-to-month,1,Fiber optic,Credit card (automatic),Yes
1475-VWVDO,Male,0,No,No,7,New Customer,74.9,High Value,491.0,Month-to-month,1,Fiber optic,Electronic check,No
9221-OTIVJ,Female,1,No,No,14,Growing Customer,104.85,High Value,1531.0,Month-to-month,1,Fiber optic,Electronic check,Yes
1357-MVDOZ,Male,0,Yes,Yes,11,New Customer,59.65,Medium Value,683.0,Month-to-month,1,DSL,Bank transfer (automatic),No
7602-MVRMB,Female,0,Yes,Yes,72,Loyal Customer,110.45,High Value,8059.0,Two year,0,Fiber optic,Bank transfer (automatic),No
3325-FUYCG,Male,0,Yes,Yes,28,Loyal Customer,106.1,High Value,2847.0,One year,0,Fiber optic,Electronic check,Yes
5908-QMGOE,Male,1,No,No,15,Growing Customer,74.2,High Value,1134.0,Month-to-month,1,Fiber optic,Credit card (automatic),Yes
1197-BVMVG,Female,1,No,No,4,New Customer,74.45,High Value,294.0,Month-to-month,1,Fiber optic,Electronic check,No
5406-KGRMX,Female,0,No,No,71,Loyal Customer,24.55,Low Value,1719.0,Two year,0,No,Electronic check,No
8481-YYXWG,Female,0,No,No,5,New Customer,89.35,High Value,462.0,Month-to-month,1,Fiber optic,Electronic check,Yes
5968-HYJRZ,Male,0,Yes,Yes,47,Loyal Customer,24.55,Low Value,1160.0,Two year,0,No,Mailed check,No
5198-EFNBM,Male,1,Yes,No,57,Loyal Customer,90.65,High Value,5200.0,One year,0,Fiber optic,Electronic check,No
7516-GMHUV,Male,1,Yes,No,50,Loyal Customer,105.05,High Value,5163.0,Two year,0,Fiber optic,Credit card (automatic),No
7140-ADSMJ,Male,0,No,No,8,New Customer,20.45,Low Value,162.0,Month-to-month,1,No,Credit card (automatic),No
2230-XTUWL,Female,0,Yes,Yes,48,Loyal Customer,19.55,Low Value,883.0,Two year,0,No,Mailed check,No
7706-YLMQA,Female,0,No,No,70,Loyal Customer,19.7,Low Value,1342.0,One year,0,No,Bank transfer (automatic),No
2585-KTFRE,Male,0,No,Yes,1,New Customer,70.45,High Value,70.0,Month-to-month,1,DSL,Bank transfer (automatic),No
7994-UYIVZ,Male,0,Yes,No,8,New Customer,85.65,High Value,659.0,Month-to-month,1,Fiber optic,Bank transfer (automatic),No
2609-IAICY,Female,0,No,No,1,New Customer,77.15,High Value,77.0,Month-to-month,1,Fiber optic,Electronic check,Yes
1740-CSDJP,Male,0,No,No,1,New Customer,35.25,Medium Value,35.0,Month-to-month,1,DSL,Bank transfer (automatic),Yes
7717-BICXI,Male,0,Yes,Yes,60,Loyal Customer,20.55,Low Value,1205.0,Two year,0,No,Mailed check,No
6559-RAKOZ,Male,0,Yes,Yes,49,Loyal Customer,97.95,High Value,4918.0,One year,0,Fiber optic,Electronic check,No
2636-OHFMN,Male,0,Yes,No,4,New Customer,48.55,Medium Value,201.0,Month-to-month,1,DSL,Electronic check,Yes
4716-MRVEN,Female,0,No,No,29,Loyal Customer,20.0,Low Value,599.0,One year,0,No,Mailed check,No
2143-LJULT,Female,0,Yes,No,67,Loyal Customer,25.25,Low Value,1733.0,Two year,0,No,Credit card (automatic),No
1323-OOEPC,Female,0,Yes,No,53,Loyal Customer,98.4,High Value,5150.0,Month-to-month,1,Fiber optic,Credit card (automatic),Yes
3200-MNQTF,Male,0,Yes,No,67,Loyal Customer,70.9,High Value,4677.0,Two year,0,DSL,Credit card (automatic),No
6164-HXUGH,Female,0,Yes,Yes,6,New Customer,19.85,Low Value,119.0,Month-to-month,1,No,Mailed check,No
5630-IXDXV,Female,0,No,No,47,Loyal Customer,106.35,High Value,4849.0,Month-to-month,1,Fiber optic,Electronic check,No
0320-DWVTU,Female,0,No,No,53,Loyal Customer,99.5,High Value,5424.0,Two year,0,Fiber optic,Mailed check,No
9135-MGVPY,Male,0,Yes,No,69,Loyal Customer,84.7,High Value,5879.0,Two year,0,DSL,Mailed check,No
1212-GLHMD,Male,0,No,No,3,New Customer,86.05,High Value,245.0,Month-to-month,1,Fiber optic,Mailed check,No
7878-JGDKK,Male,0,No,No,4,New Customer,44.55,Medium Value,221.0,Month-to-month,1,DSL,Mailed check,No
1088-AUUZZ,Male,0,Yes,Yes,56,Loyal Customer,75.85,High Value,4261.0,Two year,0,DSL,Credit card (automatic),No
0397-GZBBC,Male,1,Yes,No,59,Loyal Customer,93.85,High Value,5575.0,Month-to-month,1,Fiber optic,Bank transfer (automatic),Yes
6614-YWYSC,Male,1,Yes,No,61,Loyal Customer,25.0,Low Value,1502.0,Two year,0,No,Bank transfer (automatic),No
9588-OZDMQ,Female,0,Yes,No,2,New Customer,45.0,Medium Value,90.0,Month-to-month,1,DSL,Electronic check,No
7641-EUYET,Male,1,Yes,Yes,46,Loyal Customer,100.7,High Value,4541.0,Month-to-month,1,Fiber optic,Electronic check,Yes
6476-EPYZR,Male,0,Yes,Yes,12,Growing Customer,20.5,Low Value,256.0,Month-to-month,1,No,Mailed check,No
9921-ZVRHG,Female,0,No,No,14,Growing Customer,80.45,High Value,1072.0,Month-to-month,1,Fiber optic,Electronic check,Yes
1174-FGIFN,Female,0,Yes,Yes,28,Loyal Customer,90.45,High Value,2509.0,One year,0,Fiber optic,Electronic check,No
6620-HVDUJ,Male,0,No,No,24,Loyal Customer,60.45,Medium Value,1441.0,Month-to-month,1,DSL,Bank transfer (automatic),No
4701-MLJPN,Male,0,No,No,31,Loyal Customer,55.25,Medium Value,1716.0,Month-to-month,1,DSL,Electronic check,Yes
1032-MAELW,Female,0,Yes,Yes,68,Loyal Customer,78.45,High Value,5333.0,One year,0,DSL,Electronic check,No
7641-TQFHN,Male,0,No,Yes,39,Loyal Customer,100.55,High Value,3895.0,Two year,0,Fiber optic,Mailed check,No
1552-TKMXS,Female,0,Yes,No,42,Loyal Customer,20.35,Low Value,870.0,Month-to-month,1,No,Credit card (automatic),No
9206-GVPEQ,Male,0,Yes,No,13,Growing Customer,54.45,Medium Value,707.0,Month-to-month,1,DSL,Electronic check,Yes
8622-ZLFKO,Female,0,Yes,No,6,New Customer,90.75,High Value,512.0,Month-to-month,1,Fiber optic,Electronic check,No
1596-BBVTG,Male,0,No,No,35,Loyal Customer,75.35,High Value,2636.0,Month-to-month,1,Fiber optic,Credit card (automatic),Yes
6188-UXBBR,Female,0,Yes,No,38,Loyal Customer,20.25,Low Value,815.0,One year,0,No,Credit card (automatic),No
2333-KWEWW,Male,0,No,No,18,Growing Customer,20.05,Low Value,389.0,Two year,0,No,Credit card (automatic),No
5702-SKUOB,Female,0,Yes,No,4,New Customer,19.6,Low Value,93.0,Month-to-month,1,No,Mailed check,No
1134-YWTYF,Male,0,Yes,No,27,Loyal Customer,53.8,Medium Value,1390.0,Month-to-month,1,DSL,Electronic check,No
6061-GWWAV,Male,0,No,Yes,41,Loyal Customer,70.2,High Value,2895.0,One year,0,DSL,Mailed check,No
0679-TDGAK,Male,0,Yes,Yes,50,Loyal Customer,75.5,High Value,4026.0,One year,0,DSL,Electronic check,No
6585-WCEWR,Male,0,Yes,Yes,72,Loyal Customer,20.35,Low Value,1354.0,Two year,0,No,Electronic check,No
9067-YGSCA,Female,0,No,No,70,Loyal Customer,26.05,Low Value,1856.0,One year,0,No,Credit card (automatic),No
9067-SQTNS,Male,0,Yes,Yes,44,Loyal Customer,20.6,Low Value,926.0,One year,0,No,Bank transfer (automatic),No
8433-WXGNA,Male,0,No,No,2,New Customer,75.7,High Value,189.0,Month-to-month,1,Fiber optic,Electronic check,Yes
1776-SPBWV,Female,0,Yes,Yes,34,Loyal Customer,20.1,Low Value,682.0,One year,0,No,Bank transfer (automatic),No
8735-SDUFN,Female,1,Yes,No,72,Loyal Customer,24.3,Low Value,1779.0,Two year,0,No,Bank transfer (automatic),No
9668-PUGNU,Male,0,Yes,No,71,Loyal Customer,24.5,Low Value,1816.0,Two year,0,No,Electronic check,No
9405-GPBBG,Female,0,No,No,64,Loyal Customer,110.5,High Value,7069.0,Two year,0,Fiber optic,Credit card (automatic),No
1926-QUZNN,Female,0,Yes,No,72,Loyal Customer,25.25,Low Value,1841.0,Two year,0,No,Bank transfer (automatic),No
3707-GNWHM,Male,0,No,No,1,New Customer,74.25,High Value,74.0,Month-to-month,1,Fiber optic,Mailed check,Yes
7016-NVRIC,Male,1,Yes,No,29,Loyal Customer,90.1,High Value,2657.0,One year,0,Fiber optic,Bank transfer (automatic),No
5829-NVSQN,Female,0,Yes,No,23,Growing Customer,68.75,Medium Value,1689.0,One year,0,DSL,Bank transfer (automatic),No
9565-AXSMR,Male,0,Yes,Yes,52,Loyal Customer,19.2,Low Value,1055.0,Two year,0,No,Mailed check,No
8922-LIEGH,Female,1,No,No,25,Loyal Customer,89.7,High Value,2188.0,Month-to-month,1,Fiber optic,Electronic check,Yes
8869-LIHMK,Female,0,No,No,64,Loyal Customer,115.1,High Value,7334.0,Two year,0,Fiber optic,Bank transfer (automatic),No
8245-UMPYT,Female,1,No,No,16,Growing Customer,96.4,High Value,1581.0,Month-to-month,1,Fiber optic,Electronic check,Yes
5186-SAMNZ,Male,1,No,No,1,New Customer,69.5,Medium Value,70.0,Month-to-month,1,Fiber optic,Bank transfer (automatic),Yes
0447-RXSGD,Male,0,No,No,24,Loyal Customer,99.65,High Value,2405.0,Month-to-month,1,Fiber optic,Bank transfer (automatic),No
4927-WWOOZ,Male,0,Yes,No,2,New Customer,91.45,High Value,171.0,Month-to-month,1,Fiber optic,Electronic check,No
5788-YPOEG,Female,0,Yes,Yes,34,Loyal Customer,84.75,High Value,2839.0,Two year,0,DSL,Mailed check,No
5373-SFODM,Male,1,Yes,No,36,Loyal Customer,85.25,High Value,3133.0,Month-to-month,1,Fiber optic,Credit card (automatic),Yes
0661-KBKPA,Male,0,Yes,Yes,53,Loyal Customer,78.75,High Value,3942.0,One year,0,DSL,Mailed check,No
9081-WWXKP,Female,0,Yes,Yes,47,Loyal Customer,20.25,Low Value,873.0,Two year,0,No,Credit card (automatic),No
0784-ZQJZX,Male,0,No,Yes,72,Loyal Customer,19.9,Low Value,1530.0,Two year,0,No,Credit card (automatic),No
3133-PZNSR,Male,0,Yes,Yes,72,Loyal Customer,97.75,High Value,6992.0,Two year,0,Fiber optic,Credit card (automatic),No
5766-ZJYBB,Male,0,No,No,1,New Customer,19.4,Low Value,19.0,Month-to-month,1,No,Mailed check,Yes
8931-GJJIQ,Female,0,No,No,9,New Customer,83.3,High Value,803.0,Month-to-month,1,Fiber optic,Electronic check,Yes
4277-PVRAN,Female,0,No,No,8,New Customer,80.1,High Value,679.0,Month-to-month,1,Fiber optic,Bank transfer (automatic),Yes
0022-TCJCI,Male,1,No,No,45,Loyal Customer,62.7,Medium Value,2792.0,One year,0,DSL,Credit card (automatic),Yes
0722-SVSFK,Female,0,No,No,7,New Customer,100.4,High Value,715.0,Month-to-month,1,Fiber optic,Electronic check,No
3612-YVGSJ,Female,0,Yes,No,71,Loyal Customer,24.45,Low Value,1682.0,Two year,0,No,Credit card (automatic),No
9825-YCXWZ,Female,1,No,No,41,Loyal Customer,101.1,High Value,4016.0,One year,0,Fiber optic,Bank transfer (automatic),No
5397-NSKQG,Male,0,Yes,Yes,67,Loyal Customer,50.9,Medium Value,3282.0,Two year,0,DSL,Credit card (automatic),No
8565-HBFNN,Male,0,Yes,No,69,Loyal Customer,107.2,High Value,7317.0,One year,0,Fiber optic,Credit card (automatic),No
2000-DHJUY,Female,1,Yes,No,70,Loyal Customer,92.2,High Value,6474.0,Two year,0,DSL,Bank transfer (automatic),No
0203-HHYIJ,Male,0,No,No,25,Loyal Customer,25.3,Low Value,676.0,One year,0,No,Bank transfer (automatic),Yes
8670-ERCJH,Male,0,No,No,72,Loyal Customer,113.4,High Value,8164.0,Two year,0,Fiber optic,Bank transfer (automatic),No
7758-UJWYS,Male,0,Yes,Yes,34,Loyal Customer,40.55,Medium Value,1326.0,Two year,0,DSL,Electronic check,No
2050-ONYDQ,Female,0,Yes,Yes,65,Loyal Customer,26.0,Low Value,1655.0,Two year,0,No,Credit card (automatic),No
7055-JCGNI,Female,0,No,No,70,Loyal Customer,111.95,High Value,7796.0,Two year,0,Fiber optic,Credit card (automatic),No
0739-UUAJR,Female,0,Yes,Yes,72,Loyal Customer,53.8,Medium Value,3952.0,Two year,0,DSL,Credit card (automatic),No
4826-DXMUP,Male,0,No,Yes,35,Loyal Customer,72.1,High Value,2495.0,One year,0,DSL,Mailed check,No
0952-KMEEH,Male,0,No,No,13,Growing Customer,98.15,High Value,1230.0,Month-to-month,1,Fiber optic,Mailed check,Yes
7285-KLOTR,Female,0,Yes,No,12,Growing Customer,78.85,High Value,877.0,One year,0,DSL,Electronic check,No
0654-PQKDW,Female,0,Yes,Yes,62,Loyal Customer,70.75,High Value,4263.0,One year,0,DSL,Bank transfer (automatic),No
7175-NTIXE,Female,0,No,No,25,Loyal Customer,76.15,High Value,1993.0,Month-to-month,1,DSL,Credit card (automatic),No
7963-SHNDT,Female,0,No,No,52,Loyal Customer,39.1,Medium Value,1982.0,Two year,0,DSL,Mailed check,No
9796-BPKIW,Male,1,No,No,8,New Customer,69.95,Medium Value,563.0,Month-to-month,1,Fiber optic,Credit card (automatic),No
0188-GWFLE,Male,0,No,No,2,New Customer,20.05,Low Value,34.0,Month-to-month,1,No,Mailed check,No
8129-GMVGI,Female,0,Yes,Yes,56,Loyal Customer,20.05,Low Value,1090.0,Two year,0,No,Mailed check,No
2882-DDZPG,Female,0,No,No,12,Growing Customer,19.45,Low Value,227.0,Month-to-month,1,No,Bank transfer (automatic),No
3547-LQRIK,Female,0,Yes,No,47,Loyal Customer,26.9,Low Value,1251.0,One year,0,No,Electronic check,No
9137-NOQKA,Male,1,No,No,2,New Customer,19.2,Low Value,37.0,Month-to-month,1,No,Electronic check,No
5843-TTHGI,Female,0,No,No,18,Growing Customer,50.0,Medium Value,893.0,Month-to-month,1,DSL,Mailed check,No
1849-RJYIG,Female,0,No,No,8,New Customer,60.0,Medium Value,488.0,Month-to-month,1,DSL,Electronic check,No
8868-GAGIO,Male,0,Yes,No,45,Loyal Customer,84.55,High Value,3714.0,Month-to-month,1,Fiber optic,Mailed check,No
4061-UKJWL,Male,0,No,No,3,New Customer,45.45,Medium Value,142.0,Month-to-month,1,DSL,Mailed check,No
5380-XPJNZ,Female,0,No,No,38,Loyal Customer,20.05,Low Value,678.0,One year,0,No,Mailed check,No
8263-QMNTJ,Male,0,Yes,No,72,Loyal Customer,115.55,High Value,8425.0,Two year,0,Fiber optic,Electronic check,No
8178-EYZUO,Male,0,No,No,46,Loyal Customer,93.7,High Value,4155.0,Month-to-month,1,Fiber optic,Electronic check,Yes
3230-JCNZS,Female,0,Yes,Yes,71,Loyal Customer,99.0,High Value,7062.0,Two year,0,Fiber optic,Credit card (automatic),No
0277-ORXQS,Male,0,Yes,Yes,66,Loyal Customer,50.55,Medium Value,3365.0,Two year,0,DSL,Bank transfer (automatic),No
5130-IEKQT,Male,1,No,No,25,Loyal Customer,105.95,High Value,2655.0,Month-to-month,1,Fiber optic,Mailed check,Yes
3230-WYKIR,Male,0,No,No,18,Growing Customer,82.0,High Value,1425.0,One year,0,DSL,Credit card (automatic),Yes
7996-BPXHY,Female,0,Yes,Yes,13,Growing Customer,25.0,Low Value,333.0,Two year,0,No,Bank transfer (automatic),No
3227-WLKLI,Female,0,Yes,Yes,65,Loyal Customer,91.55,High Value,5964.0,Two year,0,DSL,Bank transfer (automatic),No
0407-BDJKB,Male,0,Yes,No,60,Loyal Customer,95.75,High Value,5743.0,Month-to-month,1,Fiber optic,Electronic check,Yes
2266-FUBDZ,Male,0,Yes,Yes,15,Growing Customer,19.35,Low Value,279.0,Two year,0,No,Mailed check,No
8237-ULIXL,Female,0,Yes,No,72,Loyal Customer,24.85,Low Value,1872.0,Two year,0,No,Credit card (automatic),No
9600-UDOPK,Male,0,Yes,No,30,Loyal Customer,94.05,High Value,2866.0,Month-to-month,1,Fiber optic,Credit card (automatic),Yes
8216-AZUUZ,Female,0,Yes,Yes,42,Loyal Customer,100.4,High Value,4304.0,Two year,0,Fiber optic,Electronic check,No
9153-BTBVV,Female,0,Yes,No,71,Loyal Customer,25.0,Low Value,1753.0,Two year,0,No,Bank transfer (automatic),No
4074-SJFFA,Female,0,No,No,1,New Customer,54.75,Medium Value,55.0,Month-to-month,1,DSL,Mailed check,Yes
3269-ATYWD,Male,1,No,No,39,Loyal Customer,95.65,High Value,3759.0,Month-to-month,1,Fiber optic,Bank transfer (automatic),Yes
5186-PEIZU,Female,0,No,No,35,Loyal Customer,19.25,Low Value,618.0,Month-to-month,1,No,Bank transfer (automatic),No
1074-AMIOH,Female,0,Yes,Yes,53,Loyal Customer,108.25,High Value,5935.0,Month-to-month,1,Fiber optic,Bank transfer (automatic),No
4910-GMJOT,Female,0,No,No,1,New Customer,94.6,High Value,95.0,Month-to-month,1,Fiber optic,Electronic check,Yes
0354-WYROK,Female,1,Yes,Yes,31,Loyal Customer,98.9,High Value,2911.0,Month-to-month,1,Fiber optic,Electronic check,Yes
4361-FEBGN,Male,0,No,No,48,Loyal Customer,20.15,Low Value,983.0,Two year,0,No,Credit card (automatic),No
7748-UMTRK,Female,1,No,Yes,30,Loyal Customer,101.3,High Value,2975.0,Month-to-month,1,Fiber optic,Electronic check,No
0380-ZCSBI,Male,0,No,No,10,New Customer,20.0,Low Value,199.0,Month-to-month,1,No,Credit card (automatic),No
7145-FEJWU,Female,0,No,Yes,12,Growing Customer,105.3,High Value,1276.0,Month-to-month,1,Fiber optic,Electronic check,No
6463-MVYRY,Female,1,No,No,57,Loyal Customer,69.85,Medium Value,4003.0,Two year,0,DSL,Bank transfer (automatic),No
3969-JQABI,Female,0,Yes,No,58,Loyal Customer,65.25,Medium Value,3792.0,Month-to-month,1,DSL,Credit card (automatic),No
9624-EGDEQ,Female,0,No,No,37,Loyal Customer,19.8,Low Value,813.0,Two year,0,No,Mailed check,No
1051-EQPZR,Female,0,Yes,Yes,44,Loyal Customer,19.6,Low Value,780.0,Month-to-month,1,No,Mailed check,No
5849-ASHZJ,Male,0,No,Yes,27,Loyal Customer,20.05,Low Value,553.0,One year,0,No,Credit card (automatic),No
5780-INQIK,Female,0,No,No,8,New Customer,49.4,Medium Value,408.0,Month-to-month,1,DSL,Electronic check,No
7576-OYWBN,Male,1,No,No,3,New Customer,76.05,High Value,232.0,Month-to-month,1,Fiber optic,Electronic check,Yes
4526-ZJJTM,Female,1,Yes,No,25,Loyal Customer,88.4,High Value,2191.0,Month-to-month,1,Fiber optic,Bank transfer (automatic),No
8384-FZBJK,Female,0,Yes,Yes,57,Loyal Customer,100.6,High Value,5612.0,Month-to-month,1,Fiber optic,Electronic check,No
3750-RNQKR,Female,0,No,No,12,Growing Customer,19.45,Low Value,246.0,Month-to-month,1,No,Mailed check,No
0962-CQPWQ,Female,0,Yes,Yes,62,Loyal Customer,20.3,Low Value,1296.0,Two year,0,No,Bank transfer (automatic),No
3096-YXENJ,Female,0,Yes,No,65,Loyal Customer,107.65,High Value,7083.0,Two year,0,Fiber optic,Bank transfer (automatic),No
1265-BCFEO,Female,0,Yes,No,71,Loyal Customer,80.45,High Value,5662.0,Two year,0,DSL,Bank transfer (automatic),No
5837-LXSDN,Female,0,Yes,Yes,21,Growing Customer,58.85,Medium Value,1215.0,One year,0,DSL,Credit card (automatic),No
5945-AZYHT,Male,0,Yes,No,71,Loyal Customer,109.6,High Value,7854.0,One year,0,Fiber optic,Electronic check,No
8325-QRPZR,Female,0,No,No,7,New Customer,75.15,High Value,525.0,Month-to-month,1,Fiber optic,Electronic check,No
6384-VMJHP,Female,0,No,No,72,Loyal Customer,73.0,High Value,5265.0,Two year,0,DSL,Credit card (automatic),No
2262-SLNVK,Female,0,No,No,1,New Customer,70.1,High Value,70.0,Month-to-month,1,Fiber optic,Electronic check,No
7730-CLDSV,Female,0,Yes,Yes,72,Loyal Customer,98.65,High Value,7129.0,Two year,0,Fiber optic,Bank transfer (automatic),No
1135-HIORI,Female,0,Yes,Yes,64,Loyal Customer,111.45,High Value,7267.0,One year,0,Fiber optic,Electronic check,No
0164-APGRB,Female,0,No,No,72,Loyal Customer,114.9,High Value,8497.0,Two year,0,Fiber optic,Electronic check,No
6481-ESCNL,Female,0,No,No,29,Loyal Customer,100.55,High Value,2879.0,Month-to-month,1,Fiber optic,Bank transfer (automatic),No
1790-NESIO,Female,0,No,No,13,Growing Customer,20.4,Low Value,261.0,Two year,0,No,Mailed check,No
1550-EENBN,Female,0,No,No,31,Loyal Customer,104.35,High Value,3206.0,Month-to-month,1,Fiber optic,Electronic check,No
5539-TMZLF,Male,1,No,No,1,New Customer,69.75,Medium Value,70.0,Month-to-month,1,Fiber optic,Electronic check,Yes
4323-SADQS,Male,0,Yes,Yes,7,New Customer,34.5,Low Value,279.0,Month-to-month,1,DSL,Electronic check,Yes
4446-BZKHU,Male,0,Yes,No,61,Loyal Customer,105.55,High Value,6281.0,Month-to-month,1,Fiber optic,Electronic check,Yes
5202-IVJNU,Female,0,No,Yes,39,Loyal Customer,30.1,Low Value,1131.0,Month-to-month,1,DSL,Credit card (automatic),Yes
5976-JCJRH,Male,0,Yes,No,10,New Customer,70.3,High Value,738.0,Month-to-month,1,Fiber optic,Electronic check,Yes
8198-RKSZG,Female,0,Yes,Yes,14,Growing Customer,80.45,High Value,1137.0,Month-to-month,1,DSL,Credit card (automatic),No
0137-OCGAB,Female,0,No,No,1,New Customer,80.2,High Value,80.0,Month-to-month,1,Fiber optic,Mailed check,Yes
3351-NQLDI,Female,0,Yes,Yes,67,Loyal Customer,94.35,High Value,6341.0,One year,0,Fiber optic,Credit card (automatic),Yes
9297-EONCV,Female,0,No,No,72,Loyal Customer,91.35,High Value,6697.0,Two year,0,DSL,Bank transfer (automatic),No
7593-JNWRU,Male,0,Yes,Yes,6,New Customer,44.6,Medium Value,261.0,Month-to-month,1,DSL,Bank transfer (automatic),Yes
4588-YBNIB,Female,0,No,No,1,New Customer,19.6,Low Value,20.0,Month-to-month,1,No,Mailed check,Yes
1069-QJOEE,Male,0,Yes,Yes,25,Loyal Customer,19.9,Low Value,505.0,One year,0,No,Electronic check,No
3336-JORSO,Female,1,No,No,33,Loyal Customer,110.45,High Value,3655.0,Month-to-month,1,Fiber optic,Electronic check,Yes
7799-DSEWS,Male,0,No,No,18,Growing Customer,68.35,Medium Value,1300.0,Month-to-month,1,DSL,Electronic check,No
8766-PAFNE,Male,0,Yes,No,71,Loyal Customer,79.1,High Value,5565.0,Two year,0,DSL,Credit card (automatic),No
5315-CKEQK,Male,1,Yes,Yes,28,Loyal Customer,51.0,Medium Value,1382.0,One year,0,DSL,Electronic check,No
3130-ICDUP,Female,0,No,Yes,2,New Customer,80.55,High Value,188.0,Month-to-month,1,Fiber optic,Credit card (automatic),No
0820-FNRNX,Male,0,Yes,Yes,17,Growing Customer,66.7,Medium Value,1077.0,Month-to-month,1,DSL,Mailed check,No
0880-FVFWF,Male,0,No,No,56,Loyal Customer,86.4,High Value,4922.0,Month-to-month,1,Fiber optic,Electronic check,No
4611-ANLQC,Female,0,Yes,No,60,Loyal Customer,50.05,Medium Value,2912.0,One year,0,DSL,Electronic check,No
4213-HKBJO,Female,0,No,No,33,Loyal Customer,25.7,Low Value,826.0,Two year,0,No,Credit card (automatic),No
2792-LSHWX,Female,0,No,No,1,New Customer,83.4,High Value,83.0,Month-to-month,1,Fiber optic,Mailed check,No
5028-GZLDO,Male,0,No,No,2,New Customer,70.7,High Value,141.0,Month-to-month,1,Fiber optic,Credit card (automatic),Yes
0014-BMAQU,Male,0,Yes,No,63,Loyal Customer,84.65,High Value,5378.0,Two year,0,Fiber optic,Credit card (automatic),No
6861-XWTWQ,Male,1,Yes,No,7,New Customer,99.25,High Value,665.0,Month-to-month,1,Fiber optic,Electronic check,Yes
9018-PCIOK,Female,0,No,No,55,Loyal Customer,64.75,Medium Value,3617.0,Two year,0,DSL,Mailed check,No
4837-QUSFT,Female,0,Yes,No,65,Loyal Customer,100.15,High Value,6644.0,One year,0,Fiber optic,Bank transfer (automatic),No
6877-TJMBR,Male,0,Yes,No,1,New Customer,84.8,High Value,85.0,Month-to-month,1,Fiber optic,Electronic check,Yes
9953-ZMKSM,Male,0,No,No,63,Loyal Customer,25.25,Low Value,1559.0,Two year,0,No,Mailed check,No
0907-HQNTS,Female,1,Yes,No,70,Loyal Customer,113.0,High Value,7988.0,Two year,0,Fiber optic,Credit card (automatic),No
7665-NKLAV,Female,0,Yes,Yes,36,Loyal Customer,40.65,Medium Value,1547.0,Two year,0,DSL,Credit card (automatic),No
6769-DCQLI,Male,0,No,No,52,Loyal Customer,105.0,High Value,5427.0,One year,0,Fiber optic,Bank transfer (automatic),Yes
2433-KMEAS,Male,0,No,No,22,Growing Customer,54.45,Medium Value,1127.0,Month-to-month,1,DSL,Electronic check,Yes
4391-LNRXK,Male,0,No,No,22,Growing Customer,94.95,High Value,2143.0,Month-to-month,1,Fiber optic,Bank transfer (automatic),No
8250-ZNGGW,Female,1,No,No,5,New Customer,59.9,Medium Value,288.0,Month-to-month,1,DSL,Credit card (automatic),No
2195-ZRVAX,Female,0,Yes,No,47,Loyal Customer,85.3,High Value,4046.0,Month-to-month,1,Fiber optic,Electronic check,Yes
3550-SAHFP,Female,0,No,No,33,Loyal Customer,83.35,High Value,2758.0,Month-to-month,1,Fiber optic,Electronic check,Yes
2011-TRQYE,Male,0,No,No,18,Growing Customer,33.5,Low Value,600.0,Month-to-month,1,DSL,Credit card (automatic),Yes
8562-GHPPI,Female,0,No,No,1,New Customer,19.8,Low Value,20.0,Month-to-month,1,No,Credit card (automatic),No
5893-PYOLZ,Male,0,No,No,56,Loyal Customer,81.8,High Value,4534.0,Two year,0,DSL,Credit card (automatic),No
4986-MXSFP,Female,0,No,No,2,New Customer,20.0,Low Value,41.0,Month-to-month,1,No,Mailed check,No
6131-FOYAS,Male,0,No,No,35,Loyal Customer,59.6,Medium Value,2095.0,Month-to-month,1,DSL,Electronic check,No
3027-YNWZU,Female,0,Yes,No,64,Loyal Customer,25.0,Low Value,1585.0,Two year,0,No,Credit card (automatic),No
5609-IMCGG,Female,0,No,No,15,Growing Customer,84.35,High Value,1303.0,Month-to-month,1,Fiber optic,Credit card (automatic),No
4873-ILOLJ,Male,0,No,No,24,Loyal Customer,90.35,High Value,2239.0,Month-to-month,1,Fiber optic,Electronic check,Yes
4727-MCYZG,Male,0,No,No,1,New Customer,55.55,Medium Value,56.0,Month-to-month,1,DSL,Mailed check,No
9481-WHGWY,Female,0,Yes,Yes,70,Loyal Customer,75.35,High Value,5438.0,Two year,0,DSL,Credit card (automatic),No
2725-KXXWT,Male,0,Yes,No,1,New Customer,90.75,High Value,91.0,Month-to-month,1,Fiber optic,Electronic check,Yes
9565-DJPIB,Female,0,No,Yes,4,New Customer,89.6,High Value,366.0,Month-to-month,1,Fiber optic,Mailed check,Yes
4328-VUFWD,Female,0,No,No,39,Loyal Customer,59.3,Medium Value,2209.0,One year,0,DSL,Electronic check,No
3301-LSLWQ,Female,0,No,No,29,Loyal Customer,66.1,Medium Value,1912.0,Month-to-month,1,DSL,Electronic check,No
7473-ZBDSN,Female,0,Yes,Yes,14,Growing Customer,18.8,Low Value,256.0,Two year,0,No,Mailed check,No
3166-PNEOF,Female,0,No,No,61,Loyal Customer,86.45,High Value,5175.0,Two year,0,DSL,Credit card (automatic),No
5639-NTUPK,Male,0,No,Yes,13,Growing Customer,52.1,Medium Value,671.0,Month-to-month,1,DSL,Credit card (automatic),No
8780-YRMTT,Female,0,No,No,66,Loyal Customer,47.4,Medium Value,3177.0,Two year,0,DSL,Mailed check,No
8348-HFYIV,Male,0,No,No,2,New Customer,49.25,Medium Value,90.0,Month-to-month,1,DSL,Electronic check,Yes
5140-FOMCQ,Female,0,Yes,No,59,Loyal Customer,109.15,High Value,6558.0,One year,0,Fiber optic,Credit card (automatic),No
6242-SGYTS,Male,0,Yes,Yes,62,Loyal Customer,94.95,High Value,5792.0,One year,0,Fiber optic,Credit card (automatic),No
8166-ORCHU,Male,1,Yes,No,33,Loyal Customer,93.55,High Value,3056.0,One year,0,Fiber optic,Electronic check,No
8414-OOEEL,Male,0,No,Yes,66,Loyal Customer,79.5,High Value,5196.0,Two year,0,DSL,Credit card (automatic),No
8454-AATJP,Female,0,No,No,72,Loyal Customer,115.05,High Value,8405.0,Two year,0,Fiber optic,Credit card (automatic),No
6849-WLEYG,Male,0,No,Yes,1,New Customer,19.75,Low Value,20.0,Month-to-month,1,No,Mailed check,Yes
4659-NZRUF,Female,0,No,No,19,Growing Customer,95.15,High Value,1789.0,Month-to-month,1,Fiber optic,Electronic check,Yes
4531-AUZNK,Female,0,Yes,Yes,51,Loyal Customer,95.15,High Value,5000.0,One year,0,Fiber optic,Mailed check,No
4191-XOVOM,Male,0,No,No,63,Loyal Customer,105.4,High Value,6713.0,Month-to-month,1,Fiber optic,Electronic check,No
2150-OEGBV,Male,0,No,No,27,Loyal Customer,20.1,Low Value,563.0,One year,0,No,Bank transfer (automatic),No
8429-XIBUM,Male,0,No,No,22,Growing Customer,101.35,High Value,2317.0,Month-to-month,1,Fiber optic,Bank transfer (automatic),Yes
1855-CFULU,Female,1,No,No,4,New Customer,20.05,Low Value,91.0,Month-to-month,1,No,Mailed check,No
4878-BUNFV,Male,0,Yes,Yes,42,Loyal Customer,20.7,Low Value,829.0,Two year,0,No,Mailed check,No
1872-EBWSC,Female,0,No,No,29,Loyal Customer,20.35,Low Value,617.0,One year,0,No,Mailed check,No
2608-BHKFN,Female,0,No,No,4,New Customer,70.05,High Value,267.0,Month-to-month,1,Fiber optic,Credit card (automatic),Yes
7026-YMSBE,Male,0,No,No,30,Loyal Customer,19.7,Low Value,625.0,One year,0,No,Mailed check,No
7341-LXCAF,Male,0,Yes,No,4,New Customer,74.65,High Value,301.0,Month-to-month,1,Fiber optic,Electronic check,Yes
6997-UVGOX,Male,0,Yes,Yes,71,Loyal Customer,85.45,High Value,6030.0,Two year,0,DSL,Bank transfer (automatic),No
9674-EHPPG,Male,0,Yes,No,46,Loyal Customer,40.4,Medium Value,1843.0,Two year,0,DSL,Credit card (automatic),No
9462-MJUAW,Male,0,No,No,4,New Customer,50.4,Medium Value,207.0,Month-to-month,1,DSL,Mailed check,Yes
8128-YVJRG,Female,0,No,No,7,New Customer,79.65,High Value,605.0,Month-to-month,1,Fiber optic,Mailed check,Yes
5440-VHLUL,Male,0,No,No,69,Loyal Customer,105.2,High Value,7386.0,One year,0,Fiber optic,Bank transfer (automatic),No
5781-BKHOP,Female,0,Yes,No,72,Loyal Customer,100.65,High Value,7334.0,Two year,0,Fiber optic,Bank transfer (automatic),No
4283-FUTGF,Male,1,No,No,19,Growing Customer,79.85,High Value,1472.0,Month-to-month,1,Fiber optic,Electronic check,Yes
5213-TWWJU,Male,0,No,No,28,Loyal Customer,91.0,High Value,2626.0,Month-to-month,1,Fiber optic,Electronic check,No
1569-TTNYJ,Male,0,Yes,No,5,New Customer,78.75,High Value,412.0,Month-to-month,1,Fiber optic,Electronic check,Yes
8628-MFKAX,Female,1,Yes,No,72,Loyal Customer,116.75,High Value,8277.0,Two year,0,Fiber optic,Credit card (automatic),No
2397-BRLOM,Male,1,Yes,Yes,8,New Customer,80.45,High Value,583.0,Month-to-month,1,Fiber optic,Credit card (automatic),Yes
7629-WIXZF,Female,0,No,No,7,New Customer,59.1,Medium Value,369.0,One year,0,DSL,Electronic check,No
5445-GLVOT,Female,0,No,No,22,Growing Customer,49.8,Medium Value,1049.0,Month-to-month,1,DSL,Electronic check,No
3976-HXHCE,Male,0,No,No,72,Loyal Customer,19.3,Low Value,1415.0,Two year,0,No,Bank transfer (automatic),No
2466-NEJOJ,Male,0,Yes,Yes,8,New Customer,19.65,Low Value,170.0,Month-to-month,1,No,Credit card (automatic),No
0254-KCJGT,Male,0,Yes,No,52,Loyal Customer,81.4,High Value,4354.0,One year,0,DSL,Credit card (automatic),No
5472-CVMDX,Female,0,No,No,68,Loyal Customer,38.9,Medium Value,2719.0,Two year,0,DSL,Mailed check,No
6461-SZMCV,Female,0,Yes,No,71,Loyal Customer,87.95,High Value,6365.0,Two year,0,DSL,Bank transfer (automatic),No
8150-QUDFX,Male,0,No,No,2,New Customer,19.85,Low Value,52.0,Month-to-month,1,No,Mailed check,No
9508-ILZDG,Female,1,No,No,34,Loyal Customer,96.35,High Value,3190.0,Month-to-month,1,Fiber optic,Electronic check,No
2346-DJQTB,Female,0,No,No,35,Loyal Customer,24.15,Low Value,813.0,Month-to-month,1,DSL,Electronic check,No
1697-LYYYX,Female,0,Yes,Yes,61,Loyal Customer,19.1,Low Value,1144.0,One year,0,No,Credit card (automatic),No
1942-OQFRW,Male,0,No,No,1,New Customer,44.0,Medium Value,44.0,Month-to-month,1,DSL,Electronic check,No
4749-VFKVB,Female,0,No,No,1,New Customer,50.1,Medium Value,50.0,Month-to-month,1,DSL,Mailed check,Yes
9640-ZSLDC,Female,0,Yes,Yes,53,Loyal Customer,60.6,Medium Value,3297.0,One year,0,DSL,Credit card (automatic),No
4231-LZUYM,Female,0,Yes,No,72,Loyal Customer,25.65,Low Value,1887.0,Two year,0,No,Bank transfer (automatic),No
7598-UAASY,Male,0,Yes,No,2,New Customer,76.4,High Value,152.0,Month-to-month,1,Fiber optic,Electronic check,Yes
7938-OUHIO,Male,0,No,No,3,New Customer,98.7,High Value,294.0,Month-to-month,1,Fiber optic,Electronic check,Yes
8510-AWCXC,Female,1,No,No,13,Growing Customer,100.8,High Value,1308.0,Month-to-month,1,Fiber optic,Electronic check,Yes
6128-AQBMT,Male,1,Yes,No,41,Loyal Customer,53.95,Medium Value,2215.0,Month-to-month,1,DSL,Electronic check,No
3594-BDSOA,Female,0,Yes,No,24,Loyal Customer,20.4,Low Value,483.0,One year,0,No,Credit card (automatic),No
0431-APWVY,Female,0,Yes,Yes,28,Loyal Customer,90.1,High Value,2599.0,One year,0,Fiber optic,Bank transfer (automatic),Yes
5133-VRSAB,Male,0,No,No,8,New Customer,29.35,Low Value,216.0,Month-to-month,1,DSL,Mailed check,No
5996-DAOQL,Male,0,No,No,1,New Customer,20.45,Low Value,20.0,Month-to-month,1,No,Mailed check,No
6838-YAUVY,Female,0,No,No,54,Loyal Customer,95.1,High Value,5065.0,Two year,0,Fiber optic,Bank transfer (automatic),No
0484-JPBRU,Male,0,No,No,41,Loyal Customer,25.25,Low Value,996.0,Month-to-month,1,No,Bank transfer (automatic),No
7883-ROJOC,Female,0,Yes,No,19,Growing Customer,44.9,Medium Value,840.0,Month-to-month,1,DSL,Mailed check,No
0244-LGNFY,Female,0,Yes,Yes,72,Loyal Customer,92.65,High Value,6733.0,Two year,0,DSL,Bank transfer (automatic),No
7274-CGTOD,Male,0,No,No,62,Loyal Customer,43.7,Medium Value,2618.0,Two year,0,DSL,Bank transfer (automatic),No
4295-YURET,Female,1,Yes,Yes,56,Loyal Customer,72.6,High Value,4084.0,Two year,0,DSL,Credit card (automatic),No
3426-NIYYL,Male,0,No,No,15,Growing Customer,51.55,Medium Value,766.0,Month-to-month,1,DSL,Electronic check,Yes
8225-BTJAU,Male,1,No,No,10,New Customer,79.25,High Value,794.0,Month-to-month,1,Fiber optic,Electronic check,Yes
4635-EJYPD,Male,0,Yes,Yes,32,Loyal Customer,18.95,Low Value,614.0,Two year,0,No,Mailed check,No
1866-ZSLJM,Male,0,No,No,21,Growing Customer,20.5,Low Value,403.0,Month-to-month,1,No,Credit card (automatic),No
4636-TVXVG,Male,0,Yes,Yes,62,Loyal Customer,19.95,Low Value,1245.0,One year,0,No,Bank transfer (automatic),No
4236-UJPWO,Female,0,No,No,2,New Customer,24.5,Low Value,46.0,Month-to-month,1,DSL,Electronic check,No
9392-XBGTD,Male,0,No,Yes,27,Loyal Customer,20.6,Low Value,582.0,Two year,0,No,Mailed check,No
3387-VATUS,Male,0,No,No,5,New Customer,94.85,High Value,463.0,Month-to-month,1,Fiber optic,Bank transfer (automatic),Yes
6402-SSEJG,Female,0,No,No,25,Loyal Customer,61.05,Medium Value,1540.0,One year,0,DSL,Electronic check,No
1143-NMNQJ,Female,0,No,No,2,New Customer,85.7,High Value,170.0,Month-to-month,1,Fiber optic,Electronic check,Yes
1169-SAOCL,Male,0,No,No,49,Loyal Customer,106.65,High Value,5168.0,One year,0,Fiber optic,Bank transfer (automatic),No
1110-KYLGQ,Female,0,No,No,63,Loyal Customer,108.25,High Value,6780.0,Month-to-month,1,Fiber optic,Credit card (automatic),No
9929-PLVPA,Female,0,No,Yes,4,New Customer,20.4,Low Value,95.0,Month-to-month,1,No,Credit card (automatic),No
3518-PZXZQ,Female,0,Yes,No,1,New Customer,55.3,Medium Value,55.0,Month-to-month,1,DSL,Mailed check,No
2371-JUNGC,Male,0,No,No,11,New Customer,20.25,Low Value,208.0,Month-to-month,1,No,Mailed check,No
7693-QPEFS,Male,1,No,No,52,Loyal Customer,72.95,High Value,3830.0,Month-to-month,1,Fiber optic,Bank transfer (automatic),No
0924-BJCRC,Female,1,Yes,No,60,Loyal Customer,89.45,High Value,5295.0,Month-to-month,1,Fiber optic,Electronic check,No
5074-FBGHB,Male,0,No,No,64,Loyal Customer,104.65,High Value,6890.0,One year,0,Fiber optic,Credit card (automatic),No
2351-BKRZW,Female,0,Yes,Yes,43,Loyal Customer,75.2,High Value,3254.0,Two year,0,DSL,Bank transfer (automatic),No
4455-BFSPD,Female,0,Yes,No,61,Loyal Customer,101.15,High Value,6384.0,One year,0,Fiber optic,Bank transfer (automatic),No
0415-MOSGF,Female,0,No,No,1,New Customer,44.4,Medium Value,44.0,Month-to-month,1,DSL,Mailed check,Yes
1724-BQUHA,Male,1,No,No,5,New Customer,89.5,High Value,478.0,Month-to-month,1,Fiber optic,Electronic check,Yes
3948-KXDUF,Male,0,No,No,66,Loyal Customer,68.75,Medium Value,4448.0,Two year,0,DSL,Bank transfer (automatic),No
2323-ARSVR,Male,0,Yes,No,67,Loyal Customer,111.05,High Value,7321.0,Two year,0,Fiber optic,Electronic check,No
0815-MFZGM,Female,0,Yes,No,42,Loyal Customer,99.0,High Value,4135.0,Two year,0,Fiber optic,Credit card (automatic),No
4826-XTSOH,Male,1,Yes,No,1,New Customer,86.05,High Value,86.0,Month-to-month,1,Fiber optic,Electronic check,Yes
5480-XTFFL,Female,0,Yes,Yes,31,Loyal Customer,21.0,Low Value,698.0,Two year,0,No,Mailed check,No
8295-FHIVV,Male,0,No,No,7,New Customer,19.4,Low Value,169.0,Month-to-month,1,No,Mailed check,No
2495-INZWQ,Male,0,No,No,4,New Customer,44.55,Medium Value,174.0,Month-to-month,1,DSL,Electronic check,Yes
9086-YJYXS,Male,0,Yes,Yes,34,Loyal Customer,77.2,High Value,2754.0,One year,0,DSL,Bank transfer (automatic),No
1179-INLAT,Male,0,No,No,3,New Customer,19.45,Low Value,69.0,One year,0,No,Mailed check,No
7909-FIOIY,Female,0,Yes,Yes,19,Growing Customer,24.85,Low Value,435.0,Month-to-month,1,DSL,Mailed check,No
4139-SUGLD,Male,0,Yes,Yes,31,Loyal Customer,35.4,Medium Value,1078.0,Month-to-month,1,DSL,Bank transfer (automatic),Yes
6857-VWJDT,Female,0,No,No,1,New Customer,95.65,High Value,96.0,Month-to-month,1,Fiber optic,Mailed check,Yes
6351-SCJKT,Male,0,No,No,3,New Customer,41.35,Medium Value,107.0,Month-to-month,1,DSL,Mailed check,No
5468-BPMMO,Male,0,Yes,No,46,Loyal Customer,19.6,Low Value,851.0,Month-to-month,1,No,Electronic check,No
5624-BQSSA,Female,0,No,No,1,New Customer,20.95,Low Value,21.0,Month-to-month,1,No,Mailed check,Yes
0197-PNKNK,Female,0,Yes,Yes,69,Loyal Customer,84.45,High Value,5849.0,One year,0,Fiber optic,Bank transfer (automatic),No
2439-QKJUL,Male,0,No,No,5,New Customer,20.25,Low Value,110.0,Month-to-month,1,No,Mailed check,No
1194-SPVSP,Male,0,No,No,1,New Customer,19.65,Low Value,20.0,Month-to-month,1,No,Bank transfer (automatic),No
9534-NSXEM,Male,0,No,No,26,Loyal Customer,20.65,Low Value,596.0,One year,0,No,Credit card (automatic),No
2408-WITXK,Female,1,No,No,10,New Customer,34.7,Low Value,330.0,Month-to-month,1,DSL,Electronic check,Yes
8929-KSWIH,Male,0,No,No,25,Loyal Customer,99.3,High Value,2514.0,Two year,0,Fiber optic,Bank transfer (automatic),No
2250-IVBWA,Male,0,Yes,Yes,64,Loyal Customer,81.05,High Value,5135.0,Month-to-month,1,Fiber optic,Electronic check,No
1810-MVMAI,Male,0,Yes,Yes,30,Loyal Customer,67.6,Medium Value,2000.0,Month-to-month,1,DSL,Electronic check,No
9506-UXUSK,Male,0,No,No,13,Growing Customer,70.15,High Value,932.0,Month-to-month,1,Fiber optic,Electronic check,No
1229-RCALF,Female,0,Yes,No,64,Loyal Customer,115.0,High Value,7396.0,One year,0,Fiber optic,Electronic check,No
3572-UOLYZ,Female,0,No,Yes,46,Loyal Customer,84.8,High Value,3959.0,Month-to-month,1,Fiber optic,Bank transfer (automatic),No
1429-UYJSV,Female,0,No,No,12,Growing Customer,19.7,Low Value,261.0,One year,0,No,Mailed check,No
5577-OTWWW,Female,0,No,No,15,Growing Customer,19.75,Low Value,297.0,Month-to-month,1,No,Bank transfer (automatic),Yes
6100-QQHEB,Male,0,Yes,Yes,17,Growing Customer,92.55,High Value,1515.0,Month-to-month,1,Fiber optic,Electronic check,Yes
6366-XIVKZ,Female,0,Yes,Yes,13,Growing Customer,63.15,Medium Value,817.0,Month-to-month,1,DSL,Mailed check,No
3470-OBUET,Female,0,Yes,Yes,67,Loyal Customer,74.0,High Value,4868.0,Two year,0,DSL,Credit card (automatic),No
2770-NSVDG,Male,0,Yes,No,24,Loyal Customer,29.1,Low Value,688.0,Month-to-month,1,DSL,Electronic check,No
9375-MHRRS,Male,0,No,No,6,New Customer,50.05,Medium Value,288.0,Month-to-month,1,DSL,Mailed check,No
2634-HCZGT,Male,1,Yes,No,53,Loyal Customer,60.05,Medium Value,3230.0,One year,0,DSL,Electronic check,Yes
7503-QQRVF,Male,1,Yes,No,16,Growing Customer,74.3,High Value,1178.0,Month-to-month,1,Fiber optic,Credit card (automatic),Yes
4860-YZGZM,Male,0,No,No,10,New Customer,20.0,Low Value,185.0,Month-to-month,1,No,Electronic check,No
6599-GZWCM,Female,0,No,No,13,Growing Customer,74.65,High Value,966.0,One year,0,Fiber optic,Mailed check,No
2691-NZETQ,Male,0,No,No,9,New Customer,85.35,High Value,759.0,Month-to-month,1,Fiber optic,Electronic check,Yes
4404-HIBDJ,Female,0,No,No,25,Loyal Customer,74.3,High Value,1864.0,One year,0,DSL,Mailed check,Yes
5533-NHFRF,Male,1,No,No,7,New Customer,44.4,Medium Value,266.0,Month-to-month,1,DSL,Electronic check,No
7037-MTYVW,Male,0,Yes,Yes,38,Loyal Customer,85.4,High Value,3297.0,Two year,0,DSL,Bank transfer (automatic),No
4760-THGOT,Female,0,Yes,No,43,Loyal Customer,94.1,High Value,4107.0,Month-to-month,1,Fiber optic,Electronic check,No
7295-JOMMD,Female,0,No,Yes,4,New Customer,98.1,High Value,396.0,Month-to-month,1,Fiber optic,Bank transfer (automatic),Yes
4016-BJKTZ,Female,0,No,No,25,Loyal Customer,108.9,High Value,2809.0,Two year,0,Fiber optic,Electronic check,No
6584-VQMYT,Male,0,No,Yes,27,Loyal Customer,56.2,Medium Value,1568.0,One year,0,DSL,Mailed check,No
9838-BFCQT,Male,0,Yes,Yes,72,Loyal Customer,26.1,Low Value,1851.0,Two year,0,No,Mailed check,No
2790-XUYMV,Male,0,No,Yes,71,Loyal Customer,85.45,High Value,6029.0,One year,0,Fiber optic,Credit card (automatic),No
0581-MDMPW,Female,0,No,No,24,Loyal Customer,88.95,High Value,2073.0,Month-to-month,1,Fiber optic,Credit card (automatic),No
5013-SBUIH,Female,0,No,No,50,Loyal Customer,109.65,High Value,5551.0,Two year,0,Fiber optic,Electronic check,Yes
1023-BQXZE,Male,0,No,No,57,Loyal Customer,74.35,High Value,4317.0,Two year,0,DSL,Bank transfer (automatic),No
9163-GHAYE,Female,0,No,No,15,Growing Customer,48.85,Medium Value,737.0,Month-to-month,1,DSL,Electronic check,No
3904-UKFRE,Male,0,No,No,4,New Customer,80.1,High Value,336.0,Month-to-month,1,Fiber optic,Electronic check,No
5353-WILCI,Female,0,No,No,28,Loyal Customer,56.05,Medium Value,1523.0,Month-to-month,1,DSL,Electronic check,No
0709-TVGUR,Female,1,No,No,9,New Customer,74.55,High Value,623.0,Month-to-month,1,Fiber optic,Electronic check,Yes
0058-EVZWM,Female,0,Yes,No,55,Loyal Customer,89.8,High Value,4960.0,Month-to-month,1,Fiber optic,Bank transfer (automatic),No
6023-YEBUP,Male,0,No,No,3,New Customer,100.95,High Value,330.0,Month-to-month,1,Fiber optic,Electronic check,Yes
7209-JCUDS,Male,0,No,No,10,New Customer,94.9,High Value,1049.0,Month-to-month,1,Fiber optic,Electronic check,Yes
7009-PCARS,Male,0,No,Yes,55,Loyal Customer,19.1,Low Value,1002.0,One year,0,No,Bank transfer (automatic),No
0519-DRGTI,Female,0,Yes,Yes,20,Growing Customer,20.35,Low Value,443.0,Month-to-month,1,No,Mailed check,No
1017-FBQMM,Female,0,Yes,Yes,62,Loyal Customer,106.05,High Value,6704.0,One year,0,Fiber optic,Credit card (automatic),No
3001-CBHLQ,Male,1,Yes,No,32,Loyal Customer,104.9,High Value,3352.0,Month-to-month,1,Fiber optic,Electronic check,Yes
1985-MBRYP,Female,0,No,No,43,Loyal Customer,19.65,Low Value,779.0,Two year,0,No,Bank transfer (automatic),No
6158-DWPZT,Male,0,Yes,No,9,New Customer,24.1,Low Value,260.0,One year,0,DSL,Bank transfer (automatic),Yes
9372-TXXPS,Female,0,Yes,No,60,Loyal Customer,59.85,Medium Value,3483.0,Two year,0,DSL,Bank transfer (automatic),No
3259-QMXUN,Male,0,Yes,No,58,Loyal Customer,86.1,High Value,4891.0,Two year,0,DSL,Electronic check,No
1015-JPFYW,Male,0,No,Yes,7,New Customer,19.45,Low Value,137.0,One year,0,No,Mailed check,No
6645-MXQJT,Male,0,Yes,Yes,2,New Customer,97.1,High Value,184.0,Month-to-month,1,Fiber optic,Electronic check,No
4360-QRAVE,Male,1,No,No,37,Loyal Customer,36.65,Medium Value,1315.0,Month-to-month,1,DSL,Electronic check,No
8433-WPJTV,Female,1,Yes,Yes,65,Loyal Customer,103.9,High Value,6767.0,One year,0,Fiber optic,Bank transfer (automatic),No
5804-JMYIO,Female,0,Yes,Yes,39,Loyal Customer,19.75,Low Value,758.0,Two year,0,No,Mailed check,No
3763-GCZHZ,Male,0,Yes,No,66,Loyal Customer,104.05,High Value,6890.0,One year,0,Fiber optic,Electronic check,Yes
6484-LATFU,Male,0,No,No,68,Loyal Customer,24.55,Low Value,1657.0,Two year,0,No,Mailed check,No
7599-NTMDP,Female,0,Yes,Yes,62,Loyal Customer,48.7,Medium Value,3009.0,Two year,0,DSL,Bank transfer (automatic),No
0772-GYEQQ,Male,0,No,No,3,New Customer,88.35,High Value,262.0,Month-to-month,1,Fiber optic,Mailed check,Yes
0536-ACXIP,Female,0,Yes,No,72,Loyal Customer,109.55,High Value,8165.0,Two year,0,Fiber optic,Electronic check,No
0936-NQLJU,Female,0,Yes,No,41,Loyal Customer,20.65,Low Value,876.0,Two year,0,No,Credit card (automatic),No
4831-EOBFE,Male,0,Yes,Yes,29,Loyal Customer,94.65,High Value,2649.0,Month-to-month,1,Fiber optic,Credit card (automatic),Yes
1575-KRZZE,Female,0,No,No,4,New Customer,55.2,Medium Value,221.0,Month-to-month,1,DSL,Electronic check,No
3251-YMVWZ,Male,0,No,No,53,Loyal Customer,24.05,Low Value,1302.0,One year,0,No,Bank transfer (automatic),No
4102-OQUPX,Male,1,Yes,No,1,New Customer,74.4,High Value,74.0,Month-to-month,1,Fiber optic,Electronic check,Yes
9170-GYZJC,Female,0,Yes,Yes,41,Loyal Customer,79.9,High Value,3326.0,Month-to-month,1,DSL,Credit card (automatic),Yes
4884-LEVMQ,Male,0,Yes,No,39,Loyal Customer,20.45,Low Value,790.0,Two year,0,No,Bank transfer (automatic),No
8857-CUPFQ,Male,0,Yes,No,63,Loyal Customer,19.25,Low Value,1238.0,Two year,0,No,Mailed check,No
7610-TVOPG,Male,0,No,No,15,Growing Customer,26.35,Low Value,379.0,Month-to-month,1,No,Electronic check,No
3638-DIMPH,Female,0,Yes,No,13,Growing Customer,43.8,Medium Value,593.0,One year,0,DSL,Electronic check,No
1845-ZLLIG,Male,0,No,No,1,New Customer,50.15,Medium Value,50.0,Month-to-month,1,DSL,Mailed check,No
8559-WNQZS,Male,0,No,No,1,New Customer,20.45,Low Value,20.0,Two year,0,No,Mailed check,No
3999-QGRJH,Male,1,No,No,8,New Customer,69.7,Medium Value,561.0,Month-to-month,1,Fiber optic,Electronic check,Yes
1699-UOTXU,Male,0,No,No,60,Loyal Customer,61.4,Medium Value,3638.0,Two year,0,DSL,Electronic check,No
2454-RPBRZ,Female,1,Yes,No,12,Growing Customer,98.1,High Value,1060.0,Month-to-month,1,Fiber optic,Electronic check,Yes
0635-WKOLD,Male,0,Yes,No,40,Loyal Customer,70.75,High Value,2922.0,One year,0,DSL,Credit card (automatic),No
5993-JSUWV,Female,0,No,No,66,Loyal Customer,61.15,Medium Value,4017.0,Two year,0,DSL,Bank transfer (automatic),No
4518-FZBSX,Male,0,Yes,Yes,42,Loyal Customer,20.25,Low Value,855.0,One year,0,No,Mailed check,No
5387-ASZNZ,Female,1,No,No,66,Loyal Customer,63.85,Medium Value,4174.0,One year,0,DSL,Credit card (automatic),No
6988-CJEYV,Male,0,No,No,49,Loyal Customer,98.7,High Value,4921.0,Month-to-month,1,Fiber optic,Electronic check,No
2002-MZHWP,Female,0,No,No,1,New Customer,20.5,Low Value,21.0,Month-to-month,1,No,Mailed check,Yes
3097-FQTVJ,Female,0,No,No,41,Loyal Customer,20.0,Low Value,810.0,Two year,0,No,Mailed check,No
5465-BUBFA,Female,0,Yes,Yes,41,Loyal Customer,19.3,Low Value,772.0,Two year,0,No,Bank transfer (automatic),No
7299-GNVPL,Female,0,Yes,Yes,23,Growing Customer,84.4,High Value,1937.0,Month-to-month,1,Fiber optic,Mailed check,No
9743-DQKQW,Male,0,No,No,3,New Customer,25.1,Low Value,80.0,Month-to-month,1,DSL,Electronic check,No
1215-VFYVK,Female,0,No,No,4,New Customer,48.25,Medium Value,202.0,Month-to-month,1,DSL,Mailed check,No
9371-BITHB,Female,0,Yes,Yes,52,Loyal Customer,19.85,Low Value,1071.0,Two year,0,No,Mailed check,No
2265-CYWIV,Female,1,Yes,No,4,New Customer,99.6,High Value,348.0,Month-to-month,1,Fiber optic,Electronic check,Yes
9093-FPDLG,Female,0,No,No,11,New Customer,94.2,High Value,1000.0,Month-to-month,1,Fiber optic,Electronic check,No
0541-FITGH,Female,0,Yes,No,2,New Customer,62.15,Medium Value,113.0,Month-to-month,1,DSL,Mailed check,No
6985-HAYWX,Female,0,Yes,No,26,Loyal Customer,79.3,High Value,2016.0,Month-to-month,1,Fiber optic,Bank transfer (automatic),No
7508-KBIMB,Male,0,Yes,Yes,24,Loyal Customer,56.25,Medium Value,1454.0,One year,0,DSL,Credit card (automatic),No
6838-HVLXG,Female,0,No,No,12,Growing Customer,20.3,Low Value,247.0,Month-to-month,1,No,Mailed check,No
2277-DJJDL,Male,1,Yes,No,60,Loyal Customer,99.0,High Value,6018.0,Month-to-month,1,Fiber optic,Electronic check,No
1897-OKVMW,Female,0,Yes,Yes,64,Loyal Customer,90.6,High Value,5817.0,Two year,0,DSL,Mailed check,No
5485-ITNPC,Male,0,Yes,No,66,Loyal Customer,85.9,High Value,5595.0,Two year,0,DSL,Bank transfer (automatic),No
0233-FTHAV,Female,0,No,No,60,Loyal Customer,79.2,High Value,4765.0,One year,0,Fiber optic,Bank transfer (automatic),No
4644-PIZRT,Male,0,Yes,Yes,17,Growing Customer,70.35,High Value,1202.0,One year,0,DSL,Bank transfer (automatic),No
8922-NPKBJ,Male,0,Yes,Yes,42,Loyal Customer,19.35,Low Value,867.0,Two year,0,No,Mailed check,No
2740-TVLFN,Male,0,No,No,1,New Customer,50.15,Medium Value,50.0,Month-to-month,1,DSL,Electronic check,No
7771-CFQRQ,Female,0,Yes,Yes,47,Loyal Customer,63.8,Medium Value,3007.0,Two year,0,DSL,Bank transfer (automatic),No
9512-PHSMG,Female,0,Yes,No,10,New Customer,20.55,Low Value,253.0,Month-to-month,1,No,Mailed check,No
6963-EZQEE,Male,1,Yes,No,70,Loyal Customer,88.55,High Value,6307.0,Two year,0,DSL,Credit card (automatic),No
2452-KDRRH,Male,1,No,No,67,Loyal Customer,101.4,High Value,6841.0,Month-to-month,1,Fiber optic,Credit card (automatic),No
2004-OCQXK,Female,0,No,No,1,New Customer,81.95,High Value,82.0,Month-to-month,1,Fiber optic,Electronic check,Yes
5027-QPKTE,Male,0,Yes,No,7,New Customer,69.35,Medium Value,451.0,Month-to-month,1,Fiber optic,Electronic check,Yes
4146-SVFUD,Male,0,No,No,1,New Customer,44.6,Medium Value,45.0,Month-to-month,1,DSL,Mailed check,No
1564-HJUVY,Male,0,No,No,4,New Customer,63.75,Medium Value,226.0,Month-to-month,1,DSL,Bank transfer (automatic),No
3617-XLSGQ,Female,0,Yes,Yes,66,Loyal Customer,109.25,High Value,7083.0,Two year,0,Fiber optic,Bank transfer (automatic),No
7517-LDMPS,Female,0,No,No,12,Growing Customer,84.6,High Value,1017.0,Month-to-month,1,Fiber optic,Electronic check,No
7244-KXYZN,Female,0,No,No,24,Loyal Customer,20.45,Low Value,527.0,One year,0,No,Credit card (automatic),No
5226-NOZFC,Male,0,No,No,26,Loyal Customer,85.75,High Value,2147.0,Month-to-month,1,Fiber optic,Electronic check,No
2672-HUYVI,Female,0,No,No,6,New Customer,91.1,High Value,455.0,Month-to-month,1,Fiber optic,Electronic check,Yes
1400-WIVLL,Male,0,Yes,No,57,Loyal Customer,107.95,High Value,5970.0,Two year,0,Fiber optic,Electronic check,No
7508-MYBOG,Male,0,Yes,No,14,Growing Customer,86.1,High Value,1236.0,Month-to-month,1,Fiber optic,Electronic check,Yes
8148-NLEGT,Female,0,Yes,Yes,42,Loyal Customer,22.95,Low Value,1014.0,Two year,0,No,Electronic check,No
0148-DCDOS,Male,0,No,No,25,Loyal Customer,94.7,High Value,2362.0,Month-to-month,1,Fiber optic,Bank transfer (automatic),Yes
8347-GDTMP,Female,0,Yes,No,64,Loyal Customer,19.45,Low Value,1226.0,Two year,0,No,Credit card (automatic),No
9992-RRAMN,Male,0,Yes,No,22,Growing Customer,85.1,High Value,1874.0,Month-to-month,1,Fiber optic,Electronic check,Yes
6746-WAUWT,Male,0,No,No,19,Growing Customer,19.7,Low Value,387.0,One year,0,No,Credit card (automatic),No
0310-MVLET,Female,0,Yes,Yes,61,Loyal Customer,99.15,High Value,6010.0,Month-to-month,1,Fiber optic,Electronic check,Yes
0428-IKYCP,Male,0,Yes,No,22,Growing Customer,87.0,High Value,1851.0,Month-to-month,1,Fiber optic,Bank transfer (automatic),No
4550-VBOFE,Male,1,Yes,No,70,Loyal Customer,102.95,High Value,7102.0,Month-to-month,1,Fiber optic,Electronic check,Yes
2187-PKZAY,Male,0,No,No,12,Growing Customer,79.95,High Value,1043.0,Month-to-month,1,Fiber optic,Bank transfer (automatic),No
4003-OCTMP,Female,0,Yes,No,31,Loyal Customer,64.0,Medium Value,1911.0,One year,0,DSL,Electronic check,No
6652-YFFJO,Female,0,No,No,11,New Customer,64.9,Medium Value,716.0,Month-to-month,1,DSL,Electronic check,No
7225-IILWY,Male,0,Yes,Yes,68,Loyal Customer,25.75,Low Value,1686.0,Two year,0,No,Mailed check,No
5248-RPYWW,Female,1,Yes,Yes,72,Loyal Customer,90.15,High Value,6716.0,Two year,0,DSL,Bank transfer (automatic),No
7923-IYJWY,Male,1,No,No,67,Loyal Customer,116.1,High Value,7840.0,Two year,0,Fiber optic,Credit card (automatic),No
3170-GWYKC,Female,0,No,No,60,Loyal Customer,104.95,High Value,6237.0,Month-to-month,1,Fiber optic,Bank transfer (automatic),No
5696-QURRL,Male,0,No,No,1,New Customer,45.05,Medium Value,45.0,Month-to-month,1,DSL,Mailed check,Yes
7409-KIUTL,Female,1,No,Yes,1,New Customer,71.0,High Value,71.0,Month-to-month,1,Fiber optic,Electronic check,Yes
9830-ECLEN,Male,0,Yes,Yes,58,Loyal Customer,50.0,Medium Value,2920.0,One year,0,DSL,Mailed check,No
1732-VHUBQ,Female,1,Yes,Yes,47,Loyal Customer,70.55,High Value,3309.0,Month-to-month,1,Fiber optic,Bank transfer (automatic),Yes
0495-RVCBF,Female,0,No,No,1,New Customer,79.7,High Value,80.0,Month-to-month,1,Fiber optic,Electronic check,Yes
2668-TZSPS,Male,0,No,No,1,New Customer,20.45,Low Value,20.0,Month-to-month,1,No,Mailed check,No
7854-EDSSA,Male,0,No,No,22,Growing Customer,59.0,Medium Value,1255.0,Month-to-month,1,DSL,Electronic check,Yes
8869-TORSS,Female,0,No,No,48,Loyal Customer,60.35,Medium Value,2896.0,One year,0,DSL,Credit card (automatic),Yes
7446-SFAOA,Female,0,Yes,No,37,Loyal Customer,19.85,Low Value,718.0,One year,0,No,Bank transfer (automatic),No
9522-ZSINC,Male,0,No,No,13,Growing Customer,19.95,Low Value,254.0,One year,0,No,Electronic check,No
8234-GSZYK,Male,0,No,No,43,Loyal Customer,26.45,Low Value,1110.0,Two year,0,No,Bank transfer (automatic),No
6505-OZNPG,Female,0,No,No,6,New Customer,63.4,Medium Value,349.0,Two year,0,DSL,Mailed check,No
6164-HAQTX,Male,0,No,No,71,Loyal Customer,53.95,Medium Value,3889.0,Two year,0,DSL,Bank transfer (automatic),No
0679-IDSTG,Female,1,Yes,Yes,1,New Customer,69.25,Medium Value,69.0,Month-to-month,1,Fiber optic,Electronic check,Yes
7765-LWVVH,Female,0,Yes,Yes,72,Loyal Customer,95.1,High Value,6843.0,Two year,0,Fiber optic,Electronic check,No
1658-TJVOA,Female,1,No,No,6,New Customer,74.1,High Value,451.0,Month-to-month,1,Fiber optic,Electronic check,No
0953-LGOVU,Male,0,Yes,Yes,12,Growing Customer,35.5,Medium Value,432.0,Month-to-month,1,DSL,Mailed check,No
2115-BFTIW,Male,0,No,No,25,Loyal Customer,70.95,High Value,1767.0,Month-to-month,1,Fiber optic,Mailed check,Yes
4692-NNQRU,Female,0,Yes,No,21,Growing Customer,79.2,High Value,1742.0,One year,0,Fiber optic,Electronic check,No
7742-MYPGI,Female,0,Yes,Yes,6,New Customer,48.8,Medium Value,297.0,Month-to-month,1,DSL,Mailed check,No
0611-DFXKO,Male,0,Yes,No,20,Growing Customer,89.0,High Value,1820.0,Month-to-month,1,Fiber optic,Mailed check,Yes
7780-OTDSO,Male,0,Yes,No,18,Growing Customer,99.4,High Value,1743.0,Month-to-month,1,Fiber optic,Electronic check,Yes
9619-GSATL,Female,0,No,No,43,Loyal Customer,55.45,Medium Value,2444.0,One year,0,DSL,Electronic check,No
5622-UEJFI,Female,0,Yes,Yes,35,Loyal Customer,25.4,Low Value,950.0,Two year,0,No,Credit card (automatic),No
9747-DDZOS,Female,0,No,No,1,New Customer,73.5,High Value,74.0,Month-to-month,1,Fiber optic,Bank transfer (automatic),Yes
0674-DGMAQ,Male,1,Yes,No,32,Loyal Customer,93.5,High Value,2971.0,Month-to-month,1,Fiber optic,Electronic check,No
6203-HBZPA,Male,0,No,No,52,Loyal Customer,63.9,Medium Value,3335.0,Two year,0,DSL,Credit card (automatic),No
0484-FFVBJ,Male,0,No,No,32,Loyal Customer,64.85,Medium Value,2011.0,One year,0,DSL,Bank transfer (automatic),No
0301-FIDRB,Female,0,Yes,Yes,72,Loyal Customer,63.8,Medium Value,4684.0,Two year,0,DSL,Bank transfer (automatic),No
4139-JPIAM,Male,0,No,No,51,Loyal Customer,44.45,Medium Value,2182.0,Month-to-month,1,DSL,Credit card (automatic),No
2181-TIDSV,Male,0,Yes,Yes,68,Loyal Customer,19.95,Low Value,1303.0,Two year,0,No,Bank transfer (automatic),No
2761-XECQW,Male,1,Yes,No,8,New Customer,43.35,Medium Value,371.0,Month-to-month,1,DSL,Mailed check,No
1936-CZAKF,Male,0,Yes,No,49,Loyal Customer,49.65,Medium Value,2410.0,Two year,0,DSL,Credit card (automatic),No
9453-PATOS,Female,0,Yes,No,72,Loyal Customer,85.1,High Value,6155.0,Two year,0,DSL,Mailed check,No
0564-JJHGS,Male,0,No,No,9,New Customer,95.5,High Value,829.0,Month-to-month,1,Fiber optic,Electronic check,Yes
3348-CFRNX,Female,0,Yes,No,28,Loyal Customer,92.35,High Value,2603.0,Month-to-month,1,Fiber optic,Mailed check,Yes
4402-FTBXC,Male,0,No,No,54,Loyal Customer,89.8,High Value,4667.0,Month-to-month,1,Fiber optic,Mailed check,No
1428-GTBJJ,Male,0,No,No,11,New Customer,74.55,High Value,825.0,Month-to-month,1,Fiber optic,Electronic check,Yes
2931-XIQBR,Female,0,Yes,Yes,50,Loyal Customer,103.05,High Value,5154.0,One year,0,Fiber optic,Mailed check,No
0106-UGRDO,Female,0,Yes,No,69,Loyal Customer,116.0,High Value,8183.0,Two year,0,Fiber optic,Electronic check,No
5542-TBBWB,Male,0,No,No,1,New Customer,69.9,Medium Value,70.0,Month-to-month,1,Fiber optic,Electronic check,No
1930-QPBVZ,Male,0,Yes,Yes,68,Loyal Customer,95.1,High Value,6683.0,Two year,0,Fiber optic,Bank transfer (automatic),No
2606-PKWJB,Male,0,No,Yes,40,Loyal Customer,40.25,Medium Value,1564.0,One year,0,DSL,Mailed check,No
5322-ZSMZY,Male,0,Yes,Yes,31,Loyal Customer,25.75,Low Value,756.0,Two year,0,No,Mailed check,No
8059-UDZFY,Female,1,No,Yes,33,Loyal Customer,105.35,High Value,3465.0,Month-to-month,1,Fiber optic,Bank transfer (automatic),No
7740-BTPUX,Male,1,Yes,No,55,Loyal Customer,113.6,High Value,6293.0,Two year,0,Fiber optic,Electronic check,No
5220-AGAAX,Male,0,Yes,Yes,68,Loyal Customer,24.0,Low Value,1664.0,Two year,0,No,Bank transfer (automatic),No
0208-BPQEJ,Female,0,Yes,Yes,12,Growing Customer,19.4,Low Value,198.0,Month-to-month,1,No,Bank transfer (automatic),No
9435-JMLSX,Male,0,Yes,No,71,Loyal Customer,86.1,High Value,6046.0,Two year,0,DSL,Bank transfer (automatic),No
3352-ALMCK,Male,0,No,No,40,Loyal Customer,102.65,High Value,4108.0,Month-to-month,1,Fiber optic,Mailed check,No
5312-IRCFR,Female,0,Yes,Yes,64,Loyal Customer,92.85,High Value,5981.0,One year,0,Fiber optic,Electronic check,No
5294-IMHHT,Male,0,Yes,No,53,Loyal Customer,97.75,High Value,5043.0,One year,0,Fiber optic,Bank transfer (automatic),No
8802-UNOJF,Male,1,No,No,12,Growing Customer,83.8,High Value,1030.0,Month-to-month,1,Fiber optic,Mailed check,Yes
6313-GIDIT,Male,1,No,No,53,Loyal Customer,54.45,Medium Value,2855.0,Month-to-month,1,DSL,Electronic check,Yes
6176-YJWAS,Male,0,Yes,No,72,Loyal Customer,97.95,High Value,7114.0,Two year,0,Fiber optic,Credit card (automatic),No
5310-NOOVA,Male,0,No,No,46,Loyal Customer,19.95,Low Value,907.0,Two year,0,No,Electronic check,No
4526-EXKKN,Male,0,No,No,40,Loyal Customer,24.6,Low Value,974.0,Two year,0,No,Mailed check,No
5311-IHLEI,Male,0,No,No,12,Growing Customer,50.95,Medium Value,606.0,Month-to-month,1,DSL,Bank transfer (automatic),No
3987-KQDDU,Male,0,No,No,9,New Customer,75.6,High Value,662.0,Month-to-month,1,Fiber optic,Electronic check,No
3404-JNXAX,Female,0,Yes,Yes,51,Loyal Customer,80.75,High Value,4117.0,Month-to-month,1,Fiber optic,Electronic check,No
5131-PONJI,Male,0,Yes,Yes,49,Loyal Customer,90.4,High Value,4495.0,Month-to-month,1,Fiber optic,Credit card (automatic),No
2845-AFFTX,Male,1,Yes,No,41,Loyal Customer,99.8,High Value,4259.0,Month-to-month,1,Fiber optic,Electronic check,Yes
3489-VSFRD,Female,0,No,No,56,Loyal Customer,60.25,Medium Value,3283.0,One year,0,DSL,Credit card (automatic),No
3345-JHUEO,Male,0,No,No,4,New Customer,20.2,Low Value,56.0,Month-to-month,1,No,Electronic check,No
5815-HGGHV,Male,0,Yes,No,20,Growing Customer,64.15,Medium Value,1274.0,One year,0,DSL,Mailed check,No
5260-UMPWX,Female,0,Yes,Yes,26,Loyal Customer,20.25,Low Value,494.0,Month-to-month,1,No,Credit card (automatic),No
2249-YPRNG,Female,0,Yes,Yes,20,Growing Customer,105.85,High Value,2240.0,Month-to-month,1,Fiber optic,Bank transfer (automatic),Yes
7410-YTJIK,Female,0,No,No,7,New Customer,75.45,High Value,481.0,Month-to-month,1,Fiber optic,Mailed check,Yes
4626-GYCZP,Male,0,No,No,7,New Customer,93.85,High Value,636.0,Month-to-month,1,Fiber optic,Electronic check,Yes
5649-RXQTV,Male,0,No,No,51,Loyal Customer,99.0,High Value,5038.0,Month-to-month,1,Fiber optic,Electronic check,No
2674-MIAHT,Female,0,No,No,4,New Customer,80.3,High Value,324.0,Month-to-month,1,Fiber optic,Mailed check,No
2576-HXMPA,Female,0,No,No,1,New Customer,19.55,Low Value,20.0,Month-to-month,1,No,Credit card (automatic),No
7587-AOVVU,Male,0,Yes,Yes,27,Loyal Customer,100.75,High Value,2794.0,Month-to-month,1,Fiber optic,Electronic check,No
5590-BYNII,Male,0,No,No,22,Growing Customer,100.75,High Value,2095.0,Month-to-month,1,Fiber optic,Electronic check,Yes
6898-MDLZW,Male,0,No,No,12,Growing Customer,53.75,Medium Value,649.0,Month-to-month,1,DSL,Mailed check,No
3237-AJGEH,Female,0,Yes,Yes,3,New Customer,31.0,Low Value,95.0,Month-to-month,1,DSL,Mailed check,Yes
4707-YNOQA,Female,0,Yes,Yes,34,Loyal Customer,25.6,Low Value,917.0,One year,0,No,Credit card (automatic),No
9357-UJRUN,Male,0,Yes,No,24,Loyal Customer,58.35,Medium Value,1347.0,One year,0,DSL,Electronic check,No
1591-NFNLQ,Male,0,No,No,51,Loyal Customer,80.0,High Value,4242.0,Month-to-month,1,Fiber optic,Credit card (automatic),Yes
8648-PFRMP,Female,1,No,No,14,Growing Customer,46.35,Medium Value,673.0,Month-to-month,1,DSL,Electronic check,No
7663-CUXZB,Male,0,Yes,No,59,Loyal Customer,113.75,High Value,6561.0,Two year,0,Fiber optic,Electronic check,No
0258-NOKBL,Male,0,No,No,3,New Customer,90.4,High Value,268.0,Month-to-month,1,Fiber optic,Electronic check,No
1163-VIPRI,Female,0,Yes,Yes,65,Loyal Customer,109.3,High Value,7338.0,Two year,0,Fiber optic,Electronic check,No
2815-CPTUL,Male,1,No,No,5,New Customer,70.25,High Value,332.0,Month-to-month,1,Fiber optic,Mailed check,Yes
9348-ROUAI,Female,0,Yes,Yes,59,Loyal Customer,90.3,High Value,5194.0,Two year,0,DSL,Credit card (automatic),No
9443-JUBUO,Male,0,Yes,Yes,72,Loyal Customer,65.25,Medium Value,4479.0,Two year,0,DSL,Credit card (automatic),No
0596-BQCEQ,Female,0,Yes,Yes,62,Loyal Customer,100.15,High Value,6283.0,Month-to-month,1,Fiber optic,Electronic check,Yes
1481-ZUWZA,Male,0,No,No,28,Loyal Customer,94.5,High Value,2659.0,Month-to-month,1,Fiber optic,Credit card (automatic),Yes
3043-TYBNO,Male,0,No,No,3,New Customer,60.65,Medium Value,197.0,Month-to-month,1,DSL,Mailed check,No
4830-FAXFM,Male,0,No,Yes,19,Growing Customer,24.1,Low Value,439.0,Month-to-month,1,No,Credit card (automatic),No
5906-BFOZT,Male,0,No,No,1,New Customer,19.5,Low Value,20.0,Month-to-month,1,No,Mailed check,No
2960-NKRSO,Male,0,No,No,24,Loyal Customer,85.95,High Value,2107.0,Month-to-month,1,Fiber optic,Electronic check,No
8996-ZROXE,Male,1,No,No,57,Loyal Customer,53.5,Medium Value,3036.0,One year,0,DSL,Electronic check,No
5598-IKHQQ,Female,0,No,No,72,Loyal Customer,25.45,Low Value,1866.0,Two year,0,No,Credit card (automatic),No
0397-ZXWQF,Male,0,No,No,67,Loyal Customer,20.5,Low Value,1431.0,Two year,0,No,Bank transfer (automatic),No
5266-PFRQK,Male,0,Yes,Yes,52,Loyal Customer,20.85,Low Value,1072.0,One year,0,No,Credit card (automatic),No
4674-HGNUA,Male,0,Yes,Yes,71,Loyal Customer,89.9,High Value,6457.0,Two year,0,DSL,Credit card (automatic),No
6765-MBQNU,Female,0,Yes,No,26,Loyal Customer,26.0,Low Value,684.0,One year,0,No,Mailed check,No
9786-IJYDL,Female,0,No,No,35,Loyal Customer,113.2,High Value,3914.0,Two year,0,Fiber optic,Mailed check,No
1303-SRDOK,Female,0,Yes,Yes,55,Loyal Customer,69.05,Medium Value,3843.0,Two year,0,Fiber optic,Credit card (automatic),No
3769-MHZNV,Female,0,Yes,Yes,33,Loyal Customer,20.1,Low Value,670.0,Two year,0,No,Mailed check,No
6295-OSINB,Male,0,Yes,No,72,Loyal Customer,109.65,High Value,7880.0,Two year,0,Fiber optic,Electronic check,No
3308-MHOOC,Male,0,No,Yes,1,New Customer,19.2,Low Value,19.0,Month-to-month,1,No,Mailed check,No
2309-OSFEU,Male,0,No,No,10,New Customer,33.9,Low Value,298.0,Month-to-month,1,DSL,Mailed check,Yes
2207-QPJED,Female,1,Yes,No,37,Loyal Customer,90.0,High Value,3372.0,Month-to-month,1,Fiber optic,Electronic check,No
4177-JPDFU,Male,0,No,No,12,Growing Customer,34.0,Low Value,442.0,Month-to-month,1,DSL,Mailed check,No
2239-CFOUJ,Male,0,Yes,Yes,1,New Customer,20.4,Low Value,20.0,One year,0,No,Mailed check,No
8046-DNVTL,Male,0,Yes,No,62,Loyal Customer,38.6,Medium Value,2346.0,Two year,0,DSL,Credit card (automatic),No
2209-XADXF,Female,0,No,No,1,New Customer,25.25,Low Value,25.0,Month-to-month,1,DSL,Bank transfer (automatic),No
6620-JDYNW,Female,0,No,No,18,Growing Customer,60.6,Medium Value,1156.0,Month-to-month,1,DSL,Mailed check,No
1891-FZYSA,Male,1,Yes,No,69,Loyal Customer,89.95,High Value,6143.0,Month-to-month,1,Fiber optic,Electronic check,Yes
4770-UEZOX,Male,0,No,No,2,New Customer,74.75,High Value,145.0,Month-to-month,1,Fiber optic,Electronic check,No
1038-RQOST,Male,0,Yes,Yes,19,Growing Customer,20.6,Low Value,415.0,Month-to-month,1,No,Mailed check,No
7613-LLQFO,Male,0,No,No,12,Growing Customer,84.45,High Value,1060.0,Month-to-month,1,Fiber optic,Electronic check,Yes
4568-TTZRT,Male,0,No,No,9,New Customer,20.4,Low Value,182.0,Month-to-month,1,No,Mailed check,No
9513-DXHDA,Male,0,No,No,27,Loyal Customer,81.7,High Value,2213.0,One year,0,DSL,Electronic check,No
2640-PMGFL,Male,0,No,Yes,27,Loyal Customer,79.5,High Value,2181.0,Month-to-month,1,Fiber optic,Electronic check,Yes
3801-HMYNL,Male,0,Yes,Yes,1,New Customer,89.15,High Value,89.0,Month-to-month,1,Fiber optic,Mailed check,Yes
0516-QREYC,Female,1,No,No,24,Loyal Customer,20.3,Low Value,460.0,Month-to-month,1,No,Mailed check,No
9685-WKZGT,Male,1,No,No,14,Growing Customer,74.95,High Value,1037.0,Month-to-month,1,Fiber optic,Electronic check,Yes
6022-UGGSO,Female,1,No,No,32,Loyal Customer,74.4,High Value,2277.0,Month-to-month,1,Fiber optic,Electronic check,Yes
8084-OIVBS,Female,0,No,No,11,New Customer,20.0,Low Value,212.0,One year,0,No,Mailed check,No
8896-BQTTI,Male,0,No,No,1,New Customer,25.0,Low Value,25.0,Month-to-month,1,No,Mailed check,No
3865-QBWSJ,Male,1,No,Yes,38,Loyal Customer,80.45,High Value,3163.0,Month-to-month,1,Fiber optic,Mailed check,No
3352-RICWQ,Female,0,Yes,Yes,9,New Customer,19.75,Low Value,211.0,Two year,0,No,Mailed check,No
2160-GPFXD,Male,0,Yes,Yes,54,Loyal Customer,65.65,Medium Value,3567.0,Two year,0,DSL,Credit card (automatic),No
2065-MMKGR,Female,0,No,No,29,Loyal Customer,71.0,High Value,2080.0,One year,0,DSL,Credit card (automatic),No
5857-TYBCJ,Male,1,Yes,No,44,Loyal Customer,89.2,High Value,4040.0,Month-to-month,1,Fiber optic,Electronic check,No
1498-NHTLT,Male,0,Yes,Yes,59,Loyal Customer,86.75,High Value,5186.0,Two year,0,DSL,Electronic check,No
4484-CGXFK,Female,0,No,No,3,New Customer,55.3,Medium Value,196.0,Month-to-month,1,DSL,Electronic check,Yes
1402-PTHGN,Female,0,Yes,Yes,18,Growing Customer,61.5,Medium Value,1087.0,One year,0,DSL,Mailed check,No
4176-RELJR,Male,1,No,No,67,Loyal Customer,25.1,Low Value,1672.0,Two year,0,No,Credit card (automatic),No
6214-EDAKZ,Female,0,Yes,Yes,22,Growing Customer,55.15,Medium Value,1206.0,Month-to-month,1,DSL,Electronic check,Yes
5199-FPUSP,Male,0,No,Yes,33,Loyal Customer,34.05,Low Value,1114.0,One year,0,DSL,Credit card (automatic),No
6377-KSLXC,Male,0,No,No,5,New Customer,19.95,Low Value,107.0,Month-to-month,1,No,Mailed check,No
1796-JANOW,Female,0,No,No,2,New Customer,19.95,Low Value,38.0,Month-to-month,1,No,Mailed check,No
0238-WHBIQ,Male,0,Yes,Yes,72,Loyal Customer,89.7,High Value,6339.0,Two year,0,DSL,Credit card (automatic),No
8735-NBLWT,Male,0,No,Yes,9,New Customer,20.4,Low Value,184.0,Month-to-month,1,No,Mailed check,No
6651-RLGGM,Male,0,Yes,Yes,67,Loyal Customer,26.3,Low Value,1689.0,Two year,0,No,Mailed check,No
6127-ISGTU,Female,0,Yes,No,16,Growing Customer,84.95,High Value,1378.0,Month-to-month,1,Fiber optic,Electronic check,Yes
1614-JBEBI,Female,0,No,No,8,New Customer,20.7,Low Value,138.0,Month-to-month,1,No,Mailed check,No
8740-XLHDR,Male,0,No,No,5,New Customer,43.25,Medium Value,219.0,Month-to-month,1,DSL,Mailed check,Yes
1208-DNHLN,Male,0,Yes,Yes,23,Growing Customer,48.35,Medium Value,1067.0,One year,0,DSL,Credit card (automatic),Yes
1761-AEZZR,Male,0,No,No,1,New Customer,79.55,High Value,80.0,Month-to-month,1,Fiber optic,Electronic check,Yes
3923-CSIHK,Female,1,Yes,No,50,Loyal Customer,71.05,High Value,3445.0,Month-to-month,1,Fiber optic,Electronic check,Yes
5696-EXCYS,Male,0,No,No,17,Growing Customer,19.45,Low Value,369.0,Two year,0,No,Credit card (automatic),No
5795-KTGUD,Female,0,Yes,No,68,Loyal Customer,110.8,High Value,7554.0,Two year,0,Fiber optic,Bank transfer (automatic),No
7120-RFMVS,Male,0,No,No,1,New Customer,84.5,High Value,85.0,Month-to-month,1,Fiber optic,Electronic check,Yes
7924-GJZFI,Female,1,Yes,No,25,Loyal Customer,69.3,Medium Value,1813.0,Month-to-month,1,Fiber optic,Electronic check,No
4702-HDRKD,Male,0,No,No,67,Loyal Customer,49.35,Medium Value,3321.0,One year,0,DSL,Bank transfer (automatic),No
8512-WIWYV,Male,0,No,No,32,Loyal Customer,20.35,Low Value,708.0,One year,0,No,Credit card (automatic),No
5897-ZYEKH,Female,1,Yes,No,67,Loyal Customer,105.6,High Value,7112.0,One year,0,Fiber optic,Electronic check,No
5456-ITGIC,Male,1,Yes,No,72,Loyal Customer,64.45,Medium Value,4641.0,Two year,0,DSL,Credit card (automatic),No
7317-GGVPB,Male,0,Yes,No,71,Loyal Customer,108.6,High Value,7691.0,Two year,0,Fiber optic,Credit card (automatic),Yes
1406-PUQVY,Male,0,No,Yes,1,New Customer,49.9,Medium Value,50.0,Month-to-month,1,DSL,Electronic check,No
1322-AGOQM,Male,0,No,No,46,Loyal Customer,30.3,Low Value,1380.0,Month-to-month,1,DSL,Bank transfer (automatic),Yes
3677-IYRBF,Female,1,No,No,2,New Customer,30.4,Low Value,79.0,Month-to-month,1,DSL,Electronic check,Yes
5692-FPTAH,Female,0,No,No,1,New Customer,45.4,Medium Value,45.0,Month-to-month,1,DSL,Mailed check,Yes
9114-AAFQH,Female,0,Yes,No,48,Loyal Customer,65.65,Medium Value,3095.0,One year,0,DSL,Electronic check,No
8715-KKTFG,Female,0,Yes,No,61,Loyal Customer,103.3,High Value,6518.0,One year,0,Fiber optic,Bank transfer (automatic),No
1550-LOAHA,Female,0,Yes,No,32,Loyal Customer,84.15,High Value,2586.0,Month-to-month,1,Fiber optic,Bank transfer (automatic),Yes
1728-BQDMA,Female,0,No,No,2,New Customer,44.45,Medium Value,83.0,Month-to-month,1,DSL,Electronic check,No
0268-QKIWO,Female,0,No,No,3,New Customer,19.75,Low Value,59.0,Month-to-month,1,No,Electronic check,Yes
0876-WDUUZ,Female,0,No,No,5,New Customer,85.4,High Value,426.0,Month-to-month,1,Fiber optic,Credit card (automatic),Yes
5117-ZSMHQ,Female,0,Yes,Yes,71,Loyal Customer,89.9,High Value,6343.0,Two year,0,DSL,Bank transfer (automatic),No
5151-HQRDG,Male,0,Yes,No,37,Loyal Customer,55.05,Medium Value,2031.0,Month-to-month,1,DSL,Mailed check,No
0960-HUWBM,Male,0,Yes,Yes,65,Loyal Customer,104.1,High Value,6700.0,Two year,0,Fiber optic,Bank transfer (automatic),No
6465-GSRCL,Female,0,No,Yes,67,Loyal Customer,106.6,High Value,7245.0,One year,0,Fiber optic,Bank transfer (automatic),No
0617-FHSGK,Male,0,No,Yes,49,Loyal Customer,75.2,High Value,3678.0,Month-to-month,1,Fiber optic,Credit card (automatic),Yes
0263-FJTQO,Male,0,Yes,Yes,50,Loyal Customer,70.5,High Value,3487.0,Two year,0,DSL,Credit card (automatic),No
7319-ZNRTR,Male,0,Yes,Yes,25,Loyal Customer,19.6,Low Value,411.0,One year,0,No,Electronic check,No
2858-MOFSQ,Female,0,No,Yes,17,Growing Customer,55.85,Medium Value,938.0,One year,0,DSL,Mailed check,Yes
7503-EPSZW,Female,0,Yes,Yes,64,Loyal Customer,24.05,Low Value,1559.0,Two year,0,No,Mailed check,No
7089-XXAYG,Male,0,Yes,No,25,Loyal Customer,38.1,Medium Value,970.0,One year,0,DSL,Credit card (automatic),No
8118-LSUEL,Male,1,No,No,23,Growing Customer,106.4,High Value,2484.0,Month-to-month,1,Fiber optic,Electronic check,Yes
8070-AAWZP,Male,1,Yes,No,24,Loyal Customer,34.25,Low Value,828.0,Month-to-month,1,DSL,Mailed check,No
1666-JXLKU,Female,0,No,No,37,Loyal Customer,100.05,High Value,3811.0,Month-to-month,1,Fiber optic,Electronic check,No
7855-DIWPO,Female,0,No,No,21,Growing Customer,68.65,Medium Value,1493.0,Month-to-month,1,Fiber optic,Electronic check,No
5133-POWUA,Male,0,No,No,1,New Customer,45.8,Medium Value,46.0,Month-to-month,1,DSL,Mailed check,No
5652-MSDEY,Female,0,No,No,10,New Customer,75.75,High Value,777.0,Month-to-month,1,Fiber optic,Mailed check,No
7005-CCBKV,Male,0,No,No,6,New Customer,84.4,High Value,556.0,Month-to-month,1,Fiber optic,Electronic check,Yes
1810-BOHSY,Male,0,Yes,No,51,Loyal Customer,96.4,High Value,4911.0,One year,0,Fiber optic,Credit card (automatic),No
1784-BXEFA,Female,0,No,No,10,New Customer,20.55,Low Value,187.0,Month-to-month,1,No,Mailed check,No
7351-MHQVU,Female,0,No,No,6,New Customer,50.95,Medium Value,308.0,Month-to-month,1,DSL,Credit card (automatic),No
9224-VTYID,Male,0,Yes,Yes,47,Loyal Customer,90.5,High Value,4318.0,Two year,0,DSL,Mailed check,No
9500-IWPXQ,Female,0,Yes,Yes,61,Loyal Customer,79.4,High Value,4821.0,One year,0,DSL,Electronic check,No
5762-TJXGK,Female,0,No,No,52,Loyal Customer,58.75,Medium Value,3039.0,Two year,0,DSL,Bank transfer (automatic),No
4504-YOULA,Female,0,Yes,Yes,35,Loyal Customer,59.45,Medium Value,2137.0,Month-to-month,1,DSL,Credit card (automatic),No
5569-IDSEY,Male,0,Yes,No,71,Loyal Customer,105.7,High Value,7472.0,One year,0,Fiber optic,Bank transfer (automatic),No
4250-FDVOU,Female,0,No,No,6,New Customer,56.25,Medium Value,389.0,Month-to-month,1,DSL,Electronic check,Yes
7284-ZZLOH,Male,0,Yes,No,45,Loyal Customer,53.3,Medium Value,2296.0,Two year,0,DSL,Credit card (automatic),No
5277-ZLOOR,Female,1,No,No,2,New Customer,85.55,High Value,187.0,Month-to-month,1,Fiber optic,Electronic check,Yes
2141-RRYGO,Female,0,No,No,4,New Customer,68.65,Medium Value,261.0,Month-to-month,1,DSL,Bank transfer (automatic),Yes
1777-JYQPJ,Male,0,No,No,2,New Customer,24.3,Low Value,38.0,Month-to-month,1,DSL,Mailed check,No
6376-GAHQE,Male,0,No,No,4,New Customer,77.85,High Value,299.0,Month-to-month,1,Fiber optic,Electronic check,Yes
3401-URHDA,Male,0,No,No,51,Loyal Customer,59.9,Medium Value,3044.0,One year,0,DSL,Credit card (automatic),No
1599-EAHXY,Male,0,Yes,Yes,60,Loyal Customer,23.95,Low Value,1506.0,One year,0,No,Credit card (automatic),No
8631-XVRZL,Male,0,No,No,9,New Customer,20.15,Low Value,164.0,One year,0,No,Mailed check,No
5052-PNLOS,Male,0,No,No,3,New Customer,105.35,High Value,323.0,Month-to-month,1,Fiber optic,Bank transfer (automatic),Yes
3853-LYGAM,Male,0,No,No,17,Growing Customer,95.65,High Value,1640.0,Month-to-month,1,Fiber optic,Bank transfer (automatic),No
6979-ZNSFF,Female,0,No,No,8,New Customer,87.05,High Value,762.0,Month-to-month,1,Fiber optic,Electronic check,Yes
5751-USDBL,Male,0,Yes,Yes,46,Loyal Customer,81.0,High Value,3846.0,Two year,0,DSL,Mailed check,No
5680-LQOGP,Female,0,No,No,68,Loyal Customer,82.45,High Value,5647.0,Two year,0,DSL,Credit card (automatic),No
2386-LAHRK,Male,0,No,No,1,New Customer,53.5,Medium Value,54.0,Month-to-month,1,DSL,Mailed check,Yes
8189-DUKMV,Female,0,Yes,No,4,New Customer,20.5,Low Value,79.0,One year,0,No,Bank transfer (automatic),No
6032-IGALN,Female,0,No,No,1,New Customer,25.1,Low Value,25.0,Month-to-month,1,DSL,Mailed check,Yes
9931-DCEZH,Male,0,No,Yes,28,Loyal Customer,54.4,Medium Value,1517.0,One year,0,DSL,Credit card (automatic),No
1898-JSNDC,Female,0,No,No,39,Loyal Customer,58.6,Medium Value,2225.0,One year,0,DSL,Credit card (automatic),No
0315-LVCRK,Male,0,No,No,11,New Customer,84.8,High Value,889.0,Month-to-month,1,Fiber optic,Electronic check,No
3911-RSNHI,Female,0,Yes,No,71,Loyal Customer,61.4,Medium Value,4310.0,Two year,0,DSL,Credit card (automatic),No
2410-CIYFZ,Male,0,No,Yes,2,New Customer,20.4,Low Value,43.0,Month-to-month,1,No,Mailed check,No
4248-HCETZ,Male,1,Yes,No,30,Loyal Customer,79.65,High Value,2365.0,Month-to-month,1,Fiber optic,Mailed check,Yes
5505-OVWQW,Female,0,No,No,17,Growing Customer,20.15,Low Value,354.0,One year,0,No,Mailed check,No
7271-AJDTL,Female,0,Yes,No,55,Loyal Customer,94.45,High Value,5073.0,Month-to-month,1,Fiber optic,Credit card (automatic),No
1867-TJHTS,Female,0,No,No,58,Loyal Customer,79.8,High Value,4527.0,Month-to-month,1,Fiber optic,Bank transfer (automatic),No
0516-WJVXC,Female,0,No,No,5,New Customer,54.2,Medium Value,308.0,Month-to-month,1,DSL,Electronic check,Yes
9174-FKWZE,Female,1,No,No,1,New Customer,19.45,Low Value,19.0,Month-to-month,1,No,Electronic check,Yes
6860-YRJZP,Male,1,No,No,9,New Customer,74.05,High Value,678.0,Month-to-month,1,Fiber optic,Electronic check,No
4429-WYGFR,Male,0,No,No,26,Loyal Customer,49.15,Medium Value,1237.0,Month-to-month,1,DSL,Bank transfer (automatic),No
2817-LVCPP,Female,0,No,No,50,Loyal Customer,19.4,Low Value,1024.0,Two year,0,No,Credit card (automatic),No
5038-ETMLM,Female,0,Yes,No,72,Loyal Customer,113.65,High Value,8183.0,Two year,0,Fiber optic,Bank transfer (automatic),No
5056-FIMPT,Female,0,No,Yes,43,Loyal Customer,106.0,High Value,4532.0,One year,0,Fiber optic,Credit card (automatic),No
4521-WFJAI,Male,0,No,No,56,Loyal Customer,25.95,Low Value,1444.0,Two year,0,No,Bank transfer (automatic),No
6569-KTMDU,Female,0,No,No,1,New Customer,19.1,Low Value,19.0,Month-to-month,1,No,Mailed check,No
8809-RIHDD,Male,0,Yes,Yes,72,Loyal Customer,103.4,High Value,7373.0,Two year,0,Fiber optic,Electronic check,Yes
8809-XKHMD,Male,0,Yes,No,72,Loyal Customer,100.55,High Value,7325.0,Two year,0,Fiber optic,Bank transfer (automatic),No
0396-YCHWO,Male,0,Yes,No,36,Loyal Customer,95.4,High Value,3474.0,Month-to-month,1,Fiber optic,Electronic check,No
0867-LDTTC,Male,0,No,No,5,New Customer,75.15,High Value,393.0,Month-to-month,1,DSL,Bank transfer (automatic),No
4822-NGOCH,Female,0,No,No,13,Growing Customer,84.45,High Value,1059.0,Month-to-month,1,Fiber optic,Electronic check,Yes
9391-DXGGG,Female,1,No,No,44,Loyal Customer,89.15,High Value,3991.0,One year,0,Fiber optic,Credit card (automatic),No
9844-FELAJ,Female,1,Yes,Yes,70,Loyal Customer,107.9,High Value,7476.0,One year,0,Fiber optic,Electronic check,No
2122-SZZZD,Male,0,No,No,44,Loyal Customer,19.5,Low Value,836.0,One year,0,No,Credit card (automatic),No
5307-DZCVC,Female,1,Yes,No,32,Loyal Customer,85.95,High Value,2629.0,Month-to-month,1,Fiber optic,Credit card (automatic),Yes
3148-AOIQT,Female,0,Yes,No,69,Loyal Customer,24.95,Low Value,1718.0,Two year,0,No,Credit card (automatic),No
8679-JOEVF,Female,1,No,No,16,Growing Customer,59.4,Medium Value,1024.0,Month-to-month,1,DSL,Electronic check,Yes
8395-ETZKQ,Male,1,Yes,Yes,68,Loyal Customer,19.5,Low Value,1194.0,One year,0,No,Bank transfer (automatic),No
6692-YQHXC,Male,0,No,No,16,Growing Customer,69.95,Medium Value,1206.0,Month-to-month,1,Fiber optic,Credit card (automatic),No
3889-VWBID,Male,0,Yes,Yes,68,Loyal Customer,82.85,High Value,5776.0,Two year,0,DSL,Bank transfer (automatic),No
5222-JCXZT,Male,0,No,No,4,New Customer,19.0,Low Value,79.0,Month-to-month,1,No,Mailed check,No
9754-CLVZW,Female,0,Yes,Yes,26,Loyal Customer,38.85,Medium Value,1025.0,Month-to-month,1,DSL,Credit card (automatic),No
1432-FPAXX,Female,0,No,No,29,Loyal Customer,30.6,Low Value,856.0,Month-to-month,1,DSL,Electronic check,Yes
2739-CCZMB,Male,0,No,Yes,5,New Customer,20.35,Low Value,122.0,Month-to-month,1,No,Credit card (automatic),No
7080-TNUWP,Male,0,Yes,No,70,Loyal Customer,95.0,High Value,6603.0,One year,0,Fiber optic,Bank transfer (automatic),No
0496-AHOOK,Male,0,Yes,No,24,Loyal Customer,74.4,High Value,1713.0,One year,0,DSL,Bank transfer (automatic),No
8336-TAVKX,Female,1,Yes,No,72,Loyal Customer,78.45,High Value,5682.0,Two year,0,DSL,Bank transfer (automatic),No
2468-SJFLM,Male,0,No,No,1,New Customer,74.3,High Value,74.0,Month-to-month,1,Fiber optic,Mailed check,No
3181-VTHOE,Male,0,Yes,No,70,Loyal Customer,51.05,Medium Value,3635.0,One year,0,DSL,Bank transfer (automatic),No
7168-HDQHG,Female,0,Yes,Yes,36,Loyal Customer,19.2,Low Value,703.0,Month-to-month,1,No,Bank transfer (automatic),No
4803-AXVYP,Female,1,No,No,38,Loyal Customer,99.55,High Value,3734.0,Month-to-month,1,Fiber optic,Electronic check,Yes
3884-HCSWG,Female,0,No,No,17,Growing Customer,70.0,High Value,1145.0,Month-to-month,1,Fiber optic,Electronic check,Yes
4567-AKPIA,Female,0,Yes,Yes,41,Loyal Customer,109.1,High Value,4454.0,One year,0,Fiber optic,Bank transfer (automatic),No
5077-DXTCG,Female,0,No,No,1,New Customer,45.3,Medium Value,45.0,Month-to-month,1,DSL,Electronic check,Yes
1142-WACZW,Male,0,No,No,2,New Customer,29.85,Low Value,76.0,Month-to-month,1,DSL,Bank transfer (automatic),Yes
7901-HXJVA,Male,0,No,No,14,Growing Customer,76.45,High Value,1118.0,Month-to-month,1,Fiber optic,Electronic check,No
5649-ANRML,Male,1,No,No,2,New Customer,95.1,High Value,180.0,Month-to-month,1,Fiber optic,Credit card (automatic),Yes
4892-VLANZ,Male,0,No,No,1,New Customer,19.8,Low Value,20.0,Month-to-month,1,No,Mailed check,Yes
5924-IFQTT,Male,0,Yes,Yes,13,Growing Customer,72.8,High Value,930.0,Month-to-month,1,DSL,Electronic check,No
7968-QUXNS,Male,0,No,No,6,New Customer,18.95,Low Value,110.0,Month-to-month,1,No,Mailed check,No
2919-HBCJO,Female,0,No,No,4,New Customer,76.65,High Value,334.0,Month-to-month,1,Fiber optic,Bank transfer (automatic),Yes
4236-XPXAV,Female,0,Yes,Yes,5,New Customer,99.15,High Value,465.0,Month-to-month,1,Fiber optic,Mailed check,Yes
8903-WMRNW,Female,0,Yes,No,15,Growing Customer,101.75,High Value,1669.0,Month-to-month,1,Fiber optic,Electronic check,No
2452-SNHFZ,Female,0,No,No,47,Loyal Customer,75.45,High Value,3545.0,Month-to-month,1,Fiber optic,Credit card (automatic),No
3629-WEAAM,Female,0,No,No,8,New Customer,64.1,Medium Value,504.0,Month-to-month,1,DSL,Mailed check,No
6029-CSMJE,Male,0,No,No,17,Growing Customer,25.65,Low Value,440.0,Month-to-month,1,DSL,Mailed check,No
7993-NQLJE,Male,0,Yes,Yes,15,Growing Customer,75.1,High Value,1152.0,Month-to-month,1,Fiber optic,Mailed check,No
9909-DFRJA,Female,0,No,No,26,Loyal Customer,95.85,High Value,2475.0,One year,0,Fiber optic,Bank transfer (automatic),No
9099-FTUHS,Female,0,No,No,23,Growing Customer,54.4,Medium Value,1249.0,Month-to-month,1,DSL,Electronic check,No
0581-BXBUB,Female,1,No,No,4,New Customer,72.75,High Value,318.0,Month-to-month,1,Fiber optic,Electronic check,No
4962-CHQPW,Male,0,No,Yes,29,Loyal Customer,19.85,Low Value,535.0,One year,0,No,Mailed check,No
9467-ROOLM,Female,0,No,No,25,Loyal Customer,19.05,Low Value,461.0,Month-to-month,1,No,Mailed check,No
3030-YZADT,Male,0,No,No,9,New Customer,44.95,Medium Value,431.0,Month-to-month,1,DSL,Mailed check,Yes
7410-KTVFV,Male,0,Yes,No,18,Growing Customer,49.55,Medium Value,878.0,Month-to-month,1,DSL,Mailed check,Yes
5150-ITWWB,Male,1,No,No,3,New Customer,94.85,High Value,336.0,Month-to-month,1,Fiber optic,Electronic check,No
2253-KPMNB,Female,0,Yes,Yes,69,Loyal Customer,46.25,Medium Value,3121.0,Two year,0,DSL,Bank transfer (automatic),No
1345-ZUKID,Male,0,No,No,14,Growing Customer,19.35,Low Value,325.0,One year,0,No,Mailed check,No
6429-SHBCB,Male,0,No,No,19,Growing Customer,69.6,Medium Value,1395.0,Month-to-month,1,DSL,Mailed check,No
9281-OFDMF,Male,1,No,No,39,Loyal Customer,90.7,High Value,3413.0,Month-to-month,1,Fiber optic,Electronic check,No
2603-HVKCG,Male,0,No,No,31,Loyal Customer,101.4,High Value,3144.0,Month-to-month,1,Fiber optic,Electronic check,No
1834-WULEG,Male,0,Yes,Yes,24,Loyal Customer,20.25,Low Value,440.0,One year,0,No,Mailed check,No
9097-ZUBYC,Male,0,Yes,No,14,Growing Customer,48.8,Medium Value,664.0,Month-to-month,1,DSL,Bank transfer (automatic),No
5148-ORICT,Female,0,Yes,No,64,Loyal Customer,74.35,High Value,4760.0,Two year,0,DSL,Mailed check,No
4893-GYUJU,Female,0,No,No,50,Loyal Customer,19.35,Low Value,1033.0,One year,0,No,Mailed check,No
4578-PHJYZ,Male,0,Yes,Yes,52,Loyal Customer,68.75,Medium Value,3483.0,One year,0,DSL,Electronic check,No
7272-QDCKA,Male,0,No,No,28,Loyal Customer,100.2,High Value,2688.0,One year,0,Fiber optic,Electronic check,No
8908-SLFCJ,Female,0,No,No,21,Growing Customer,20.85,Low Value,435.0,Two year,0,No,Credit card (automatic),No
8393-DLHGA,Male,0,No,Yes,25,Loyal Customer,95.9,High Value,2449.0,Month-to-month,1,Fiber optic,Electronic check,Yes
9766-HGEDE,Female,0,Yes,No,17,Growing Customer,19.35,Low Value,307.0,One year,0,No,Mailed check,No
6968-MHOMU,Male,0,Yes,No,58,Loyal Customer,45.0,Medium Value,2689.0,One year,0,DSL,Credit card (automatic),No
7395-IGJOS,Male,1,Yes,No,17,Growing Customer,81.5,High Value,1329.0,Month-to-month,1,Fiber optic,Bank transfer (automatic),Yes
5044-XDPYX,Female,0,Yes,No,51,Loyal Customer,25.5,Low Value,1281.0,Two year,0,No,Mailed check,No
1814-WFGVS,Male,0,Yes,Yes,72,Loyal Customer,48.9,Medium Value,3527.0,Two year,0,DSL,Mailed check,No
2834-SPCJV,Male,0,Yes,No,52,Loyal Customer,84.1,High Value,4349.0,Month-to-month,1,Fiber optic,Electronic check,Yes
3721-WKIIL,Female,0,No,No,27,Loyal Customer,19.6,Low Value,561.0,Two year,0,No,Mailed check,No
6734-CKRSM,Female,0,No,No,3,New Customer,20.0,Low Value,64.0,Month-to-month,1,No,Mailed check,No
1265-ZFOSD,Female,0,Yes,No,64,Loyal Customer,81.3,High Value,5129.0,Two year,0,DSL,Mailed check,No
6568-POCUI,Female,0,Yes,No,45,Loyal Customer,95.2,High Value,4286.0,Two year,0,Fiber optic,Credit card (automatic),No
7890-VYYWG,Male,1,Yes,No,3,New Customer,36.45,Medium Value,94.0,Month-to-month,1,DSL,Mailed check,Yes
5197-LQXXH,Female,0,Yes,No,71,Loyal Customer,83.3,High Value,5895.0,Two year,0,DSL,Credit card (automatic),No
9907-SWKKF,Female,1,No,No,1,New Customer,25.05,Low Value,25.0,Month-to-month,1,DSL,Mailed check,Yes
3457-PQBYH,Female,0,Yes,Yes,58,Loyal Customer,20.3,Low Value,1161.0,Two year,0,No,Credit card (automatic),No
7682-AZNDK,Male,0,Yes,Yes,34,Loyal Customer,89.85,High Value,3092.0,Month-to-month,1,Fiber optic,Electronic check,No
0587-DMGBH,Female,0,No,No,8,New Customer,49.85,Medium Value,366.0,Month-to-month,1,DSL,Electronic check,Yes
5384-ZTTWP,Female,0,Yes,Yes,15,Growing Customer,19.8,Low Value,273.0,Month-to-month,1,No,Mailed check,No
3745-HRPHI,Male,0,Yes,Yes,66,Loyal Customer,54.65,Medium Value,3632.0,Two year,0,DSL,Bank transfer (automatic),No
7636-OWBPG,Male,1,No,No,12,Growing Customer,29.35,Low Value,381.0,Month-to-month,1,DSL,Credit card (automatic),No
1231-YNDEK,Male,0,No,No,58,Loyal Customer,19.15,Low Value,1036.0,Two year,0,No,Bank transfer (automatic),No
1407-DIGZV,Female,0,Yes,Yes,3,New Customer,19.1,Low Value,52.0,Two year,0,No,Mailed check,No
6397-JNZZG,Female,1,Yes,No,43,Loyal Customer,55.55,Medium Value,2342.0,Month-to-month,1,DSL,Credit card (automatic),Yes
0570-BFQHT,Female,0,No,No,9,New Customer,80.55,High Value,654.0,Month-to-month,1,Fiber optic,Electronic check,No
4393-OBCRR,Female,0,No,No,3,New Customer,20.25,Low Value,71.0,One year,0,No,Mailed check,No
3523-QRQLL,Female,0,Yes,Yes,22,Growing Customer,69.5,Medium Value,1498.0,One year,0,DSL,Bank transfer (automatic),Yes
8564-LDKFL,Male,0,Yes,No,40,Loyal Customer,106.0,High Value,4179.0,One year,0,Fiber optic,Bank transfer (automatic),No
3696-DFHHB,Female,0,No,No,68,Loyal Customer,25.5,Low Value,1822.0,Two year,0,No,Bank transfer (automatic),No
0895-DQHEW,Male,0,Yes,No,54,Loyal Customer,104.3,High Value,5278.0,Month-to-month,1,Fiber optic,Electronic check,Yes
4717-GHADL,Female,0,No,No,50,Loyal Customer,79.6,High Value,4024.0,Two year,0,DSL,Mailed check,No
5501-TVMGM,Male,0,No,No,1,New Customer,55.25,Medium Value,55.0,Month-to-month,1,DSL,Electronic check,No
5879-HMFFH,Female,0,Yes,No,72,Loyal Customer,88.05,High Value,6521.0,Two year,0,DSL,Bank transfer (automatic),No
6772-WFQRD,Male,0,No,Yes,40,Loyal Customer,20.4,Low Value,855.0,One year,0,No,Bank transfer (automatic),No
3810-DVDQQ,Female,0,Yes,Yes,72,Loyal Customer,117.6,High Value,8309.0,Two year,0,Fiber optic,Bank transfer (automatic),No
6972-SNKKW,Female,0,No,No,6,New Customer,20.0,Low Value,109.0,Month-to-month,1,No,Mailed check,No
3694-GLTJM,Female,0,No,No,5,New Customer,19.65,Low Value,92.0,Month-to-month,1,No,Credit card (automatic),No
8550-XSXUQ,Male,0,Yes,No,48,Loyal Customer,70.55,High Value,3421.0,One year,0,DSL,Credit card (automatic),No
8149-RSOUN,Female,0,No,No,1,New Customer,93.85,High Value,94.0,Month-to-month,1,Fiber optic,Electronic check,Yes
9055-MOJJJ,Female,0,Yes,Yes,64,Loyal Customer,65.8,Medium Value,4068.0,One year,0,DSL,Mailed check,No
4359-INNWN,Female,0,No,No,17,Growing Customer,20.05,Low Value,338.0,One year,0,No,Credit card (automatic),No
0585-EGDDA,Male,0,Yes,No,40,Loyal Customer,80.0,High Value,3169.0,Month-to-month,1,Fiber optic,Electronic check,No
4032-RMHCI,Female,0,Yes,Yes,41,Loyal Customer,35.4,Medium Value,1412.0,One year,0,DSL,Credit card (automatic),No
0549-CYCQN,Male,1,No,No,51,Loyal Customer,79.6,High Value,3975.0,One year,0,Fiber optic,Bank transfer (automatic),No
3481-JHUZH,Male,0,Yes,No,41,Loyal Customer,80.25,High Value,3439.0,Month-to-month,1,Fiber optic,Electronic check,No
7250-EQKIY,Female,0,Yes,Yes,1,New Customer,50.45,Medium Value,50.0,Month-to-month,1,DSL,Mailed check,Yes
3594-IVHJZ,Female,0,No,No,2,New Customer,20.45,Low Value,42.0,Month-to-month,1,No,Mailed check,No
6869-FGJJC,Male,0,No,No,68,Loyal Customer,79.6,High Value,5461.0,One year,0,Fiber optic,Credit card (automatic),No
3896-ZVNET,Female,0,Yes,Yes,24,Loyal Customer,24.7,Low Value,572.0,Two year,0,No,Mailed check,No
8205-VSLRB,Male,0,Yes,No,70,Loyal Customer,77.3,High Value,5498.0,Two year,0,DSL,Credit card (automatic),No
5960-MVTUK,Male,0,No,No,3,New Customer,29.75,Low Value,97.0,Month-to-month,1,DSL,Electronic check,No
6817-WTYHE,Male,0,No,No,2,New Customer,44.9,Medium Value,111.0,Month-to-month,1,DSL,Bank transfer (automatic),No
3082-VQXNH,Male,0,Yes,No,3,New Customer,29.8,Low Value,94.0,Month-to-month,1,DSL,Credit card (automatic),No
4013-UBXWQ,Female,0,No,No,7,New Customer,74.65,High Value,521.0,Month-to-month,1,DSL,Electronic check,Yes
4931-TRZWN,Female,0,No,No,13,Growing Customer,71.95,High Value,924.0,Month-to-month,1,DSL,Electronic check,No
0750-EKNGL,Male,0,No,No,7,New Customer,20.75,Low Value,141.0,Month-to-month,1,No,Mailed check,No
7669-LCRSD,Male,0,Yes,Yes,12,Growing Customer,56.3,Medium Value,629.0,Month-to-month,1,DSL,Mailed check,No
3567-PQTSO,Male,0,Yes,Yes,53,Loyal Customer,105.25,High Value,5576.0,One year,0,Fiber optic,Electronic check,No
5519-NPHVG,Female,0,No,No,12,Growing Customer,94.2,High Value,1046.0,Month-to-month,1,Fiber optic,Electronic check,Yes
8043-PNYSD,Male,0,Yes,Yes,63,Loyal Customer,19.55,Low Value,1246.0,Two year,0,No,Mailed check,No
9938-EKRGF,Female,0,No,No,15,Growing Customer,84.45,High Value,1288.0,Month-to-month,1,DSL,Mailed check,No
2703-AMTUL,Male,0,Yes,Yes,36,Loyal Customer,53.65,Medium Value,1939.0,One year,0,DSL,Mailed check,No
0928-JMXNP,Male,1,Yes,No,4,New Customer,29.9,Low Value,118.0,Month-to-month,1,DSL,Electronic check,No
8173-RXAYP,Female,0,Yes,Yes,24,Loyal Customer,19.7,Low Value,453.0,Two year,0,No,Mailed check,No
4825-XJGDM,Female,0,No,No,61,Loyal Customer,43.7,Medium Value,2697.0,One year,0,DSL,Credit card (automatic),No
5402-HTOTQ,Male,0,No,No,16,Growing Customer,55.3,Medium Value,875.0,Month-to-month,1,DSL,Electronic check,No
6734-JDTTV,Male,0,Yes,Yes,65,Loyal Customer,19.85,Low Value,1267.0,Two year,0,No,Credit card (automatic),No
7850-THJMU,Female,0,Yes,Yes,26,Loyal Customer,19.65,Low Value,495.0,Two year,0,No,Credit card (automatic),No
3890-RTCMS,Male,0,No,No,16,Growing Customer,49.45,Medium Value,799.0,Month-to-month,1,DSL,Mailed check,No
8849-GYOKR,Female,0,Yes,No,54,Loyal Customer,106.55,High Value,5763.0,One year,0,Fiber optic,Bank transfer (automatic),Yes
3148-BLQJT,Male,0,No,No,1,New Customer,20.1,Low Value,20.0,Month-to-month,1,No,Mailed check,Yes
3717-FDJFU,Male,0,No,Yes,5,New Customer,20.45,Low Value,107.0,Two year,0,No,Mailed check,No
3665-JATSN,Female,0,No,No,19,Growing Customer,39.7,Medium Value,710.0,Month-to-month,1,DSL,Electronic check,No
7966-YOTQW,Male,0,No,No,10,New Customer,54.5,Medium Value,568.0,Month-to-month,1,DSL,Credit card (automatic),No
0461-CVKMU,Female,0,Yes,Yes,23,Growing Customer,83.8,High Value,1900.0,Month-to-month,1,Fiber optic,Electronic check,Yes
8806-EAGWC,Male,0,No,No,3,New Customer,55.15,Medium Value,159.0,Month-to-month,1,DSL,Mailed check,Yes
8853-TZDGH,Female,0,No,No,72,Loyal Customer,111.6,High Value,8013.0,Two year,0,Fiber optic,Bank transfer (automatic),No
7779-LGOVN,Male,1,Yes,No,10,New Customer,86.65,High Value,857.0,Month-to-month,1,Fiber optic,Electronic check,Yes
4324-BZCKL,Female,0,Yes,Yes,10,New Customer,55.55,Medium Value,551.0,Month-to-month,1,DSL,Mailed check,No
6924-TDGMT,Male,0,Yes,No,11,New Customer,20.55,Low Value,185.0,One year,0,No,Mailed check,No
9710-ZUSHQ,Female,1,No,No,37,Loyal Customer,106.75,High Value,4057.0,Month-to-month,1,Fiber optic,Bank transfer (automatic),Yes
1536-YHDOE,Male,0,Yes,Yes,17,Growing Customer,62.1,Medium Value,1097.0,One year,0,DSL,Mailed check,No
8123-QBNAZ,Female,0,Yes,Yes,36,Loyal Customer,104.5,High Value,3685.0,Month-to-month,1,Fiber optic,Credit card (automatic),No
3629-ZNKXA,Male,1,No,No,17,Growing Customer,101.8,High Value,1752.0,Month-to-month,1,Fiber optic,Electronic check,No
4827-LTQRJ,Female,1,Yes,Yes,66,Loyal Customer,110.6,High Value,7211.0,One year,0,Fiber optic,Credit card (automatic),No
7711-YIJWC,Male,0,Yes,Yes,61,Loyal Customer,84.9,High Value,5265.0,One year,0,DSL,Bank transfer (automatic),No
5482-VXSXJ,Male,0,No,No,22,Growing Customer,93.2,High Value,2157.0,Month-to-month,1,Fiber optic,Mailed check,No
7365-BVCJH,Male,0,No,No,1,New Customer,24.4,Low Value,24.0,Month-to-month,1,DSL,Electronic check,No
9620-ENEJV,Female,0,No,No,6,New Customer,70.55,High Value,434.0,Month-to-month,1,Fiber optic,Credit card (automatic),No
4183-WCSEP,Male,0,No,No,31,Loyal Customer,78.45,High Value,2435.0,Month-to-month,1,Fiber optic,Electronic check,Yes
2378-YIZKA,Female,0,Yes,Yes,68,Loyal Customer,85.0,High Value,5608.0,Two year,0,DSL,Credit card (automatic),No
5498-TXHLF,Female,0,Yes,Yes,34,Loyal Customer,87.45,High Value,2874.0,Month-to-month,1,Fiber optic,Electronic check,Yes
0689-DSXGL,Female,0,Yes,Yes,52,Loyal Customer,85.8,High Value,4433.0,Month-to-month,1,Fiber optic,Bank transfer (automatic),No
6818-DJXAA,Female,0,No,Yes,10,New Customer,91.1,High Value,964.0,Month-to-month,1,Fiber optic,Electronic check,No
9722-UJOJR,Male,0,Yes,Yes,29,Loyal Customer,70.75,High Value,1975.0,Month-to-month,1,Fiber optic,Electronic check,Yes
0464-WJTKO,Female,0,Yes,Yes,72,Loyal Customer,20.1,Low Value,1461.0,Two year,0,No,Bank transfer (automatic),No
8902-ZEOVF,Male,0,Yes,Yes,47,Loyal Customer,20.05,Low Value,952.0,One year,0,No,Mailed check,No
6778-EICRF,Male,0,Yes,Yes,24,Loyal Customer,74.8,High Value,1821.0,One year,0,DSL,Mailed check,No
2662-NNTDK,Male,0,No,No,65,Loyal Customer,24.8,Low Value,1601.0,One year,0,No,Credit card (automatic),No
4132-KALRO,Female,0,No,No,4,New Customer,100.85,High Value,399.0,Month-to-month,1,Fiber optic,Mailed check,No
3902-FOIGH,Male,1,Yes,No,12,Growing Customer,101.35,High Value,1219.0,Month-to-month,1,Fiber optic,Electronic check,Yes
6772-KSATR,Male,0,No,No,1,New Customer,81.7,High Value,82.0,Month-to-month,1,Fiber optic,Electronic check,Yes
7112-OPOTK,Male,0,No,No,33,Loyal Customer,68.25,Medium Value,2171.0,Month-to-month,1,Fiber optic,Electronic check,Yes
2874-YXVVA,Female,0,No,No,34,Loyal Customer,105.1,High Value,3635.0,Month-to-month,1,Fiber optic,Electronic check,No
1245-HARPS,Female,0,Yes,No,14,Growing Customer,20.4,Low Value,292.0,Two year,0,No,Mailed check,No
4210-QFJMF,Female,0,No,No,4,New Customer,79.15,High Value,317.0,Month-to-month,1,Fiber optic,Electronic check,Yes
4323-ELYYB,Male,0,Yes,Yes,13,Growing Customer,20.0,Low Value,219.0,One year,0,No,Mailed check,No
4293-ETKAP,Female,0,Yes,Yes,65,Loyal Customer,79.4,High Value,5072.0,Two year,0,DSL,Bank transfer (automatic),No
6064-PUPMC,Male,0,Yes,Yes,23,Growing Customer,57.2,Medium Value,1423.0,One year,0,DSL,Credit card (automatic),No
6504-VBLFL,Male,0,Yes,No,55,Loyal Customer,58.6,Medium Value,3069.0,Two year,0,DSL,Electronic check,No
6322-PJJDJ,Male,0,Yes,No,49,Loyal Customer,94.8,High Value,4691.0,Two year,0,Fiber optic,Electronic check,No
0330-BGYZE,Male,0,Yes,No,60,Loyal Customer,102.5,High Value,6158.0,One year,0,Fiber optic,Bank transfer (automatic),No
1085-LDWAM,Female,0,Yes,Yes,69,Loyal Customer,20.35,Low Value,1443.0,One year,0,No,Credit card (automatic),No
7586-ZATGZ,Male,0,No,No,40,Loyal Customer,84.9,High Value,3369.0,Month-to-month,1,Fiber optic,Electronic check,No
7197-VOJMM,Male,0,Yes,No,67,Loyal Customer,69.2,Medium Value,4672.0,Two year,0,DSL,Credit card (automatic),No
3318-OSATS,Male,1,No,No,35,Loyal Customer,95.45,High Value,3474.0,Month-to-month,1,Fiber optic,Electronic check,Yes
5828-AVIPD,Male,0,Yes,Yes,19,Growing Customer,100.95,High Value,1876.0,One year,0,Fiber optic,Electronic check,Yes
1843-TLSGD,Female,0,Yes,Yes,13,Growing Customer,20.85,Low Value,272.0,Two year,0,No,Mailed check,No
9626-VFRGG,Female,0,No,Yes,41,Loyal Customer,88.5,High Value,3645.0,Month-to-month,1,Fiber optic,Bank transfer (automatic),No
7075-BNDVQ,Female,0,No,No,4,New Customer,35.0,Medium Value,136.0,Month-to-month,1,DSL,Mailed check,No
9143-CANJF,Female,0,Yes,Yes,24,Loyal Customer,55.15,Medium Value,1320.0,Month-to-month,1,DSL,Electronic check,No
7284-BUYEC,Female,0,No,No,5,New Customer,50.95,Medium Value,229.0,Month-to-month,1,DSL,Credit card (automatic),No
2041-JIJCI,Female,0,No,No,5,New Customer,64.0,Medium Value,370.0,Month-to-month,1,DSL,Electronic check,No
1086-LXKFY,Female,0,Yes,Yes,1,New Customer,69.1,Medium Value,69.0,Month-to-month,1,Fiber optic,Mailed check,Yes
4900-MSOMT,Female,0,Yes,Yes,72,Loyal Customer,80.2,High Value,5714.0,Two year,0,DSL,Bank transfer (automatic),No
2229-VWQJH,Female,0,No,No,24,Loyal Customer,49.3,Medium Value,1233.0,Month-to-month,1,DSL,Credit card (automatic),No
9194-GFVOI,Female,0,Yes,No,42,Loyal Customer,84.35,High Value,3572.0,Two year,0,DSL,Credit card (automatic),No
1336-EZFZY,Female,0,No,No,4,New Customer,20.05,Low Value,83.0,Month-to-month,1,No,Mailed check,No
4282-MSACW,Male,0,No,No,68,Loyal Customer,117.2,High Value,8036.0,One year,0,Fiber optic,Credit card (automatic),No
1403-LKLIK,Female,0,Yes,Yes,33,Loyal Customer,20.1,Low Value,579.0,One year,0,No,Mailed check,No
2636-ALXXZ,Female,1,No,No,1,New Customer,69.6,Medium Value,70.0,Month-to-month,1,Fiber optic,Electronic check,Yes
7774-OJSXI,Male,0,No,No,31,Loyal Customer,103.45,High Value,3066.0,One year,0,Fiber optic,Electronic check,Yes
7786-WBJYI,Female,0,No,No,4,New Customer,77.95,High Value,306.0,Month-to-month,1,Fiber optic,Bank transfer (automatic),Yes
0136-IFMYD,Male,1,Yes,No,69,Loyal Customer,109.95,High Value,7634.0,Two year,0,Fiber optic,Electronic check,No
5144-TVGLP,Male,1,No,No,38,Loyal Customer,94.75,High Value,3653.0,Month-to-month,1,Fiber optic,Electronic check,No
9643-AVVWI,Female,0,Yes,Yes,3,New Customer,80.0,High Value,241.0,Month-to-month,1,Fiber optic,Electronic check,No
0253-ZTEOB,Female,0,Yes,Yes,48,Loyal Customer,79.65,High Value,3870.0,Two year,0,DSL,Electronic check,No
2706-QZIHY,Female,0,Yes,No,15,Growing Customer,25.2,Low Value,388.0,Two year,0,No,Mailed check,No
6061-PQHMK,Female,0,No,No,25,Loyal Customer,19.9,Low Value,528.0,One year,0,No,Credit card (automatic),No
9885-CSMWE,Female,1,No,No,1,New Customer,78.45,High Value,78.0,Month-to-month,1,Fiber optic,Electronic check,Yes
6137-MFAJN,Female,0,No,No,48,Loyal Customer,44.8,Medium Value,2105.0,Month-to-month,1,DSL,Electronic check,No
9122-UMROB,Male,0,No,No,1,New Customer,20.3,Low Value,20.0,Month-to-month,1,No,Mailed check,No
4232-JGKIY,Male,0,No,No,1,New Customer,19.2,Low Value,19.0,Month-to-month,1,No,Electronic check,No
2402-TAIRZ,Female,0,No,No,37,Loyal Customer,80.05,High Value,3019.0,One year,0,Fiber optic,Electronic check,No
9659-ZTWSM,Male,1,Yes,No,66,Loyal Customer,107.35,High Value,7052.0,One year,0,Fiber optic,Bank transfer (automatic),No
9139-TWBAS,Female,0,Yes,No,26,Loyal Customer,47.85,Medium Value,1191.0,One year,0,DSL,Bank transfer (automatic),No
6685-GBWJZ,Male,0,Yes,No,63,Loyal Customer,70.8,High Value,4449.0,One year,0,DSL,Credit card (automatic),No
5016-ETTFF,Male,0,No,No,10,New Customer,29.5,Low Value,255.0,Month-to-month,1,DSL,Mailed check,Yes
3866-MDTUB,Female,0,No,No,2,New Customer,70.75,High Value,147.0,Month-to-month,1,DSL,Electronic check,Yes
2195-VVRJF,Male,1,Yes,No,18,Growing Customer,59.1,Medium Value,1011.0,Month-to-month,1,DSL,Credit card (automatic),No
3913-RDSJZ,Female,0,Yes,No,64,Loyal Customer,25.55,Low Value,1715.0,Two year,0,No,Mailed check,No
8058-JMEQO,Female,1,No,No,9,New Customer,84.45,High Value,763.0,Month-to-month,1,Fiber optic,Electronic check,Yes
4203-QGNZA,Female,0,No,Yes,28,Loyal Customer,20.25,Low Value,535.0,Month-to-month,1,No,Mailed check,No
5043-TRZWM,Female,0,No,No,1,New Customer,75.55,High Value,76.0,Month-to-month,1,Fiber optic,Electronic check,No
0697-ZMSWS,Male,0,No,No,4,New Customer,85.65,High Value,339.0,Month-to-month,1,Fiber optic,Electronic check,Yes
7657-DYEPJ,Male,1,No,No,38,Loyal Customer,70.15,High Value,2497.0,One year,0,DSL,Credit card (automatic),Yes
9494-BDNNC,Male,0,Yes,No,66,Loyal Customer,95.3,High Value,6273.0,One year,0,Fiber optic,Electronic check,No
1640-PLFMP,Female,0,No,No,1,New Customer,70.25,High Value,70.0,Month-to-month,1,Fiber optic,Electronic check,No
5366-OBVMR,Female,0,Yes,No,18,Growing Customer,50.3,Medium Value,909.0,Month-to-month,1,DSL,Mailed check,No
8276-MQBYC,Male,1,No,No,51,Loyal Customer,97.8,High Value,4913.0,Month-to-month,1,Fiber optic,Electronic check,Yes
7644-OMVMY,Male,0,Yes,Yes,0,New Customer,19.85,Low Value,,Two year,0,No,Mailed check,No
7593-XFKDI,Male,0,No,No,1,New Customer,46.3,Medium Value,46.0,Month-to-month,1,DSL,Mailed check,Yes
4573-JKNAE,Male,0,No,Yes,12,Growing Customer,19.35,Low Value,212.0,Two year,0,No,Bank transfer (automatic),No
0337-CNPZE,Female,0,No,No,41,Loyal Customer,106.3,High Value,4443.0,Month-to-month,1,Fiber optic,Electronic check,Yes
9817-APLHW,Male,0,No,No,12,Growing Customer,25.0,Low Value,316.0,Month-to-month,1,No,Electronic check,No
8380-MQINP,Female,0,Yes,Yes,55,Loyal Customer,20.3,Low Value,1079.0,Two year,0,No,Mailed check,No
0840-DFEZH,Female,0,No,No,7,New Customer,75.35,High Value,565.0,Month-to-month,1,Fiber optic,Electronic check,No
1513-XNPPH,Female,0,No,No,12,Growing Customer,89.4,High Value,1096.0,Month-to-month,1,Fiber optic,Electronic check,Yes
8690-ZVLCL,Female,0,Yes,Yes,68,Loyal Customer,88.0,High Value,6162.0,Two year,0,DSL,Credit card (automatic),No
6015-VVHHE,Female,1,No,No,5,New Customer,83.15,High Value,446.0,Month-to-month,1,Fiber optic,Credit card (automatic),Yes
1125-SNVCK,Female,1,No,No,49,Loyal Customer,43.8,Medium Value,2106.0,Month-to-month,1,DSL,Mailed check,No
0384-LPITE,Male,0,No,No,40,Loyal Customer,62.05,Medium Value,2512.0,One year,0,DSL,Credit card (automatic),No
4616-EWBNJ,Female,0,No,No,16,Growing Customer,20.1,Low Value,319.0,One year,0,No,Bank transfer (automatic),No
6347-DCUIK,Male,0,No,No,10,New Customer,74.15,High Value,812.0,Month-to-month,1,Fiber optic,Mailed check,Yes
1335-HQMKX,Female,0,Yes,No,72,Loyal Customer,101.35,High Value,7323.0,One year,0,Fiber optic,Electronic check,No
2545-EBUPK,Female,1,No,No,2,New Customer,84.05,High Value,186.0,Month-to-month,1,Fiber optic,Electronic check,No
6923-AQONU,Male,0,Yes,Yes,23,Growing Customer,20.9,Low Value,454.0,Two year,0,No,Mailed check,No
2172-EJXVF,Female,1,No,No,71,Loyal Customer,105.9,High Value,7522.0,One year,0,Fiber optic,Electronic check,No
0897-FEGMU,Female,0,Yes,No,11,New Customer,99.5,High Value,1057.0,Month-to-month,1,Fiber optic,Electronic check,Yes
7663-RGWBC,Male,0,No,No,1,New Customer,44.15,Medium Value,44.0,Month-to-month,1,DSL,Mailed check,Yes
1120-BMWUB,Female,0,No,No,16,Growing Customer,53.9,Medium Value,834.0,Month-to-month,1,DSL,Mailed check,Yes
9124-LHCJQ,Female,0,No,No,1,New Customer,85.45,High Value,85.0,Month-to-month,1,Fiber optic,Mailed check,Yes
4536-PLEQY,Male,0,Yes,No,12,Growing Customer,85.05,High Value,1000.0,Month-to-month,1,Fiber optic,Credit card (automatic),No
7029-IJEJK,Female,0,No,No,54,Loyal Customer,44.1,Medium Value,2370.0,One year,0,DSL,Bank transfer (automatic),No
8871-JLMHM,Female,0,Yes,No,68,Loyal Customer,90.2,High Value,6298.0,Two year,0,Fiber optic,Credit card (automatic),No
2235-ZGKPT,Female,0,Yes,Yes,4,New Customer,50.85,Medium Value,240.0,Month-to-month,1,DSL,Mailed check,Yes
3891-PUQOD,Female,0,No,Yes,1,New Customer,59.2,Medium Value,59.0,Month-to-month,1,DSL,Electronic check,Yes
5447-VYTKW,Male,0,No,No,27,Loyal Customer,53.45,Medium Value,1461.0,Month-to-month,1,DSL,Mailed check,No
3623-FQBOX,Male,0,No,No,21,Growing Customer,19.95,Low Value,416.0,Month-to-month,1,No,Mailed check,No
0689-NKYLF,Male,0,No,No,13,Growing Customer,83.2,High Value,1061.0,Month-to-month,1,Fiber optic,Electronic check,Yes
8659-HDIYE,Female,1,No,No,64,Loyal Customer,74.65,High Value,4869.0,Month-to-month,1,DSL,Credit card (automatic),No
3658-KIBGF,Female,0,No,No,1,New Customer,54.9,Medium Value,55.0,Month-to-month,1,DSL,Electronic check,Yes
3474-BAFSJ,Male,0,Yes,No,57,Loyal Customer,57.5,Medium Value,3266.0,Two year,0,DSL,Bank transfer (automatic),No
5519-YLDGW,Female,0,Yes,No,21,Growing Customer,103.9,High Value,2254.0,Month-to-month,1,Fiber optic,Electronic check,Yes
3865-ZFZIB,Male,0,No,No,19,Growing Customer,19.65,Low Value,358.0,Two year,0,No,Mailed check,No
1855-AGAWH,Male,0,Yes,No,31,Loyal Customer,93.8,High Value,2940.0,One year,0,Fiber optic,Electronic check,No
7109-CQYUZ,Male,0,No,No,52,Loyal Customer,89.25,High Value,4652.0,Two year,0,DSL,Mailed check,No
1370-GGAWX,Female,0,No,No,46,Loyal Customer,94.15,High Value,4408.0,One year,0,Fiber optic,Electronic check,No
4680-KUTAJ,Female,1,No,No,11,New Customer,55.6,Medium Value,581.0,Month-to-month,1,DSL,Electronic check,No
5307-UVGNB,Female,0,Yes,Yes,53,Loyal Customer,48.7,Medium Value,2495.0,Month-to-month,1,DSL,Bank transfer (automatic),No
4946-EDSEW,Female,0,Yes,Yes,11,New Customer,19.25,Low Value,180.0,Month-to-month,1,No,Mailed check,Yes
2883-ILGWO,Male,1,No,No,57,Loyal Customer,104.9,High Value,5914.0,Month-to-month,1,Fiber optic,Bank transfer (automatic),No
2516-VQRRV,Female,1,No,No,2,New Customer,75.45,High Value,158.0,Month-to-month,1,Fiber optic,Mailed check,Yes
7580-UGXNC,Female,1,No,No,2,New Customer,54.85,Medium Value,104.0,Month-to-month,1,DSL,Mailed check,Yes
3642-BYHDO,Female,0,Yes,Yes,71,Loyal Customer,19.9,Low Value,1389.0,Two year,0,No,Bank transfer (automatic),No
9629-NHXFW,Female,0,Yes,Yes,1,New Customer,19.4,Low Value,19.0,Month-to-month,1,No,Mailed check,No
2696-RZVZW,Male,0,Yes,No,68,Loyal Customer,25.05,Low Value,1629.0,Two year,0,No,Credit card (automatic),No
5766-FTRTS,Male,0,Yes,No,72,Loyal Customer,84.45,High Value,6033.0,Two year,0,DSL,Mailed check,No
0396-HUJBP,Female,0,No,No,2,New Customer,19.3,Low Value,44.0,Month-to-month,1,No,Mailed check,No
5178-LMXOP,Male,1,Yes,No,1,New Customer,95.1,High Value,95.0,Month-to-month,1,Fiber optic,Electronic check,Yes
8879-ZKJOF,Female,0,No,No,41,Loyal Customer,79.85,High Value,3321.0,One year,0,DSL,Bank transfer (automatic),No
6285-FTQBF,Male,0,Yes,Yes,72,Loyal Customer,25.55,Low Value,1868.0,Two year,0,No,Credit card (automatic),No
8185-UPYBR,Male,0,Yes,No,6,New Customer,75.5,High Value,438.0,Month-to-month,1,Fiber optic,Electronic check,Yes
4585-HETAI,Female,0,Yes,Yes,4,New Customer,73.75,High Value,325.0,Month-to-month,1,Fiber optic,Electronic check,Yes
7526-BEZQB,Male,0,No,No,12,Growing Customer,96.05,High Value,1148.0,Month-to-month,1,Fiber optic,Electronic check,Yes
1474-JUWSM,Female,0,Yes,No,58,Loyal Customer,68.4,Medium Value,3972.0,One year,0,DSL,Electronic check,No
3530-CRZSB,Female,0,No,No,7,New Customer,20.65,Low Value,156.0,Month-to-month,1,No,Mailed check,No
8498-XXGWA,Female,0,Yes,No,65,Loyal Customer,55.15,Medium Value,3673.0,Month-to-month,1,DSL,Mailed check,No
9617-INGJY,Male,0,No,No,1,New Customer,70.6,High Value,71.0,Month-to-month,1,Fiber optic,Mailed check,No
0621-TSSMU,Male,0,Yes,No,56,Loyal Customer,19.95,Low Value,1127.0,One year,0,No,Credit card (automatic),No
7234-KMNRQ,Male,0,No,No,4,New Customer,19.0,Low Value,73.0,Month-to-month,1,No,Mailed check,No
7636-PEPNS,Female,0,Yes,Yes,58,Loyal Customer,44.1,Medium Value,2413.0,One year,0,DSL,Mailed check,No
4683-WYDOU,Male,0,Yes,No,62,Loyal Customer,107.6,High Value,6913.0,Two year,0,Fiber optic,Bank transfer (automatic),No
9052-DHNKM,Male,0,No,No,26,Loyal Customer,61.55,Medium Value,1582.0,One year,0,DSL,Electronic check,No
6794-HKIAJ,Male,0,No,No,62,Loyal Customer,90.7,High Value,5586.0,Month-to-month,1,Fiber optic,Bank transfer (automatic),No
5578-NKCXI,Female,0,Yes,Yes,58,Loyal Customer,99.25,High Value,5847.0,One year,0,Fiber optic,Credit card (automatic),No
1642-HMARX,Female,0,Yes,No,68,Loyal Customer,91.7,High Value,6425.0,Two year,0,DSL,Electronic check,No
3096-WPXBT,Female,0,Yes,Yes,61,Loyal Customer,100.7,High Value,6019.0,One year,0,Fiber optic,Credit card (automatic),No
8434-PNQZX,Female,0,No,No,42,Loyal Customer,78.45,High Value,3373.0,Two year,0,DSL,Credit card (automatic),No
5950-AAAGJ,Male,0,No,No,18,Growing Customer,84.3,High Value,1538.0,Month-to-month,1,Fiber optic,Bank transfer (automatic),No
4299-OPXEJ,Female,0,No,No,56,Loyal Customer,19.55,Low Value,1081.0,Two year,0,No,Bank transfer (automatic),No
4951-UKAAQ,Female,0,No,No,4,New Customer,88.95,High Value,355.0,Month-to-month,1,Fiber optic,Electronic check,Yes
9618-LFJRU,Female,0,No,No,4,New Customer,20.45,Low Value,83.0,Month-to-month,1,No,Credit card (automatic),No
6693-DJWTY,Female,0,No,Yes,35,Loyal Customer,55.6,Medium Value,2016.0,One year,0,DSL,Credit card (automatic),No
0744-GKNGE,Female,0,Yes,Yes,64,Loyal Customer,86.8,High Value,5327.0,Month-to-month,1,Fiber optic,Bank transfer (automatic),No
6447-EGDIV,Female,0,No,No,31,Loyal Customer,20.95,Low Value,683.0,One year,0,No,Mailed check,No
1167-OYZJF,Female,1,Yes,No,67,Loyal Customer,20.05,Low Value,1263.0,Two year,0,No,Bank transfer (automatic),No
2108-YKQTY,Female,0,No,No,4,New Customer,50.7,Medium Value,151.0,Month-to-month,1,DSL,Credit card (automatic),Yes
4806-DXQCE,Female,1,Yes,No,70,Loyal Customer,113.65,High Value,7715.0,Two year,0,Fiber optic,Electronic check,No
4918-QLLIW,Male,0,No,No,3,New Customer,53.4,Medium Value,189.0,Month-to-month,1,DSL,Credit card (automatic),Yes
7056-IMHCC,Male,1,Yes,No,53,Loyal Customer,101.9,High Value,5549.0,Month-to-month,1,Fiber optic,Electronic check,Yes
4854-SSLTN,Male,0,Yes,Yes,2,New Customer,59.5,Medium Value,131.0,Two year,0,DSL,Mailed check,No
5294-DMSFH,Female,0,Yes,Yes,29,Loyal Customer,87.8,High Value,2622.0,Month-to-month,1,Fiber optic,Credit card (automatic),No
4837-PZTIC,Female,0,No,No,47,Loyal Customer,41.9,Medium Value,1875.0,Two year,0,DSL,Mailed check,No
1625-JAIIY,Female,0,Yes,Yes,68,Loyal Customer,83.0,High Value,5686.0,One year,0,Fiber optic,Electronic check,Yes
0603-OLQDC,Male,0,No,Yes,12,Growing Customer,69.85,Medium Value,838.0,Month-to-month,1,DSL,Mailed check,No
3272-VUHPV,Female,0,Yes,Yes,8,New Customer,56.3,Medium Value,402.0,Month-to-month,1,DSL,Bank transfer (automatic),No
4176-FXYBO,Male,0,Yes,No,54,Loyal Customer,109.55,High Value,6119.0,Month-to-month,1,Fiber optic,Electronic check,No
1063-DHQJF,Male,0,Yes,Yes,69,Loyal Customer,92.15,High Value,6481.0,Two year,0,Fiber optic,Mailed check,No
8663-UPDGF,Female,0,No,No,26,Loyal Customer,69.5,Medium Value,1800.0,Month-to-month,1,DSL,Bank transfer (automatic),No
6719-FGEDO,Female,0,Yes,No,72,Loyal Customer,97.0,High Value,7104.0,Two year,0,Fiber optic,Bank transfer (automatic),No
1837-YQUCE,Female,0,No,No,70,Loyal Customer,58.35,Medium Value,4214.0,Two year,0,DSL,Bank transfer (automatic),No
2947-DOMLJ,Male,0,No,Yes,1,New Customer,50.6,Medium Value,51.0,Month-to-month,1,DSL,Mailed check,Yes
4112-LUEIZ,Male,0,No,No,10,New Customer,89.5,High Value,863.0,Month-to-month,1,Fiber optic,Electronic check,Yes
0369-ZGOVK,Female,0,Yes,Yes,28,Loyal Customer,70.4,High Value,1992.0,One year,0,Fiber optic,Bank transfer (automatic),No
4510-HIMLV,Male,0,No,No,1,New Customer,69.8,Medium Value,70.0,Month-to-month,1,Fiber optic,Electronic check,Yes
9919-KNPOO,Female,0,Yes,No,21,Growing Customer,94.3,High Value,1948.0,Month-to-month,1,Fiber optic,Electronic check,No
8749-JMNKX,Male,1,Yes,No,51,Loyal Customer,93.8,High Value,4751.0,Month-to-month,1,Fiber optic,Bank transfer (automatic),Yes
7872-BAAZR,Female,0,Yes,Yes,53,Loyal Customer,19.55,Low Value,1008.0,One year,0,No,Bank transfer (automatic),No
9391-LMANN,Male,0,No,Yes,53,Loyal Customer,95.95,High Value,5037.0,One year,0,Fiber optic,Electronic check,No
2430-USGXP,Male,0,Yes,No,24,Loyal Customer,101.05,High Value,2392.0,Month-to-month,1,Fiber optic,Electronic check,Yes
8174-TBVCF,Female,0,Yes,No,70,Loyal Customer,94.8,High Value,6859.0,Two year,0,DSL,Credit card (automatic),No
1698-XFZCI,Male,0,No,No,61,Loyal Customer,107.75,High Value,6522.0,One year,0,Fiber optic,Electronic check,No
1877-HKBQX,Female,0,No,No,11,New Customer,54.6,Medium Value,618.0,One year,0,DSL,Mailed check,No
4450-DLLMH,Male,0,No,No,2,New Customer,71.3,High Value,158.0,Month-to-month,1,Fiber optic,Credit card (automatic),No
0428-AXXLJ,Male,0,No,No,25,Loyal Customer,19.5,Low Value,516.0,One year,0,No,Bank transfer (automatic),No
2746-DIJLO,Female,0,No,No,41,Loyal Customer,56.3,Medium Value,2364.0,One year,0,DSL,Credit card (automatic),No
5955-ERIHD,Male,0,Yes,No,18,Growing Customer,94.7,High Value,1688.0,Month-to-month,1,Fiber optic,Electronic check,Yes
0917-EZOLA,Male,1,Yes,No,72,Loyal Customer,104.15,High Value,7690.0,Two year,0,Fiber optic,Bank transfer (automatic),Yes
3508-VLHCZ,Female,0,Yes,Yes,71,Loyal Customer,90.55,High Value,6239.0,Two year,0,DSL,Credit card (automatic),No
4086-ATNFV,Female,0,Yes,Yes,34,Loyal Customer,60.8,Medium Value,2042.0,One year,0,DSL,Mailed check,No
0468-YRPXN,Male,0,No,No,29,Loyal Customer,98.8,High Value,2807.0,Month-to-month,1,Fiber optic,Credit card (automatic),No
5996-NRVXR,Male,1,Yes,No,40,Loyal Customer,98.15,High Value,4117.0,One year,0,Fiber optic,Credit card (automatic),No
3739-YBWAB,Male,0,Yes,No,36,Loyal Customer,35.35,Medium Value,1318.0,One year,0,DSL,Mailed check,No
7047-FWEYA,Female,0,Yes,No,46,Loyal Customer,103.15,High Value,4595.0,One year,0,Fiber optic,Electronic check,No
2000-MPKCA,Female,0,No,No,58,Loyal Customer,107.75,High Value,6333.0,One year,0,Fiber optic,Electronic check,No
9762-YAQAA,Male,0,No,No,39,Loyal Customer,81.4,High Value,3214.0,One year,0,Fiber optic,Credit card (automatic),No
5949-EBSQK,Male,0,Yes,Yes,4,New Customer,61.45,Medium Value,230.0,Month-to-month,1,DSL,Credit card (automatic),Yes
5473-KHBPS,Female,0,Yes,Yes,52,Loyal Customer,95.7,High Value,4976.0,One year,0,Fiber optic,Credit card (automatic),No
0100-DUVFC,Male,1,Yes,No,70,Loyal Customer,104.8,High Value,7309.0,One year,0,Fiber optic,Electronic check,No
5397-TUPSH,Male,1,Yes,No,65,Loyal Customer,70.95,High Value,4555.0,One year,0,Fiber optic,Bank transfer (automatic),No
8950-MTZNV,Male,0,No,No,1,New Customer,44.95,Medium Value,45.0,Month-to-month,1,DSL,Mailed check,No
0326-VDYXE,Female,0,Yes,No,70,Loyal Customer,97.65,High Value,6983.0,One year,0,Fiber optic,Electronic check,No
6773-LQTVT,Female,1,Yes,Yes,29,Loyal Customer,35.65,Medium Value,1025.0,Month-to-month,1,DSL,Mailed check,No
7274-RTAPZ,Male,0,No,No,1,New Customer,90.55,High Value,91.0,Month-to-month,1,Fiber optic,Electronic check,Yes
0436-TWFFZ,Female,0,No,No,67,Loyal Customer,85.25,High Value,5714.0,Two year,0,DSL,Mailed check,No
8566-YPRGL,Female,0,No,No,1,New Customer,19.5,Low Value,20.0,Month-to-month,1,No,Mailed check,No
0311-UNPFF,Female,0,No,No,26,Loyal Customer,88.8,High Value,2274.0,Month-to-month,1,Fiber optic,Bank transfer (automatic),Yes
6609-MXJHJ,Female,0,Yes,Yes,30,Loyal Customer,25.1,Low Value,790.0,Two year,0,No,Mailed check,No
2669-OIDSD,Female,0,Yes,No,48,Loyal Customer,100.05,High Value,4834.0,Month-to-month,1,Fiber optic,Credit card (automatic),No
8400-WZICQ,Female,0,Yes,Yes,55,Loyal Customer,55.7,Medium Value,3132.0,Month-to-month,1,DSL,Electronic check,No
3834-XUIFC,Male,0,No,No,7,New Customer,85.2,High Value,603.0,Month-to-month,1,Fiber optic,Mailed check,Yes
9576-SYUHJ,Male,0,No,No,37,Loyal Customer,91.15,High Value,3369.0,Month-to-month,1,Fiber optic,Electronic check,No
0410-IPFTY,Female,0,Yes,No,31,Loyal Customer,83.85,High Value,2674.0,Month-to-month,1,Fiber optic,Bank transfer (automatic),No
2831-EBWRN,Male,0,No,No,4,New Customer,45.9,Medium Value,200.0,Month-to-month,1,DSL,Electronic check,No
9430-NKQLY,Male,0,Yes,Yes,72,Loyal Customer,25.1,Low Value,1791.0,Two year,0,No,Credit card (automatic),No
8414-MYSHR,Male,1,No,No,5,New Customer,91.4,High Value,450.0,Month-to-month,1,Fiber optic,Electronic check,Yes
0247-SLUJI,Male,0,Yes,Yes,1,New Customer,19.7,Low Value,20.0,Month-to-month,1,No,Mailed check,No
9402-ORRAH,Female,1,No,No,15,Growing Customer,91.5,High Value,1400.0,Month-to-month,1,Fiber optic,Electronic check,No
6483-OATDN,Male,0,Yes,Yes,8,New Customer,51.3,Medium Value,412.0,Month-to-month,1,DSL,Credit card (automatic),No
1293-HHSHJ,Female,0,No,No,35,Loyal Customer,21.1,Low Value,741.0,One year,0,No,Mailed check,No
4840-ORQXB,Female,1,No,No,56,Loyal Customer,104.75,High Value,5841.0,Month-to-month,1,Fiber optic,Electronic check,No
7599-FKVXZ,Male,0,Yes,No,42,Loyal Customer,106.15,High Value,4513.0,Month-to-month,1,Fiber optic,Bank transfer (automatic),Yes
3982-DQLUS,Male,1,Yes,Yes,65,Loyal Customer,85.75,High Value,5688.0,Month-to-month,1,Fiber optic,Electronic check,No
8610-ZIKJJ,Female,0,Yes,Yes,2,New Customer,20.3,Low Value,32.0,One year,0,No,Mailed check,No
3756-VNWDH,Male,1,Yes,No,65,Loyal Customer,100.75,High Value,6675.0,One year,0,Fiber optic,Electronic check,No
7801-KICAO,Female,0,No,No,18,Growing Customer,74.15,High Value,1346.0,Month-to-month,1,Fiber optic,Electronic check,No
7673-LPRNY,Female,0,No,No,23,Growing Customer,78.55,High Value,1843.0,One year,0,DSL,Electronic check,No
8229-TNIQA,Female,0,No,No,4,New Customer,45.3,Medium Value,197.0,Month-to-month,1,DSL,Mailed check,Yes
6060-QBMGV,Male,0,Yes,No,70,Loyal Customer,19.85,Low Value,1434.0,Two year,0,No,Credit card (automatic),No
7339-POGZN,Female,0,No,No,4,New Customer,50.7,Medium Value,215.0,Month-to-month,1,DSL,Electronic check,No
2828-SLQPF,Male,0,No,No,19,Growing Customer,45.0,Medium Value,866.0,Month-to-month,1,DSL,Bank transfer (automatic),No
4465-VDKIQ,Female,0,No,No,18,Growing Customer,77.8,High Value,1359.0,Month-to-month,1,Fiber optic,Electronic check,No
2921-XWDJH,Female,1,Yes,No,38,Loyal Customer,83.45,High Value,3147.0,Month-to-month,1,Fiber optic,Electronic check,No
6221-AVQYL,Male,0,No,No,2,New Customer,73.25,High Value,131.0,Month-to-month,1,Fiber optic,Credit card (automatic),Yes
2558-BUOZZ,Male,0,No,No,47,Loyal Customer,94.8,High Value,4536.0,One year,0,Fiber optic,Bank transfer (automatic),No
9257-AZMTZ,Female,0,Yes,Yes,52,Loyal Customer,20.1,Low Value,1079.0,Two year,0,No,Bank transfer (automatic),No
0003-MKNFE,Male,0,No,No,9,New Customer,59.9,Medium Value,542.0,Month-to-month,1,DSL,Mailed check,No
0975-UYDTX,Female,0,Yes,No,26,Loyal Customer,90.1,High Value,2313.0,One year,0,DSL,Credit card (automatic),No
7743-EXURX,Male,0,Yes,Yes,8,New Customer,51.05,Medium Value,415.0,Month-to-month,1,DSL,Electronic check,Yes
4682-BLBUC,Male,0,Yes,No,44,Loyal Customer,70.95,High Value,3250.0,One year,0,DSL,Electronic check,No
0975-VOOVL,Female,0,No,No,3,New Customer,29.2,Low Value,99.0,Month-to-month,1,DSL,Mailed check,No
5968-VXZLG,Male,0,No,No,2,New Customer,46.6,Medium Value,88.0,Month-to-month,1,DSL,Bank transfer (automatic),No
5569-KGJHX,Female,0,Yes,Yes,9,New Customer,85.35,High Value,755.0,Month-to-month,1,Fiber optic,Bank transfer (automatic),Yes
4988-IQIGL,Male,1,No,No,1,New Customer,75.35,High Value,75.0,Month-to-month,1,Fiber optic,Electronic check,Yes
5201-FRKKS,Male,0,No,No,25,Loyal Customer,74.3,High Value,1952.0,Month-to-month,1,Fiber optic,Bank transfer (automatic),No
9799-CAYJJ,Female,1,Yes,No,2,New Customer,69.3,Medium Value,154.0,Month-to-month,1,Fiber optic,Electronic check,No
7730-IUTDZ,Male,0,No,No,43,Loyal Customer,75.2,High Value,3199.0,Month-to-month,1,Fiber optic,Electronic check,Yes
0426-TIRNE,Female,0,No,No,1,New Customer,20.9,Low Value,21.0,Month-to-month,1,No,Mailed check,Yes
5443-SCMKX,Female,0,Yes,No,58,Loyal Customer,94.3,High Value,5610.0,One year,0,Fiber optic,Electronic check,No
8295-KMENE,Female,0,Yes,Yes,59,Loyal Customer,76.45,High Value,4520.0,Two year,0,DSL,Mailed check,No
6738-ISCBM,Male,0,No,No,44,Loyal Customer,54.0,Medium Value,2440.0,One year,0,DSL,Electronic check,No
9821-BESNZ,Male,0,No,No,66,Loyal Customer,104.25,High Value,6861.0,One year,0,Fiber optic,Electronic check,No
3678-MNGZX,Male,0,Yes,Yes,68,Loyal Customer,19.95,Low Value,1378.0,Two year,0,No,Bank transfer (automatic),No
1335-NTIUC,Male,0,No,No,9,New Customer,24.95,Low Value,190.0,Month-to-month,1,DSL,Electronic check,No
2916-BQZLN,Male,0,No,No,19,Growing Customer,84.75,High Value,1652.0,Month-to-month,1,Fiber optic,Electronic check,No
4558-CGYCZ,Male,0,No,No,4,New Customer,19.75,Low Value,78.0,Month-to-month,1,No,Mailed check,No
2368-GAKKQ,Female,0,No,No,70,Loyal Customer,113.65,High Value,7939.0,Two year,0,Fiber optic,Bank transfer (automatic),No
8710-YGLWG,Male,0,No,No,1,New Customer,44.9,Medium Value,45.0,Month-to-month,1,DSL,Mailed check,No
3199-XGZCY,Female,0,No,No,8,New Customer,75.25,High Value,577.0,Month-to-month,1,Fiber optic,Electronic check,No
3785-KTYSH,Male,0,No,No,53,Loyal Customer,24.6,Low Value,1279.0,Two year,0,No,Mailed check,No
6814-ZPWFQ,Male,1,No,No,51,Loyal Customer,25.0,Low Value,1261.0,One year,0,No,Bank transfer (automatic),No
4063-EIKNQ,Male,0,Yes,Yes,11,New Customer,20.95,Low Value,267.0,Month-to-month,1,No,Bank transfer (automatic),No
6993-YCOBK,Male,0,Yes,Yes,60,Loyal Customer,110.6,High Value,6587.0,Two year,0,Fiber optic,Electronic check,No
5206-HPJKM,Male,0,No,No,17,Growing Customer,55.5,Medium Value,934.0,Month-to-month,1,DSL,Credit card (automatic),No
7587-RZNME,Male,0,No,No,3,New Customer,43.3,Medium Value,124.0,Month-to-month,1,DSL,Electronic check,Yes
0748-RDGGM,Male,0,Yes,No,70,Loyal Customer,109.5,High Value,7535.0,One year,0,Fiber optic,Bank transfer (automatic),Yes
8393-JMVMB,Male,0,No,No,1,New Customer,19.45,Low Value,19.0,Month-to-month,1,No,Mailed check,No
5019-GQVCR,Male,1,No,No,43,Loyal Customer,84.85,High Value,3646.0,Month-to-month,1,Fiber optic,Electronic check,No
6036-TTFYU,Female,0,Yes,No,16,Growing Customer,19.6,Low Value,314.0,Month-to-month,1,No,Mailed check,No
2550-AEVRU,Female,0,Yes,Yes,57,Loyal Customer,53.45,Medium Value,3053.0,One year,0,DSL,Electronic check,No
0969-RGKCU,Male,0,Yes,Yes,37,Loyal Customer,19.8,Low Value,677.0,One year,0,No,Credit card (automatic),No
0378-CJKPV,Female,0,Yes,No,72,Loyal Customer,112.1,High Value,7966.0,Two year,0,Fiber optic,Credit card (automatic),No
4706-AXVKM,Female,1,No,No,11,New Customer,84.8,High Value,907.0,Month-to-month,1,Fiber optic,Credit card (automatic),Yes
5889-JTMUL,Female,1,Yes,No,50,Loyal Customer,95.05,High Value,4889.0,Month-to-month,1,Fiber optic,Electronic check,Yes
9026-RNUJS,Male,1,No,No,5,New Customer,50.35,Medium Value,237.0,Month-to-month,1,DSL,Electronic check,Yes
3746-EUBYR,Male,0,Yes,No,1,New Customer,74.6,High Value,75.0,Month-to-month,1,Fiber optic,Bank transfer (automatic),Yes
2332-EFBJY,Male,0,No,No,16,Growing Customer,19.7,Low Value,342.0,Month-to-month,1,No,Mailed check,Yes
2880-FPNAE,Male,1,Yes,No,2,New Customer,74.2,High Value,140.0,Month-to-month,1,Fiber optic,Electronic check,No
1703-MGIAB,Female,0,No,No,17,Growing Customer,69.0,Medium Value,1108.0,Month-to-month,1,DSL,Mailed check,No
4311-QTTAI,Female,0,No,No,16,Growing Customer,19.35,Low Value,296.0,One year,0,No,Credit card (automatic),No
9474-PHLYD,Female,0,No,No,15,Growing Customer,59.45,Medium Value,893.0,Month-to-month,1,DSL,Electronic check,Yes
4318-RAJVY,Female,0,No,No,10,New Customer,19.8,Low Value,198.0,One year,0,No,Mailed check,No
2165-VOEGB,Female,0,No,Yes,46,Loyal Customer,105.2,High Value,4823.0,One year,0,Fiber optic,Bank transfer (automatic),Yes
3612-YUNGG,Male,0,Yes,Yes,64,Loyal Customer,109.2,High Value,6741.0,Two year,0,Fiber optic,Credit card (automatic),No
2254-DLXRI,Female,0,No,No,1,New Customer,79.15,High Value,79.0,Month-to-month,1,Fiber optic,Mailed check,No
5062-CJJKH,Male,0,Yes,Yes,25,Loyal Customer,53.65,Medium Value,1355.0,One year,0,DSL,Mailed check,No
9028-LIHRP,Male,0,Yes,Yes,71,Loyal Customer,100.2,High Value,7209.0,Two year,0,Fiber optic,Credit card (automatic),No
2219-MVUSO,Male,0,No,No,8,New Customer,45.15,Medium Value,438.0,Month-to-month,1,DSL,Mailed check,Yes
1053-MXTTK,Female,0,Yes,Yes,72,Loyal Customer,108.65,High Value,7726.0,Two year,0,Fiber optic,Bank transfer (automatic),No
1530-ZTDOZ,Female,0,Yes,No,49,Loyal Customer,40.65,Medium Value,2071.0,Month-to-month,1,DSL,Bank transfer (automatic),No
1301-LOPVR,Male,0,Yes,Yes,29,Loyal Customer,55.35,Medium Value,1637.0,One year,0,DSL,Credit card (automatic),No
0853-TWRVK,Male,0,Yes,No,72,Loyal Customer,105.6,High Value,7582.0,Two year,0,Fiber optic,Bank transfer (automatic),No
8914-RBTSB,Male,0,Yes,No,31,Loyal Customer,93.8,High Value,3020.0,Month-to-month,1,Fiber optic,Electronic check,Yes
6212-ATMLK,Female,0,No,No,50,Loyal Customer,95.7,High Value,4730.0,Month-to-month,1,Fiber optic,Electronic check,No
8200-LGKSR,Male,0,Yes,No,71,Loyal Customer,83.2,High Value,6126.0,Two year,0,DSL,Electronic check,No
1568-BEKZM,Male,1,Yes,No,70,Loyal Customer,90.05,High Value,6333.0,Two year,0,DSL,Credit card (automatic),No
0670-ANMUU,Male,0,No,No,71,Loyal Customer,97.65,High Value,6688.0,One year,0,Fiber optic,Credit card (automatic),No
6897-RWMUB,Male,0,Yes,Yes,61,Loyal Customer,68.05,Medium Value,4158.0,Two year,0,DSL,Bank transfer (automatic),No
0963-ZBDRN,Male,0,No,No,32,Loyal Customer,96.2,High Value,3183.0,Month-to-month,1,Fiber optic,Electronic check,Yes
7594-RQHXR,Female,0,No,Yes,1,New Customer,79.6,High Value,80.0,Month-to-month,1,Fiber optic,Electronic check,Yes
6999-CHVCF,Male,0,No,No,68,Loyal Customer,102.1,High Value,7149.0,Two year,0,Fiber optic,Bank transfer (automatic),No
6134-KWTBV,Male,0,No,No,62,Loyal Customer,23.4,Low Value,1430.0,Two year,0,No,Bank transfer (automatic),No
1077-HUUJM,Female,0,No,Yes,7,New Customer,71.05,High Value,473.0,Month-to-month,1,Fiber optic,Electronic check,No
6331-EWIEB,Male,0,No,No,20,Growing Customer,85.25,High Value,1735.0,Month-to-month,1,Fiber optic,Electronic check,Yes
0895-LNKRC,Male,0,Yes,Yes,6,New Customer,19.45,Low Value,114.0,One year,0,No,Mailed check,No
2045-BMBTJ,Female,1,No,No,33,Loyal Customer,59.45,Medium Value,1885.0,Month-to-month,1,DSL,Bank transfer (automatic),No
8417-GSODA,Male,0,Yes,Yes,28,Loyal Customer,92.2,High Value,2568.0,One year,0,Fiber optic,Bank transfer (automatic),No
5171-EPLKN,Male,0,No,No,27,Loyal Customer,19.85,Low Value,470.0,Two year,0,No,Credit card (automatic),No
4452-QIIEB,Male,0,No,No,7,New Customer,43.9,Medium Value,278.0,Month-to-month,1,DSL,Mailed check,No
5998-VVEJY,Male,0,No,No,26,Loyal Customer,80.5,High Value,2089.0,Month-to-month,1,Fiber optic,Electronic check,Yes
1624-NALOJ,Male,1,No,No,5,New Customer,89.8,High Value,503.0,Month-to-month,1,Fiber optic,Electronic check,Yes
6741-EGCBI,Male,1,No,No,30,Loyal Customer,90.5,High Value,2596.0,Month-to-month,1,Fiber optic,Credit card (automatic),No
7820-ZYGNY,Male,0,No,No,63,Loyal Customer,90.45,High Value,5826.0,One year,0,Fiber optic,Credit card (automatic),No
4317-VTEOA,Male,0,No,No,1,New Customer,50.75,Medium Value,51.0,Month-to-month,1,DSL,Electronic check,Yes
9677-AVKED,Female,0,No,Yes,53,Loyal Customer,84.6,High Value,4450.0,One year,0,DSL,Electronic check,No
1670-SVOWZ,Female,0,Yes,Yes,14,Growing Customer,89.65,High Value,1208.0,Month-to-month,1,Fiber optic,Credit card (automatic),Yes
2227-JRSJX,Female,0,No,No,21,Growing Customer,99.15,High Value,1956.0,Month-to-month,1,Fiber optic,Bank transfer (automatic),No
9847-HNVGP,Male,0,No,No,17,Growing Customer,19.95,Low Value,311.0,One year,0,No,Mailed check,No
6696-YDAYZ,Male,0,Yes,Yes,16,Growing Customer,20.5,Low Value,291.0,Two year,0,No,Mailed check,No
8980-WQFWL,Female,0,No,No,35,Loyal Customer,62.1,Medium Value,2096.0,Month-to-month,1,DSL,Electronic check,No
1730-ZMAME,Female,1,No,No,32,Loyal Customer,79.5,High Value,2665.0,Month-to-month,1,Fiber optic,Electronic check,No
6506-EYCNH,Female,0,Yes,Yes,28,Loyal Customer,19.55,Low Value,544.0,Month-to-month,1,No,Bank transfer (automatic),No
4634-JLRJT,Female,0,No,No,1,New Customer,20.35,Low Value,20.0,Month-to-month,1,No,Mailed check,No
9501-UKKNL,Male,0,No,No,59,Loyal Customer,51.7,Medium Value,3006.0,Month-to-month,1,DSL,Electronic check,No
2560-QTSBS,Female,0,Yes,Yes,72,Loyal Customer,23.3,Low Value,1623.0,One year,0,No,Bank transfer (automatic),No
7541-YLXCL,Male,0,No,No,36,Loyal Customer,65.4,Medium Value,2498.0,One year,0,DSL,Mailed check,Yes
4795-WRNVT,Female,0,No,No,40,Loyal Customer,65.1,Medium Value,2586.0,Month-to-month,1,DSL,Mailed check,No
6080-TCMYC,Male,0,Yes,Yes,40,Loyal Customer,81.2,High Value,3292.0,Month-to-month,1,Fiber optic,Electronic check,No
0260-ZDLGK,Female,0,No,Yes,9,New Customer,72.9,High Value,651.0,Month-to-month,1,DSL,Mailed check,Yes
7860-UXCRM,Male,0,Yes,Yes,63,Loyal Customer,74.5,High Value,4675.0,Two year,0,DSL,Credit card (automatic),No
6357-JJPQT,Female,0,No,No,3,New Customer,80.5,High Value,232.0,Month-to-month,1,Fiber optic,Electronic check,No
2292-XQWSV,Male,0,Yes,Yes,40,Loyal Customer,60.3,Medium Value,2449.0,One year,0,DSL,Mailed check,No
9552-TGUZV,Male,0,Yes,No,8,New Customer,75.0,High Value,658.0,Month-to-month,1,Fiber optic,Mailed check,No
5913-INRQV,Male,1,Yes,No,34,Loyal Customer,90.15,High Value,3129.0,One year,0,Fiber optic,Mailed check,No
8722-NGNBH,Male,0,No,No,5,New Customer,40.0,Medium Value,223.0,Month-to-month,1,DSL,Mailed check,Yes
6210-KBBPI,Male,1,No,No,9,New Customer,99.45,High Value,919.0,Month-to-month,1,Fiber optic,Credit card (automatic),Yes
9643-YBLUR,Male,0,Yes,No,9,New Customer,69.05,Medium Value,654.0,Month-to-month,1,DSL,Credit card (automatic),No
8734-FNWVH,Male,0,Yes,Yes,31,Loyal Customer,59.7,Medium Value,1826.0,Month-to-month,1,DSL,Bank transfer (automatic),No
9447-YPTBX,Female,0,Yes,No,50,Loyal Customer,19.85,Low Value,943.0,One year,0,No,Bank transfer (automatic),No
0133-BMFZO,Female,0,No,No,2,New Customer,86.25,High Value,182.0,Month-to-month,1,Fiber optic,Electronic check,Yes
6128-CZOMY,Female,0,No,No,1,New Customer,45.65,Medium Value,46.0,Month-to-month,1,DSL,Electronic check,Yes
9540-JYROE,Male,0,No,No,8,New Customer,70.1,High Value,551.0,Month-to-month,1,Fiber optic,Mailed check,Yes
9026-LHEVG,Female,0,No,No,9,New Customer,40.75,Medium Value,359.0,Month-to-month,1,DSL,Electronic check,No
2260-USTRB,Female,1,No,No,2,New Customer,70.2,High Value,116.0,Month-to-month,1,Fiber optic,Bank transfer (automatic),Yes
3656-TKRVZ,Female,0,No,No,3,New Customer,55.35,Medium Value,165.0,Month-to-month,1,DSL,Electronic check,Yes
7011-CVEUC,Male,0,Yes,No,25,Loyal Customer,95.7,High Value,2338.0,Month-to-month,1,Fiber optic,Credit card (automatic),No
6185-TASNN,Male,1,No,No,1,New Customer,46.3,Medium Value,46.0,Month-to-month,1,DSL,Electronic check,No
7925-PNRGI,Female,0,Yes,Yes,45,Loyal Customer,81.3,High Value,3541.0,Month-to-month,1,DSL,Mailed check,No
8623-TMRBY,Male,1,Yes,Yes,51,Loyal Customer,84.2,High Value,4146.0,Month-to-month,1,Fiber optic,Electronic check,Yes
1552-CZCLL,Female,0,Yes,Yes,55,Loyal Customer,20.0,Low Value,1087.0,Month-to-month,1,No,Credit card (automatic),No
3038-PQIUY,Female,0,No,No,38,Loyal Customer,66.15,Medium Value,2522.0,Month-to-month,1,DSL,Bank transfer (automatic),No
1501-SGHBW,Male,0,No,No,2,New Customer,45.85,Medium Value,81.0,Month-to-month,1,DSL,Mailed check,Yes
9313-CDOGY,Male,0,Yes,Yes,38,Loyal Customer,19.6,Low Value,717.0,Month-to-month,1,No,Electronic check,No
8148-BPLZQ,Male,0,No,No,34,Loyal Customer,49.8,Medium Value,1734.0,Month-to-month,1,DSL,Electronic check,No
2623-DRYAM,Female,0,Yes,No,70,Loyal Customer,101.75,High Value,7069.0,One year,0,Fiber optic,Electronic check,No
9987-LUTYD,Female,0,No,No,13,Growing Customer,55.15,Medium Value,743.0,One year,0,DSL,Mailed check,No
3208-YPIOE,Male,0,No,No,39,Loyal Customer,75.25,High Value,3018.0,Month-to-month,1,Fiber optic,Electronic check,Yes
4488-KQFDT,Female,0,No,No,61,Loyal Customer,103.95,High Value,6423.0,One year,0,Fiber optic,Electronic check,No
2612-RANWT,Female,0,No,No,12,Growing Customer,100.15,High Value,1164.0,Month-to-month,1,Fiber optic,Bank transfer (automatic),Yes
5693-PIPCS,Male,0,No,No,41,Loyal Customer,99.65,High Value,4220.0,Two year,0,Fiber optic,Credit card (automatic),No
0491-KAPQG,Male,0,No,No,21,Growing Customer,73.7,High Value,1559.0,Month-to-month,1,Fiber optic,Electronic check,No
1925-LFCZZ,Male,1,No,No,55,Loyal Customer,50.05,Medium Value,2743.0,One year,0,DSL,Bank transfer (automatic),No
8039-EQPIM,Male,0,Yes,No,69,Loyal Customer,60.25,Medium Value,4056.0,Two year,0,DSL,Bank transfer (automatic),No
6900-PXRMS,Male,1,Yes,Yes,26,Loyal Customer,105.75,High Value,2710.0,Month-to-month,1,Fiber optic,Electronic check,Yes
8707-RMEZH,Female,1,Yes,No,69,Loyal Customer,87.3,High Value,6056.0,One year,0,Fiber optic,Credit card (automatic),No
3346-BRMIS,Female,1,Yes,No,18,Growing Customer,48.35,Medium Value,811.0,Month-to-month,1,DSL,Electronic check,Yes
3209-ZPKFI,Male,0,Yes,Yes,47,Loyal Customer,54.25,Medium Value,2538.0,Month-to-month,1,DSL,Electronic check,No
6479-VDGRK,Female,0,Yes,Yes,72,Loyal Customer,85.3,High Value,6129.0,Two year,0,DSL,Bank transfer (automatic),No
9373-WSLOY,Male,1,Yes,No,33,Loyal Customer,50.0,Medium Value,1751.0,Month-to-month,1,DSL,Electronic check,No
2933-FILNV,Female,0,Yes,Yes,2,New Customer,24.4,Low Value,37.0,Month-to-month,1,DSL,Mailed check,Yes
3569-JFODW,Female,0,Yes,Yes,72,Loyal Customer,90.95,High Value,6652.0,Two year,0,DSL,Credit card (automatic),No
9819-FBNSV,Male,1,Yes,No,37,Loyal Customer,72.25,High Value,2575.0,Month-to-month,1,Fiber optic,Bank transfer (automatic),No
9544-PYPSJ,Female,1,Yes,Yes,62,Loyal Customer,96.1,High Value,6019.0,Month-to-month,1,Fiber optic,Credit card (automatic),No
1591-XWLGB,Female,0,Yes,No,71,Loyal Customer,19.85,Low Value,1380.0,Two year,0,No,Credit card (automatic),No
0396-UKGAI,Male,0,No,Yes,23,Growing Customer,55.3,Medium Value,1284.0,Month-to-month,1,DSL,Bank transfer (automatic),No
3243-ZHOHY,Female,0,No,No,16,Growing Customer,20.1,Low Value,296.0,One year,0,No,Mailed check,No
5186-EJEGL,Male,0,No,No,9,New Customer,69.5,Medium Value,653.0,Month-to-month,1,DSL,Mailed check,No
7527-QNRUS,Male,0,Yes,Yes,17,Growing Customer,25.15,Low Value,413.0,Two year,0,No,Mailed check,No
9986-BONCE,Female,0,No,No,4,New Customer,20.95,Low Value,86.0,Month-to-month,1,No,Bank transfer (automatic),Yes
2722-JMONI,Female,1,Yes,No,1,New Customer,49.55,Medium Value,50.0,Month-to-month,1,DSL,Electronic check,Yes
2203-GHNWN,Female,0,Yes,No,24,Loyal Customer,79.65,High Value,1929.0,Month-to-month,1,Fiber optic,Mailed check,No
3878-AVSOQ,Female,1,No,No,1,New Customer,71.25,High Value,71.0,Month-to-month,1,Fiber optic,Electronic check,No
3258-SYSWS,Male,1,No,No,72,Loyal Customer,113.8,High Value,7846.0,Two year,0,Fiber optic,Bank transfer (automatic),No
5296-PSYVW,Female,0,Yes,No,72,Loyal Customer,24.55,Low Value,1751.0,Two year,0,No,Electronic check,No
6319-QSUSR,Female,0,No,Yes,11,New Customer,19.7,Low Value,216.0,Month-to-month,1,No,Credit card (automatic),No
4083-EUGRJ,Male,0,No,No,9,New Customer,20.25,Low Value,179.0,Month-to-month,1,No,Mailed check,Yes
7579-OOPEC,Female,1,Yes,No,2,New Customer,50.15,Medium Value,115.0,Month-to-month,1,DSL,Credit card (automatic),Yes
0512-FLFDW,Female,1,Yes,No,60,Loyal Customer,100.5,High Value,6029.0,One year,0,Fiber optic,Credit card (automatic),No
1771-OADNZ,Male,1,Yes,No,29,Loyal Customer,95.9,High Value,2745.0,Month-to-month,1,Fiber optic,Electronic check,Yes
0487-CRLZF,Female,0,No,No,49,Loyal Customer,74.45,High Value,3722.0,Two year,0,DSL,Bank transfer (automatic),No
2107-FBPTK,Female,1,No,No,30,Loyal Customer,104.1,High Value,3121.0,Month-to-month,1,Fiber optic,Electronic check,No
9451-WLYRI,Female,0,Yes,No,53,Loyal Customer,19.05,Low Value,990.0,One year,0,No,Credit card (automatic),No
8219-VYBVI,Male,0,No,Yes,39,Loyal Customer,25.0,Low Value,1004.0,Two year,0,No,Mailed check,No
1991-VOPLL,Female,0,No,No,9,New Customer,19.05,Low Value,158.0,Month-to-month,1,No,Mailed check,No
9738-QLWTP,Male,0,No,No,39,Loyal Customer,81.9,High Value,3220.0,One year,0,Fiber optic,Electronic check,No
1016-DJTSV,Male,1,No,No,8,New Customer,69.7,Medium Value,573.0,Month-to-month,1,Fiber optic,Electronic check,No
9419-IPPBE,Female,0,Yes,Yes,51,Loyal Customer,90.15,High Value,4555.0,One year,0,Fiber optic,Electronic check,No
0174-QRVVY,Male,0,Yes,Yes,71,Loyal Customer,25.35,Low Value,1848.0,Two year,0,No,Credit card (automatic),No
5699-BNCAS,Male,1,No,No,71,Loyal Customer,24.65,Low Value,1767.0,Two year,0,No,Mailed check,No
2900-PHPLN,Female,1,Yes,No,70,Loyal Customer,19.55,Low Value,1462.0,Two year,0,No,Credit card (automatic),No
0612-RTZZA,Female,1,No,No,1,New Customer,25.25,Low Value,25.0,Month-to-month,1,DSL,Electronic check,Yes
8106-GWQOK,Male,0,Yes,No,38,Loyal Customer,60.0,Medium Value,2193.0,Two year,0,DSL,Bank transfer (automatic),No
8751-EDEKA,Female,0,Yes,No,28,Loyal Customer,89.9,High Value,2434.0,Month-to-month,1,Fiber optic,Credit card (automatic),No
6878-GGDWG,Female,0,Yes,No,32,Loyal Customer,19.4,Low Value,641.0,Month-to-month,1,No,Bank transfer (automatic),No
4039-PIMHX,Male,1,Yes,No,49,Loyal Customer,49.8,Medium Value,2398.0,Two year,0,DSL,Mailed check,No
8450-LUGUK,Female,0,Yes,Yes,37,Loyal Customer,24.1,Low Value,862.0,Two year,0,No,Bank transfer (automatic),No
3604-WLABM,Female,0,No,No,10,New Customer,54.25,Medium Value,583.0,Month-to-month,1,DSL,Electronic check,No
0795-GMVQO,Male,0,Yes,No,67,Loyal Customer,109.9,High Value,7332.0,One year,0,Fiber optic,Credit card (automatic),No
2259-OUUSZ,Male,0,No,No,7,New Customer,35.5,Medium Value,250.0,One year,0,DSL,Credit card (automatic),No
1142-IHLOO,Female,0,No,No,51,Loyal Customer,87.55,High Value,4476.0,One year,0,Fiber optic,Credit card (automatic),No
6410-LEFEN,Female,0,No,No,9,New Customer,45.15,Medium Value,416.0,Month-to-month,1,DSL,Electronic check,Yes
4633-MKHYU,Female,0,No,No,9,New Customer,88.4,High Value,789.0,Month-to-month,1,Fiber optic,Mailed check,No
6257-RJOHI,Male,0,No,No,4,New Customer,50.8,Medium Value,202.0,Month-to-month,1,DSL,Mailed check,No
1545-JFUML,Male,0,Yes,No,71,Loyal Customer,99.0,High Value,6995.0,Two year,0,Fiber optic,Electronic check,No
3194-ORPIK,Female,0,Yes,Yes,50,Loyal Customer,84.4,High Value,4116.0,Month-to-month,1,Fiber optic,Bank transfer (automatic),Yes
7826-VVKWT,Female,1,Yes,Yes,24,Loyal Customer,96.55,High Value,2263.0,Two year,0,Fiber optic,Electronic check,No
1353-GHZOS,Male,0,Yes,No,22,Growing Customer,59.75,Medium Value,1374.0,One year,0,DSL,Bank transfer (automatic),No
2587-EKXTS,Male,0,No,No,44,Loyal Customer,111.5,High Value,4915.0,Month-to-month,1,Fiber optic,Electronic check,No
5442-BXVND,Female,0,Yes,Yes,33,Loyal Customer,24.25,Low Value,839.0,Month-to-month,1,No,Bank transfer (automatic),No
8816-VXNZD,Female,0,No,No,1,New Customer,75.1,High Value,75.0,Month-to-month,1,Fiber optic,Electronic check,Yes
9378-FXTIZ,Female,0,Yes,No,54,Loyal Customer,70.15,High Value,3716.0,One year,0,DSL,Credit card (automatic),Yes
1723-HKXJQ,Male,0,No,No,42,Loyal Customer,101.75,High Value,4273.0,Month-to-month,1,Fiber optic,Electronic check,Yes
7825-GKXMW,Female,0,No,No,1,New Customer,45.8,Medium Value,46.0,Month-to-month,1,DSL,Electronic check,Yes
9753-OYLBX,Female,0,No,No,1,New Customer,20.5,Low Value,21.0,Month-to-month,1,No,Mailed check,No
2364-UFROM,Male,0,No,No,30,Loyal Customer,70.4,High Value,2045.0,One year,0,DSL,Electronic check,No
6656-JWRQX,Female,0,No,No,1,New Customer,30.55,Low Value,31.0,Month-to-month,1,DSL,Mailed check,No
6473-ULUHT,Male,0,Yes,Yes,16,Growing Customer,84.9,High Value,1398.0,Month-to-month,1,DSL,Electronic check,No
1240-KNSEZ,Male,0,No,No,1,New Customer,20.1,Low Value,20.0,Month-to-month,1,No,Mailed check,Yes
0836-SEYLU,Male,0,Yes,No,9,New Customer,40.65,Medium Value,329.0,Month-to-month,1,DSL,Mailed check,Yes
4433-JCGCG,Male,1,Yes,No,46,Loyal Customer,101.0,High Value,4680.0,Month-to-month,1,Fiber optic,Electronic check,Yes
3716-BDVDB,Male,0,No,No,1,New Customer,69.1,Medium Value,69.0,Month-to-month,1,Fiber optic,Electronic check,Yes
7688-AWMDX,Male,0,Yes,No,71,Loyal Customer,54.5,Medium Value,3778.0,Two year,0,DSL,Bank transfer (automatic),No
2842-BCQGE,Male,0,No,No,43,Loyal Customer,75.35,High Value,3161.0,Month-to-month,1,Fiber optic,Credit card (automatic),No
7244-QWYHG,Male,0,Yes,No,50,Loyal Customer,44.45,Medium Value,2188.0,One year,0,DSL,Bank transfer (automatic),No
5899-MQZZL,Female,0,No,No,13,Growing Customer,75.0,High Value,999.0,Month-to-month,1,Fiber optic,Mailed check,Yes
6849-OYAMU,Male,0,Yes,Yes,19,Growing Customer,100.0,High Value,1889.0,One year,0,Fiber optic,Bank transfer (automatic),Yes
5312-UXESG,Female,0,No,No,41,Loyal Customer,98.05,High Value,3991.0,Month-to-month,1,Fiber optic,Bank transfer (automatic),No
9488-HGMJH,Female,1,No,No,1,New Customer,71.15,High Value,71.0,Month-to-month,1,Fiber optic,Electronic check,Yes
6038-GCYEC,Female,0,No,No,24,Loyal Customer,54.15,Medium Value,1240.0,Month-to-month,1,DSL,Credit card (automatic),Yes
2150-WLKUW,Female,0,Yes,No,40,Loyal Customer,63.9,Medium Value,2635.0,One year,0,DSL,Bank transfer (automatic),No
7159-FVYPK,Female,0,Yes,Yes,3,New Customer,69.15,Medium Value,235.0,Month-to-month,1,DSL,Bank transfer (automatic),No
7032-LMBHI,Female,0,No,No,37,Loyal Customer,64.65,Medium Value,2348.0,One year,0,DSL,Bank transfer (automatic),No
1150-WFARN,Female,0,Yes,Yes,67,Loyal Customer,108.75,High Value,7156.0,Two year,0,Fiber optic,Credit card (automatic),Yes
6088-BXMRG,Female,0,Yes,Yes,32,Loyal Customer,98.85,High Value,3090.0,Month-to-month,1,Fiber optic,Electronic check,No
3144-AUDBS,Female,0,Yes,No,6,New Customer,49.15,Medium Value,271.0,Month-to-month,1,DSL,Electronic check,Yes
4821-SJHJV,Female,0,Yes,Yes,32,Loyal Customer,89.6,High Value,2902.0,Month-to-month,1,Fiber optic,Electronic check,No
7346-MEDWM,Female,0,No,No,59,Loyal Customer,83.25,High Value,4949.0,Month-to-month,1,Fiber optic,Electronic check,No
1137-DGOWI,Female,0,Yes,No,30,Loyal Customer,70.25,High Value,2199.0,One year,0,DSL,Bank transfer (automatic),No
5616-PRTNT,Male,0,No,Yes,20,Growing Customer,19.4,Low Value,375.0,Month-to-month,1,No,Electronic check,Yes
3812-LRZIR,Female,0,Yes,Yes,27,Loyal Customer,24.5,Low Value,762.0,Two year,0,No,Electronic check,No
4818-QIUFN,Female,1,No,No,20,Growing Customer,79.15,High Value,1521.0,Month-to-month,1,Fiber optic,Electronic check,Yes
9483-GCPWE,Male,0,No,Yes,9,New Customer,20.1,Low Value,190.0,One year,0,No,Mailed check,No
4227-OJHAL,Female,0,Yes,Yes,68,Loyal Customer,73.0,High Value,5163.0,One year,0,DSL,Credit card (automatic),No
9220-CXRSC,Female,0,Yes,Yes,69,Loyal Customer,61.4,Medium Value,4060.0,Two year,0,DSL,Credit card (automatic),No
4993-JCRGJ,Male,0,No,No,26,Loyal Customer,84.3,High Value,2282.0,Month-to-month,1,Fiber optic,Mailed check,No
9537-JALFH,Male,0,Yes,Yes,69,Loyal Customer,19.9,Low Value,1357.0,Two year,0,No,Bank transfer (automatic),No
6698-OXETB,Male,0,No,No,11,New Customer,20.4,Low Value,231.0,Two year,0,No,Mailed check,No
2103-ZRXFN,Male,0,No,No,1,New Customer,50.75,Medium Value,51.0,Month-to-month,1,DSL,Mailed check,No
3724-BSCVH,Male,0,Yes,Yes,10,New Customer,20.45,Low Value,242.0,One year,0,No,Mailed check,No
4877-TSOFF,Female,0,Yes,Yes,55,Loyal Customer,75.75,High Value,4264.0,One year,0,DSL,Bank transfer (automatic),No
9209-NWPGU,Male,0,No,No,44,Loyal Customer,65.4,Medium Value,2775.0,One year,0,DSL,Electronic check,No
6961-VCPMC,Male,1,Yes,No,46,Loyal Customer,80.4,High Value,3605.0,Month-to-month,1,Fiber optic,Electronic check,Yes
7306-YDSOI,Male,0,Yes,Yes,69,Loyal Customer,59.75,Medium Value,4070.0,Two year,0,DSL,Bank transfer (automatic),No
5288-AHOUP,Male,1,No,No,11,New Customer,78.5,High Value,874.0,Month-to-month,1,Fiber optic,Electronic check,No
6688-UZPWD,Female,0,Yes,No,11,New Customer,102.0,High Value,1145.0,Month-to-month,1,Fiber optic,Electronic check,Yes
0655-YDGFJ,Male,0,No,No,29,Loyal Customer,48.95,Medium Value,1324.0,Month-to-month,1,DSL,Bank transfer (automatic),No
8468-EHYJA,Female,0,Yes,No,57,Loyal Customer,99.65,High Value,5497.0,Month-to-month,1,Fiber optic,Electronic check,No
6823-SIDFQ,Male,0,No,No,28,Loyal Customer,18.25,Low Value,535.0,One year,0,No,Credit card (automatic),No
1097-FSPVW,Female,0,No,No,42,Loyal Customer,54.55,Medium Value,2455.0,Month-to-month,1,DSL,Credit card (automatic),No
2839-RFSQE,Female,0,No,No,2,New Customer,20.65,Low Value,39.0,Month-to-month,1,No,Mailed check,Yes
8328-SKJNO,Male,0,No,Yes,23,Growing Customer,40.65,Medium Value,947.0,One year,0,DSL,Bank transfer (automatic),No
7010-ZMVBF,Female,0,Yes,Yes,18,Growing Customer,20.45,Low Value,357.0,Month-to-month,1,No,Mailed check,No
5201-CBWYG,Male,0,Yes,Yes,62,Loyal Customer,24.8,Low Value,1476.0,One year,0,No,Bank transfer (automatic),No
0968-GSIKN,Female,0,No,No,1,New Customer,70.8,High Value,71.0,Month-to-month,1,Fiber optic,Mailed check,Yes
1965-DDBWU,Male,0,No,No,16,Growing Customer,89.05,High Value,1449.0,Month-to-month,1,Fiber optic,Credit card (automatic),Yes
9057-SIHCH,Female,0,No,No,3,New Customer,96.6,High Value,292.0,Month-to-month,1,Fiber optic,Electronic check,Yes
6352-GIGGQ,Male,0,No,No,67,Loyal Customer,88.8,High Value,5903.0,One year,0,DSL,Bank transfer (automatic),No
3635-QQRQD,Male,0,No,No,62,Loyal Customer,20.05,Low Value,1202.0,Two year,0,No,Credit card (automatic),No
6771-XWBDM,Female,0,Yes,No,57,Loyal Customer,104.5,High Value,5921.0,Month-to-month,1,Fiber optic,Credit card (automatic),Yes
2897-DOVND,Male,0,No,No,2,New Customer,69.8,Medium Value,147.0,Month-to-month,1,Fiber optic,Electronic check,No
3082-YVEKW,Female,0,Yes,Yes,23,Growing Customer,77.15,High Value,1759.0,Two year,0,DSL,Bank transfer (automatic),No
0191-EQUUH,Female,0,No,Yes,25,Loyal Customer,35.05,Medium Value,844.0,Two year,0,DSL,Bank transfer (automatic),No
7134-HBPBS,Female,1,No,No,72,Loyal Customer,108.1,High Value,7774.0,Two year,0,Fiber optic,Bank transfer (automatic),No
3489-HHPFY,Female,0,Yes,No,2,New Customer,84.05,High Value,134.0,Month-to-month,1,Fiber optic,Electronic check,No
2926-JEJJC,Female,0,No,No,8,New Customer,20.2,Low Value,141.0,One year,0,No,Bank transfer (automatic),No
8601-QACRS,Female,0,No,No,5,New Customer,50.6,Medium Value,250.0,Month-to-month,1,DSL,Mailed check,Yes
4950-BDEUX,Male,0,No,No,35,Loyal Customer,49.2,Medium Value,1702.0,Month-to-month,1,DSL,Electronic check,No
5789-LDFXO,Male,0,No,No,24,Loyal Customer,24.6,Low Value,593.0,One year,0,No,Electronic check,No
0508-OOLTO,Female,0,Yes,Yes,2,New Customer,71.65,High Value,136.0,Month-to-month,1,Fiber optic,Electronic check,No
2984-TBYKU,Male,0,Yes,Yes,72,Loyal Customer,104.9,High Value,7733.0,Two year,0,Fiber optic,Credit card (automatic),No
9822-WMWVG,Female,0,No,No,41,Loyal Customer,106.5,High Value,4282.0,Month-to-month,1,Fiber optic,Electronic check,No
2391-SOORI,Male,0,No,Yes,4,New Customer,49.35,Medium Value,220.0,Month-to-month,1,DSL,Electronic check,Yes
9040-KZVWO,Male,0,No,No,26,Loyal Customer,75.5,High Value,2018.0,One year,0,Fiber optic,Bank transfer (automatic),No
2645-QTLMB,Male,0,No,No,7,New Customer,94.25,High Value,669.0,Month-to-month,1,Fiber optic,Electronic check,Yes
4806-HIPDW,Female,0,Yes,No,1,New Customer,68.95,Medium Value,69.0,Month-to-month,1,Fiber optic,Electronic check,Yes
1548-ARAGG,Female,0,Yes,Yes,4,New Customer,58.5,Medium Value,225.0,Month-to-month,1,DSL,Mailed check,No
6339-RZCBJ,Male,0,No,No,48,Loyal Customer,78.9,High Value,3772.0,Two year,0,DSL,Credit card (automatic),No
4424-TKOPW,Male,1,No,No,2,New Customer,93.85,High Value,197.0,Month-to-month,1,Fiber optic,Electronic check,Yes
4415-WNGVR,Female,1,Yes,No,12,Growing Customer,79.2,High Value,944.0,One year,0,DSL,Electronic check,No
2522-AHJXR,Male,0,Yes,No,60,Loyal Customer,109.45,High Value,6573.0,Month-to-month,1,Fiber optic,Bank transfer (automatic),No
0412-UCCNP,Male,0,No,No,55,Loyal Customer,59.2,Medium Value,3176.0,Two year,0,DSL,Electronic check,No
1816-FLZDK,Male,0,No,No,1,New Customer,29.15,Low Value,29.0,Month-to-month,1,DSL,Mailed check,No
7096-UCLNH,Male,0,No,No,1,New Customer,20.05,Low Value,20.0,Month-to-month,1,No,Mailed check,No
8443-ZRDBZ,Male,0,No,No,4,New Customer,76.05,High Value,319.0,Month-to-month,1,Fiber optic,Electronic check,Yes
9136-ALYBR,Male,0,No,No,1,New Customer,24.45,Low Value,24.0,Month-to-month,1,DSL,Mailed check,Yes
4615-PIVVU,Female,0,No,No,42,Loyal Customer,66.5,Medium Value,2763.0,Two year,0,DSL,Credit card (automatic),No
8885-QSQBX,Female,0,No,No,1,New Customer,49.55,Medium Value,50.0,Month-to-month,1,DSL,Bank transfer (automatic),No
7479-NITWS,Male,0,No,No,7,New Customer,89.35,High Value,632.0,Month-to-month,1,Fiber optic,Credit card (automatic),Yes
8617-ENBDS,Male,0,No,No,3,New Customer,73.6,High Value,233.0,Month-to-month,1,Fiber optic,Credit card (automatic),No
9385-NXKDA,Female,0,Yes,No,72,Loyal Customer,82.65,High Value,5919.0,Two year,0,DSL,Credit card (automatic),No
0430-IHCDJ,Male,0,No,No,15,Growing Customer,49.0,Medium Value,749.0,Month-to-month,1,DSL,Electronic check,No
2959-MJHIC,Male,0,Yes,No,4,New Customer,80.35,High Value,307.0,Month-to-month,1,Fiber optic,Electronic check,Yes
6674-KVJHG,Female,0,No,No,11,New Customer,25.2,Low Value,245.0,One year,0,No,Electronic check,No
1814-DKOLC,Female,0,No,No,5,New Customer,25.45,Low Value,135.0,Month-to-month,1,No,Mailed check,No
4201-JMNGR,Female,1,No,No,1,New Customer,55.8,Medium Value,56.0,Month-to-month,1,DSL,Electronic check,Yes
9351-HXDMR,Male,0,Yes,No,72,Loyal Customer,110.9,High Value,8241.0,Two year,0,Fiber optic,Credit card (automatic),No
3537-HPKQT,Female,0,Yes,No,55,Loyal Customer,77.75,High Value,4266.0,Month-to-month,1,Fiber optic,Credit card (automatic),No
2129-ALKBS,Female,0,Yes,Yes,40,Loyal Customer,26.2,Low Value,1078.0,Month-to-month,1,No,Electronic check,No
5821-MMEIL,Female,0,Yes,No,57,Loyal Customer,19.9,Low Value,1116.0,Two year,0,No,Bank transfer (automatic),No
5960-WPXQM,Male,0,No,No,1,New Customer,79.05,High Value,79.0,Month-to-month,1,Fiber optic,Electronic check,Yes
0684-AOSIH,Male,0,Yes,No,1,New Customer,95.0,High Value,95.0,Month-to-month,1,Fiber optic,Electronic check,Yes
8260-NGFNY,Female,0,No,No,1,New Customer,25.2,Low Value,25.0,Month-to-month,1,DSL,Mailed check,Yes
1309-XGFSN,Male,1,Yes,Yes,52,Loyal Customer,80.85,High Value,4080.0,One year,0,DSL,Electronic check,No
1866-RZZQS,Male,1,No,No,41,Loyal Customer,98.4,High Value,4188.0,Month-to-month,1,Fiber optic,Electronic check,Yes
6968-URWQU,Male,0,Yes,No,43,Loyal Customer,56.35,Medium Value,2391.0,One year,0,DSL,Mailed check,No
4742-TXUEX,Female,0,Yes,Yes,47,Loyal Customer,19.3,Low Value,891.0,Two year,0,No,Bank transfer (automatic),No
9631-XEYKE,Male,0,No,No,3,New Customer,50.4,Medium Value,137.0,Month-to-month,1,DSL,Bank transfer (automatic),No
8631-NBHFZ,Male,1,Yes,Yes,66,Loyal Customer,79.4,High Value,5155.0,Two year,0,DSL,Credit card (automatic),Yes
1335-MXCSE,Male,0,Yes,Yes,55,Loyal Customer,55.25,Medium Value,3120.0,Two year,0,DSL,Credit card (automatic),No
8873-TMKGR,Male,0,No,No,29,Loyal Customer,19.1,Low Value,530.0,One year,0,No,Mailed check,No
8800-JOOCF,Female,0,No,Yes,12,Growing Customer,84.05,High Value,967.0,Month-to-month,1,Fiber optic,Electronic check,No
1469-LBJQJ,Female,0,Yes,No,66,Loyal Customer,105.2,High Value,6937.0,Month-to-month,1,Fiber optic,Electronic check,No
4958-XCBDQ,Male,1,No,No,35,Loyal Customer,101.4,High Value,3496.0,Month-to-month,1,Fiber optic,Electronic check,Yes
8337-UPOAQ,Male,1,Yes,No,10,New Customer,89.8,High Value,914.0,Month-to-month,1,Fiber optic,Electronic check,Yes
0064-YIJGF,Male,0,Yes,Yes,27,Loyal Customer,75.75,High Value,1929.0,Month-to-month,1,Fiber optic,Bank transfer (automatic),No
2386-OWURY,Female,0,No,No,58,Loyal Customer,95.3,High Value,5818.0,Month-to-month,1,Fiber optic,Electronic check,No
1725-IQNIY,Male,0,Yes,No,54,Loyal Customer,109.75,High Value,6110.0,Two year,0,Fiber optic,Bank transfer (automatic),Yes
0310-VQXAM,Male,0,No,No,9,New Customer,19.85,Low Value,179.0,Month-to-month,1,No,Mailed check,No
6598-RFFVI,Male,0,No,No,2,New Customer,19.3,Low Value,28.0,One year,0,No,Credit card (automatic),Yes
3453-RTHJQ,Male,0,No,No,6,New Customer,69.1,Medium Value,435.0,Month-to-month,1,Fiber optic,Electronic check,No
6712-OAWRH,Female,1,No,No,26,Loyal Customer,91.25,High Value,2352.0,Month-to-month,1,Fiber optic,Electronic check,Yes
6278-FEPBZ,Female,0,No,No,9,New Customer,20.25,Low Value,186.0,Month-to-month,1,No,Mailed check,No
4280-DLSHD,Male,0,Yes,No,8,New Customer,54.75,Medium Value,446.0,Month-to-month,1,DSL,Mailed check,No
1508-DFXCU,Male,0,No,No,12,Growing Customer,81.45,High Value,912.0,Month-to-month,1,Fiber optic,Electronic check,No
8614-VGMMV,Female,0,No,No,15,Growing Customer,49.1,Medium Value,680.0,Month-to-month,1,DSL,Electronic check,Yes
7868-BGSZA,Male,0,Yes,No,43,Loyal Customer,80.2,High Value,3582.0,One year,0,DSL,Electronic check,No
2800-QQUSO,Male,0,No,No,42,Loyal Customer,100.3,High Value,4223.0,Month-to-month,1,Fiber optic,Electronic check,No
2930-UOTMB,Female,0,No,No,31,Loyal Customer,65.25,Medium Value,1994.0,Month-to-month,1,DSL,Credit card (automatic),Yes
7973-DZRKH,Female,0,No,Yes,66,Loyal Customer,90.95,High Value,5930.0,Two year,0,Fiber optic,Credit card (automatic),No
5914-DVBWJ,Female,1,No,No,18,Growing Customer,85.45,High Value,1506.0,Month-to-month,1,Fiber optic,Electronic check,Yes
7698-YFGEZ,Male,0,No,No,1,New Customer,20.0,Low Value,20.0,Month-to-month,1,No,Mailed check,No
2533-QVMSK,Male,0,Yes,No,61,Loyal Customer,94.1,High Value,5638.0,Two year,0,Fiber optic,Electronic check,Yes
9773-PEQBZ,Male,0,No,No,10,New Customer,79.85,High Value,797.0,Month-to-month,1,Fiber optic,Electronic check,No
8644-XLFBW,Male,1,No,No,1,New Customer,71.65,High Value,72.0,Month-to-month,1,Fiber optic,Electronic check,Yes
0650-BWOZN,Female,1,No,No,18,Growing Customer,73.55,High Value,1359.0,Month-to-month,1,Fiber optic,Electronic check,No
8625-AZYZY,Male,0,Yes,No,24,Loyal Customer,104.65,High Value,2542.0,Month-to-month,1,Fiber optic,Electronic check,Yes
7785-RDVIG,Female,0,Yes,Yes,3,New Customer,19.3,Low Value,55.0,Month-to-month,1,No,Mailed check,No
9602-WCXPI,Male,0,No,No,50,Loyal Customer,20.15,Low Value,989.0,One year,0,No,Credit card (automatic),No
2903-YYTBW,Male,0,Yes,Yes,1,New Customer,44.55,Medium Value,45.0,Month-to-month,1,DSL,Electronic check,No
3620-MWJNE,Male,0,No,No,2,New Customer,54.45,Medium Value,87.0,Month-to-month,1,DSL,Mailed check,No
8573-JGCZW,Male,0,No,No,17,Growing Customer,19.65,Low Value,352.0,One year,0,No,Bank transfer (automatic),No
6837-HAEVO,Male,0,Yes,Yes,69,Loyal Customer,105.0,High Value,7298.0,Two year,0,Fiber optic,Electronic check,No
6701-YVNQG,Male,0,Yes,No,72,Loyal Customer,88.7,High Value,6302.0,Two year,0,DSL,Credit card (automatic),No
9306-CPCBC,Female,0,No,No,3,New Customer,74.25,High Value,210.0,Month-to-month,1,Fiber optic,Electronic check,Yes
4304-XUMGI,Male,1,Yes,Yes,50,Loyal Customer,75.15,High Value,3822.0,Two year,0,DSL,Bank transfer (automatic),No
9504-YAZWB,Female,0,No,No,53,Loyal Customer,20.25,Low Value,1048.0,Two year,0,No,Mailed check,No
8819-ZBYNA,Female,0,Yes,No,58,Loyal Customer,109.1,High Value,6394.0,Two year,0,Fiber optic,Credit card (automatic),No
6174-NRBTZ,Male,0,No,No,46,Loyal Customer,30.75,Low Value,1489.0,One year,0,DSL,Bank transfer (automatic),No
9481-IEBZY,Male,1,Yes,No,72,Loyal Customer,112.9,High Value,8062.0,Month-to-month,1,Fiber optic,Credit card (automatic),No
1833-VGRUM,Female,1,No,No,1,New Customer,74.2,High Value,74.0,Month-to-month,1,Fiber optic,Electronic check,Yes
6137-NICCO,Female,0,Yes,Yes,6,New Customer,94.05,High Value,519.0,Month-to-month,1,Fiber optic,Mailed check,No
9065-ZCPQX,Male,0,Yes,No,72,Loyal Customer,78.85,High Value,5763.0,Two year,0,DSL,Bank transfer (automatic),No
6402-EJMWF,Male,0,No,No,4,New Customer,55.3,Medium Value,239.0,Month-to-month,1,DSL,Mailed check,No
3620-EHIMZ,Female,0,Yes,Yes,52,Loyal Customer,19.35,Low Value,1032.0,Two year,0,No,Mailed check,No
3213-VVOLG,Male,0,Yes,Yes,0,New Customer,25.35,Low Value,,Two year,0,No,Mailed check,No
6870-ECSHE,Female,0,No,No,2,New Customer,20.45,Low Value,35.0,One year,0,No,Mailed check,No
8747-UDCOI,Female,0,Yes,No,65,Loyal Customer,19.35,Low Value,1320.0,Two year,0,No,Bank transfer (automatic),No
8374-XGEJJ,Male,1,Yes,No,43,Loyal Customer,101.0,High Value,4388.0,Month-to-month,1,Fiber optic,Electronic check,Yes
2656-TABEH,Male,0,Yes,No,4,New Customer,100.2,High Value,420.0,Month-to-month,1,Fiber optic,Electronic check,Yes
6946-LMSQS,Male,1,Yes,No,25,Loyal Customer,89.05,High Value,2177.0,One year,0,Fiber optic,Electronic check,Yes
4626-OZDTJ,Female,0,Yes,No,51,Loyal Customer,78.65,High Value,3951.0,One year,0,DSL,Credit card (automatic),No
9169-BSVIN,Male,0,No,No,12,Growing Customer,74.75,High Value,827.0,Month-to-month,1,DSL,Bank transfer (automatic),No
2325-ZUSFD,Female,0,Yes,Yes,57,Loyal Customer,70.1,High Value,3913.0,One year,0,DSL,Bank transfer (automatic),Yes
8194-PEEBY,Female,0,Yes,Yes,24,Loyal Customer,19.9,Low Value,534.0,One year,0,No,Mailed check,No
6872-HXFNF,Female,0,Yes,No,64,Loyal Customer,58.35,Medium Value,3756.0,One year,0,DSL,Bank transfer (automatic),No
3932-CMDTD,Female,0,No,No,4,New Customer,105.65,High Value,444.0,One year,0,Fiber optic,Electronic check,Yes
7714-YXSMB,Female,0,No,No,26,Loyal Customer,100.5,High Value,2600.0,Month-to-month,1,Fiber optic,Bank transfer (automatic),No
8387-UGUSU,Female,0,Yes,Yes,15,Growing Customer,20.05,Low Value,284.0,Month-to-month,1,No,Mailed check,No
1080-BWSYE,Male,1,Yes,No,64,Loyal Customer,25.65,Low Value,1741.0,Two year,0,No,Credit card (automatic),No
4039-HEUNW,Male,1,Yes,No,36,Loyal Customer,96.5,High Value,3436.0,Month-to-month,1,Fiber optic,Electronic check,Yes
1194-HVAIF,Female,0,Yes,No,27,Loyal Customer,95.0,High Value,2463.0,Month-to-month,1,Fiber optic,Credit card (automatic),No
0812-WUPTB,Male,1,Yes,No,1,New Customer,70.85,High Value,71.0,Month-to-month,1,Fiber optic,Mailed check,Yes
3594-UVONA,Female,0,No,No,35,Loyal Customer,85.95,High Value,3110.0,One year,0,DSL,Credit card (automatic),Yes
0004-TLHLJ,Male,0,No,No,4,New Customer,73.9,High Value,281.0,Month-to-month,1,Fiber optic,Electronic check,Yes
1767-TGTKO,Female,0,Yes,Yes,8,New Customer,45.45,Medium Value,412.0,Month-to-month,1,DSL,Electronic check,No
8439-LTUGF,Male,0,No,No,10,New Customer,20.0,Low Value,199.0,Month-to-month,1,No,Credit card (automatic),No
8805-JNRAZ,Female,0,No,No,2,New Customer,49.2,Medium Value,104.0,Month-to-month,1,DSL,Mailed check,No
5089-IFSDP,Female,0,Yes,No,58,Loyal Customer,109.45,High Value,6145.0,Two year,0,Fiber optic,Bank transfer (automatic),Yes
6418-HNFED,Male,0,Yes,No,51,Loyal Customer,83.25,High Value,4089.0,Two year,0,DSL,Credit card (automatic),No
0206-OYVOC,Female,0,Yes,Yes,46,Loyal Customer,19.25,Low Value,864.0,Two year,0,No,Mailed check,No
7291-CDTMJ,Male,0,No,No,1,New Customer,19.65,Low Value,20.0,Month-to-month,1,No,Bank transfer (automatic),No
7128-GGCNO,Male,0,No,No,46,Loyal Customer,72.8,High Value,3249.0,Month-to-month,1,Fiber optic,Bank transfer (automatic),No
0237-YFUTL,Female,0,Yes,No,50,Loyal Customer,109.65,High Value,5406.0,Month-to-month,1,Fiber optic,Bank transfer (automatic),No
7691-KGKGP,Male,0,Yes,Yes,53,Loyal Customer,65.0,Medium Value,3364.0,Month-to-month,1,DSL,Credit card (automatic),No
6710-HSJRD,Male,0,Yes,No,61,Loyal Customer,114.1,High Value,7132.0,Month-to-month,1,Fiber optic,Electronic check,No
3675-EQOZA,Male,0,No,No,5,New Customer,20.65,Low Value,94.0,Month-to-month,1,No,Bank transfer (automatic),No
0840-DCNZE,Male,0,No,No,47,Loyal Customer,86.95,High Value,4139.0,One year,0,DSL,Bank transfer (automatic),No
1732-FEKLD,Female,0,No,No,54,Loyal Customer,94.75,High Value,5122.0,One year,0,Fiber optic,Bank transfer (automatic),No
9862-KJTYK,Male,0,No,Yes,19,Growing Customer,25.35,Low Value,566.0,Month-to-month,1,DSL,Credit card (automatic),No
0479-HMSWA,Female,0,No,Yes,26,Loyal Customer,105.45,High Value,2715.0,Two year,0,Fiber optic,Electronic check,No
5854-KSRBJ,Male,0,Yes,Yes,70,Loyal Customer,25.4,Low Value,1782.0,Two year,0,No,Mailed check,No
0365-BZUWY,Male,0,Yes,No,17,Growing Customer,102.55,High Value,1743.0,Month-to-month,1,Fiber optic,Electronic check,No
4817-VYYWS,Female,0,No,No,30,Loyal Customer,100.2,High Value,2984.0,Month-to-month,1,Fiber optic,Electronic check,Yes
5701-SVCWR,Female,0,No,Yes,1,New Customer,24.0,Low Value,24.0,Month-to-month,1,No,Mailed check,No
3129-AAQOU,Female,0,Yes,Yes,19,Growing Customer,25.6,Low Value,486.0,Two year,0,No,Mailed check,No
4922-CVPDX,Female,0,Yes,No,26,Loyal Customer,73.5,High Value,1906.0,Two year,0,DSL,Credit card (automatic),No
1396-QWFBJ,Female,0,Yes,Yes,21,Growing Customer,74.05,High Value,1566.0,Month-to-month,1,Fiber optic,Bank transfer (automatic),Yes
1357-BIJKI,Male,0,Yes,No,50,Loyal Customer,98.25,High Value,4859.0,One year,0,Fiber optic,Electronic check,No
1099-BTKWT,Female,0,Yes,No,68,Loyal Customer,54.4,Medium Value,3724.0,One year,0,DSL,Electronic check,No
5299-SJCZT,Male,0,No,No,3,New Customer,101.55,High Value,298.0,Month-to-month,1,Fiber optic,Bank transfer (automatic),Yes
2018-PZKMU,Male,0,Yes,Yes,9,New Customer,103.1,High Value,970.0,Month-to-month,1,Fiber optic,Electronic check,No
7340-KEFQE,Female,0,Yes,Yes,51,Loyal Customer,34.2,Low Value,1782.0,Two year,0,DSL,Bank transfer (automatic),No
4570-QHXHL,Female,0,No,No,9,New Customer,43.75,Medium Value,406.0,Month-to-month,1,DSL,Electronic check,No
2403-BCASL,Male,1,Yes,Yes,41,Loyal Customer,111.95,High Value,4535.0,One year,0,Fiber optic,Electronic check,Yes
7392-YYPYJ,Male,0,No,No,22,Growing Customer,100.65,High Value,2416.0,Month-to-month,1,Fiber optic,Electronic check,No
2898-LSJGD,Female,0,Yes,Yes,21,Growing Customer,55.95,Medium Value,1157.0,One year,0,DSL,Electronic check,Yes
2223-GDSHL,Male,0,Yes,Yes,71,Loyal Customer,116.05,High Value,8298.0,Two year,0,Fiber optic,Bank transfer (automatic),No
7359-PTSXY,Male,0,No,No,1,New Customer,45.75,Medium Value,46.0,Month-to-month,1,DSL,Electronic check,Yes
9470-RTWDV,Male,0,Yes,Yes,26,Loyal Customer,82.0,High Value,2083.0,One year,0,DSL,Credit card (automatic),No
2176-OSJUV,Male,0,Yes,No,71,Loyal Customer,65.15,Medium Value,4682.0,Two year,0,DSL,Bank transfer (automatic),No
9348-YVOMK,Male,0,No,No,4,New Customer,44.8,Medium Value,176.0,Month-to-month,1,DSL,Credit card (automatic),No
8104-OSKWT,Female,0,No,No,12,Growing Customer,79.8,High Value,1001.0,Month-to-month,1,Fiber optic,Electronic check,No
4521-YEEHE,Female,0,Yes,No,18,Growing Customer,88.85,High Value,1595.0,Month-to-month,1,Fiber optic,Electronic check,No
4090-KPJIP,Female,0,No,No,3,New Customer,74.95,High Value,212.0,Month-to-month,1,Fiber optic,Electronic check,No
3786-WOVKF,Female,1,Yes,No,72,Loyal Customer,106.85,High Value,7677.0,One year,0,Fiber optic,Bank transfer (automatic),No
4503-BDXBD,Male,0,No,No,11,New Customer,74.95,High Value,816.0,Month-to-month,1,Fiber optic,Electronic check,Yes
6086-ESGRL,Female,0,No,No,1,New Customer,80.15,High Value,80.0,Month-to-month,1,Fiber optic,Credit card (automatic),Yes
2592-HODOV,Male,0,No,No,13,Growing Customer,19.3,Low Value,260.0,One year,0,No,Credit card (automatic),No
3886-CERTZ,Female,0,Yes,No,72,Loyal Customer,109.25,High Value,8110.0,One year,0,Fiber optic,Electronic check,Yes
7995-ZHHNZ,Male,0,Yes,No,42,Loyal Customer,56.1,Medium Value,2387.0,One year,0,DSL,Credit card (automatic),No
3824-RHKVR,Female,0,No,No,17,Growing Customer,19.7,Low Value,340.0,Month-to-month,1,No,Credit card (automatic),No
5816-SCGFC,Female,1,No,No,7,New Customer,51.3,Medium Value,419.0,Month-to-month,1,DSL,Mailed check,No
5989-AXPUC,Female,0,Yes,No,68,Loyal Customer,118.6,High Value,7990.0,Two year,0,Fiber optic,Mailed check,No
4979-HPRFL,Male,0,Yes,Yes,56,Loyal Customer,24.15,Low Value,1402.0,Two year,0,No,Bank transfer (automatic),No
8590-OHDIW,Female,0,Yes,Yes,38,Loyal Customer,20.3,Low Value,749.0,One year,0,No,Mailed check,No
8015-IHCGW,Female,0,Yes,Yes,72,Loyal Customer,115.5,High Value,8425.0,Two year,0,Fiber optic,Electronic check,No
2332-TODQS,Female,0,No,No,48,Loyal Customer,25.05,Low Value,1172.0,One year,0,No,Credit card (automatic),No
9278-VZKCD,Female,1,Yes,No,52,Loyal Customer,109.1,High Value,5648.0,Month-to-month,1,Fiber optic,Electronic check,No
8008-OTEZX,Female,0,Yes,Yes,35,Loyal Customer,19.65,Low Value,709.0,One year,0,No,Mailed check,No
2773-OVBPK,Male,0,Yes,No,67,Loyal Customer,111.3,High Value,7567.0,Two year,0,Fiber optic,Bank transfer (automatic),No
5999-LCXAO,Female,0,No,No,1,New Customer,29.9,Low Value,30.0,Month-to-month,1,DSL,Mailed check,No
5206-XZZQI,Male,0,No,No,53,Loyal Customer,80.6,High Value,4348.0,Month-to-month,1,Fiber optic,Mailed check,No
4803-LBYPN,Male,0,Yes,Yes,34,Loyal Customer,20.8,Low Value,636.0,Month-to-month,1,No,Mailed check,No
5759-RCVCB,Female,0,No,No,3,New Customer,35.2,Medium Value,109.0,Month-to-month,1,DSL,Credit card (automatic),Yes
6372-RFVNS,Female,0,Yes,No,1,New Customer,78.8,High Value,79.0,Month-to-month,1,Fiber optic,Electronic check,Yes
2139-FQHLM,Male,0,No,No,19,Growing Customer,89.95,High Value,1682.0,Month-to-month,1,Fiber optic,Mailed check,No
8261-GWDBQ,Female,1,Yes,No,60,Loyal Customer,116.05,High Value,6926.0,Two year,0,Fiber optic,Bank transfer (automatic),No
1093-YSWCA,Male,0,No,No,11,New Customer,19.55,Low Value,223.0,Two year,0,No,Credit card (automatic),No
8938-UMKPI,Female,0,No,No,47,Loyal Customer,106.4,High Value,5128.0,Month-to-month,1,Fiber optic,Electronic check,Yes
0991-BRRFB,Male,0,No,No,18,Growing Customer,49.4,Medium Value,875.0,Month-to-month,1,DSL,Electronic check,Yes
3882-IYOIJ,Female,0,Yes,Yes,60,Loyal Customer,115.25,High Value,6758.0,Two year,0,Fiber optic,Credit card (automatic),No
8749-TZYEC,Male,0,Yes,No,72,Loyal Customer,24.8,Low Value,1874.0,Two year,0,No,Credit card (automatic),No
1755-FZQEC,Male,0,No,No,39,Loyal Customer,19.9,Low Value,791.0,One year,0,No,Mailed check,No
3115-JPJDD,Female,0,Yes,No,59,Loyal Customer,81.25,High Value,4639.0,One year,0,Fiber optic,Credit card (automatic),No
5600-KTXFM,Male,0,Yes,Yes,2,New Customer,69.95,Medium Value,144.0,Month-to-month,1,Fiber optic,Mailed check,No
3871-IKPYH,Male,1,No,No,1,New Customer,69.1,Medium Value,69.0,Month-to-month,1,Fiber optic,Electronic check,Yes
6319-IEJWJ,Male,0,Yes,Yes,20,Growing Customer,90.2,High Value,1777.0,Month-to-month,1,Fiber optic,Electronic check,Yes
9025-AOMKI,Female,0,No,No,6,New Customer,93.55,High Value,536.0,Month-to-month,1,Fiber optic,Bank transfer (automatic),Yes
6339-TBELP,Male,0,No,No,71,Loyal Customer,86.4,High Value,6172.0,Two year,0,Fiber optic,Credit card (automatic),No
7964-YESJC,Female,0,Yes,No,24,Loyal Customer,66.3,Medium Value,1559.0,Month-to-month,1,DSL,Mailed check,No
6173-GOLSU,Male,1,Yes,No,67,Loyal Customer,94.65,High Value,6079.0,Month-to-month,1,Fiber optic,Credit card (automatic),No
5275-SQEIZ,Male,0,No,No,1,New Customer,80.85,High Value,81.0,Month-to-month,1,Fiber optic,Mailed check,Yes
7716-YTYHG,Female,0,Yes,Yes,48,Loyal Customer,82.05,High Value,4030.0,One year,0,Fiber optic,Mailed check,Yes
9938-ZREHM,Female,0,Yes,No,37,Loyal Customer,72.1,High Value,2658.0,One year,0,DSL,Mailed check,No
7950-XWOVN,Male,0,No,No,11,New Customer,34.7,Low Value,384.0,Month-to-month,1,DSL,Mailed check,No
4390-KYULV,Male,0,Yes,No,3,New Customer,20.55,Low Value,51.0,Month-to-month,1,No,Credit card (automatic),Yes
4647-MUZON,Female,0,Yes,No,18,Growing Customer,95.95,High Value,1746.0,Month-to-month,1,Fiber optic,Credit card (automatic),No
9702-AIUJO,Male,0,Yes,Yes,50,Loyal Customer,44.8,Medium Value,2231.0,One year,0,DSL,Bank transfer (automatic),No
8849-PRIQJ,Female,0,Yes,Yes,67,Loyal Customer,109.4,High Value,7282.0,One year,0,Fiber optic,Electronic check,No
8851-RAGOV,Female,0,Yes,No,25,Loyal Customer,71.05,High Value,1838.0,Month-to-month,1,DSL,Mailed check,No
1304-NECVQ,Female,1,No,No,2,New Customer,78.55,High Value,150.0,Month-to-month,1,Fiber optic,Electronic check,Yes
5396-IZEPB,Male,0,No,No,9,New Customer,19.7,Low Value,181.0,Month-to-month,1,No,Credit card (automatic),No
1729-VLAZJ,Female,0,No,Yes,10,New Customer,40.25,Medium Value,411.0,One year,0,DSL,Mailed check,No
8285-ABVLB,Female,0,Yes,No,70,Loyal Customer,19.85,Low Value,1328.0,Two year,0,No,Credit card (automatic),No
0701-TJSEF,Male,0,No,No,9,New Customer,68.25,Medium Value,577.0,Month-to-month,1,DSL,Bank transfer (automatic),No
5712-VBOXD,Female,0,No,No,4,New Customer,20.15,Low Value,68.0,Month-to-month,1,No,Credit card (automatic),No
6629-LADHQ,Female,0,No,No,2,New Customer,50.95,Medium Value,123.0,Month-to-month,1,DSL,Mailed check,No
8945-GRKHX,Female,0,No,Yes,1,New Customer,78.65,High Value,79.0,Month-to-month,1,Fiber optic,Electronic check,Yes
1559-DTODC,Male,0,No,No,19,Growing Customer,25.15,Low Value,468.0,Month-to-month,1,DSL,Bank transfer (automatic),No
4797-MIWUM,Male,0,Yes,Yes,7,New Customer,20.25,Low Value,175.0,Month-to-month,1,No,Bank transfer (automatic),No
6959-UWKHF,Male,0,No,No,1,New Customer,42.9,Medium Value,43.0,Month-to-month,1,DSL,Electronic check,Yes
8720-RQSBJ,Male,1,No,No,1,New Customer,44.0,Medium Value,44.0,Month-to-month,1,DSL,Electronic check,No
4537-CIBHB,Female,0,Yes,Yes,9,New Customer,20.25,Low Value,172.0,One year,0,No,Mailed check,No
3815-SLMEF,Female,0,No,No,3,New Customer,34.25,Low Value,139.0,Month-to-month,1,DSL,Mailed check,Yes
5154-VEKBL,Female,0,No,No,9,New Customer,58.5,Medium Value,540.0,Month-to-month,1,DSL,Mailed check,Yes
4324-AHJKS,Female,0,No,No,5,New Customer,55.8,Medium Value,300.0,Month-to-month,1,DSL,Credit card (automatic),No
4355-CVPVS,Female,0,Yes,Yes,56,Loyal Customer,88.9,High Value,4968.0,One year,0,Fiber optic,Bank transfer (automatic),No
4495-LHSSK,Female,0,No,Yes,18,Growing Customer,57.65,Medium Value,993.0,Month-to-month,1,DSL,Mailed check,No
5655-JSMZM,Male,1,No,No,49,Loyal Customer,96.2,High Value,4718.0,Month-to-month,1,Fiber optic,Electronic check,Yes
5915-ANOEI,Male,0,Yes,No,70,Loyal Customer,79.15,High Value,5537.0,Two year,0,DSL,Mailed check,No
9861-PDSZP,Female,0,No,No,72,Loyal Customer,108.05,High Value,7807.0,Two year,0,Fiber optic,Credit card (automatic),No
4505-EXZHB,Female,1,No,No,6,New Customer,74.4,High Value,434.0,Month-to-month,1,Fiber optic,Electronic check,Yes
7225-CBZPL,Male,1,Yes,No,17,Growing Customer,94.8,High Value,1564.0,Month-to-month,1,Fiber optic,Electronic check,No
6704-UTUKK,Male,0,Yes,No,29,Loyal Customer,45.9,Medium Value,1332.0,Month-to-month,1,DSL,Electronic check,No
4587-VVTOX,Female,0,Yes,No,6,New Customer,105.3,High Value,545.0,Month-to-month,1,Fiber optic,Electronic check,Yes
2019-HDCZY,Male,0,Yes,No,63,Loyal Customer,102.6,High Value,6297.0,Two year,0,Fiber optic,Electronic check,No
4652-NNHNY,Male,0,Yes,No,16,Growing Customer,73.85,High Value,1284.0,Month-to-month,1,Fiber optic,Bank transfer (automatic),Yes
8788-DOXSU,Male,0,No,No,59,Loyal Customer,61.35,Medium Value,3646.0,One year,0,DSL,Bank transfer (automatic),No
7404-JLKQG,Female,0,No,No,3,New Customer,57.55,Medium Value,161.0,Month-to-month,1,DSL,Electronic check,No
7421-ZLUPA,Female,0,No,No,8,New Customer,29.25,Low Value,227.0,Month-to-month,1,DSL,Mailed check,No
8972-HJWNV,Female,1,Yes,No,7,New Customer,84.55,High Value,647.0,Month-to-month,1,Fiber optic,Electronic check,Yes
3274-NSDWE,Female,0,No,No,68,Loyal Customer,19.6,Low Value,1442.0,Two year,0,No,Credit card (automatic),No
2632-IVXVF,Female,0,Yes,Yes,68,Loyal Customer,111.75,High Value,7511.0,Two year,0,Fiber optic,Credit card (automatic),No
3692-JHONH,Female,1,Yes,No,52,Loyal Customer,106.5,High Value,5622.0,One year,0,Fiber optic,Electronic check,No
8915-NNTRC,Male,0,Yes,Yes,72,Loyal Customer,107.7,High Value,7920.0,Two year,0,Fiber optic,Credit card (automatic),No
5914-GXMDA,Female,0,Yes,No,32,Loyal Customer,19.3,Low Value,593.0,One year,0,No,Mailed check,No
7463-IFMQU,Female,0,Yes,No,72,Loyal Customer,20.05,Low Value,1424.0,Two year,0,No,Bank transfer (automatic),No
2920-RNCEZ,Male,0,Yes,Yes,1,New Customer,69.95,Medium Value,70.0,Month-to-month,1,Fiber optic,Credit card (automatic),No
2541-YGPKE,Male,0,Yes,Yes,42,Loyal Customer,63.7,Medium Value,2763.0,One year,0,DSL,Credit card (automatic),No
8515-OCTJS,Female,0,No,No,25,Loyal Customer,24.75,Low Value,692.0,Two year,0,No,Credit card (automatic),Yes
5382-TEMLV,Male,0,No,No,45,Loyal Customer,50.9,Medium Value,2299.0,Month-to-month,1,DSL,Bank transfer (automatic),No
3441-CGZJH,Female,0,Yes,Yes,43,Loyal Customer,60.4,Medium Value,2641.0,One year,0,DSL,Credit card (automatic),No
9592-ERDKV,Male,0,Yes,No,37,Loyal Customer,79.25,High Value,2912.0,One year,0,DSL,Mailed check,No
2860-RANUS,Female,1,No,No,20,Growing Customer,85.8,High Value,1728.0,Month-to-month,1,Fiber optic,Credit card (automatic),Yes
5261-QSHQM,Female,0,No,No,4,New Customer,24.45,Low Value,87.0,Month-to-month,1,DSL,Electronic check,Yes
4778-IZARL,Male,0,Yes,No,63,Loyal Customer,110.1,High Value,6706.0,Two year,0,Fiber optic,Credit card (automatic),No
0432-CAJZV,Male,0,No,No,3,New Customer,90.7,High Value,238.0,Month-to-month,1,Fiber optic,Mailed check,No
7008-LZVOZ,Male,0,Yes,Yes,66,Loyal Customer,25.3,Low Value,1672.0,Two year,0,No,Credit card (automatic),No
8868-WOZGU,Male,0,No,No,28,Loyal Customer,105.7,High Value,2980.0,Month-to-month,1,Fiber optic,Electronic check,Yes
1200-TUZHR,Female,1,No,No,8,New Customer,85.2,High Value,696.0,Month-to-month,1,Fiber optic,Electronic check,No
9365-CSLBQ,Male,0,No,Yes,71,Loyal Customer,24.35,Low Value,1655.0,Two year,0,No,Mailed check,No
1334-FJSVR,Male,0,No,No,1,New Customer,24.25,Low Value,24.0,Month-to-month,1,DSL,Electronic check,Yes
5884-FBCTL,Female,0,Yes,Yes,72,Loyal Customer,25.1,Low Value,1858.0,Two year,0,No,Bank transfer (automatic),No
7130-CTCUS,Male,1,Yes,No,16,Growing Customer,54.55,Medium Value,825.0,Month-to-month,1,DSL,Bank transfer (automatic),No
6242-FEGFD,Male,0,Yes,No,66,Loyal Customer,96.6,High Value,6424.0,Two year,0,Fiber optic,Mailed check,No
7625-XCQRH,Female,0,No,No,11,New Customer,76.5,High Value,838.0,Month-to-month,1,Fiber optic,Electronic check,Yes
6194-HBGQN,Male,0,No,No,51,Loyal Customer,81.15,High Value,4126.0,One year,0,DSL,Credit card (automatic),No
7634-WSWDB,Female,0,No,Yes,8,New Customer,38.5,Medium Value,331.0,Month-to-month,1,DSL,Electronic check,No
6986-IXNDM,Male,0,No,No,14,Growing Customer,92.9,High Value,1337.0,Month-to-month,1,Fiber optic,Electronic check,No
1731-TVIUK,Female,0,No,No,4,New Customer,93.5,High Value,362.0,Month-to-month,1,Fiber optic,Electronic check,Yes
2987-BJXIK,Female,0,No,No,70,Loyal Customer,84.7,High Value,5991.0,Two year,0,DSL,Mailed check,No
9769-TSBZE,Female,0,No,Yes,70,Loyal Customer,66.0,Medium Value,4892.0,Two year,0,DSL,Electronic check,No
0406-BPDVR,Female,1,Yes,No,54,Loyal Customer,101.5,High Value,5373.0,One year,0,Fiber optic,Credit card (automatic),Yes
0618-XWMSS,Male,0,No,Yes,28,Loyal Customer,74.9,High Value,2069.0,Month-to-month,1,Fiber optic,Bank transfer (automatic),Yes
1395-WSWXR,Male,0,No,No,24,Loyal Customer,20.75,Low Value,487.0,Two year,0,No,Mailed check,No
6023-GSSXW,Female,0,Yes,No,69,Loyal Customer,61.45,Medium Value,4131.0,Two year,0,DSL,Credit card (automatic),No
6752-APNJL,Male,0,Yes,Yes,42,Loyal Customer,54.5,Medium Value,2301.0,Month-to-month,1,DSL,Mailed check,No
5276-KQWHG,Female,1,No,No,2,New Customer,69.6,Medium Value,132.0,Month-to-month,1,Fiber optic,Electronic check,Yes
0420-HLGXF,Female,1,No,No,39,Loyal Customer,99.75,High Value,4036.0,Month-to-month,1,Fiber optic,Electronic check,No
7446-KQISO,Male,0,Yes,Yes,45,Loyal Customer,109.75,High Value,4901.0,Two year,0,Fiber optic,Bank transfer (automatic),No
9823-EALYC,Male,0,Yes,Yes,72,Loyal Customer,80.85,High Value,5727.0,Two year,0,DSL,Bank transfer (automatic),No
0582-AVCLN,Female,0,No,No,38,Loyal Customer,20.3,Low Value,743.0,Two year,0,No,Mailed check,No
5803-NQJZO,Male,0,Yes,No,72,Loyal Customer,67.8,Medium Value,4805.0,Two year,0,DSL,Bank transfer (automatic),No
2565-JSLRY,Male,0,No,No,1,New Customer,24.05,Low Value,24.0,Month-to-month,1,No,Mailed check,Yes
2607-DHDAK,Male,0,Yes,Yes,72,Loyal Customer,19.8,Low Value,1415.0,Two year,0,No,Credit card (automatic),No
1073-XXCZD,Male,0,Yes,No,55,Loyal Customer,25.7,Low Value,1444.0,Two year,0,No,Bank transfer (automatic),No
0743-HRVFF,Female,0,Yes,Yes,51,Loyal Customer,56.15,Medium Value,2899.0,One year,0,DSL,Electronic check,No
4006-HKYHO,Male,0,No,No,63,Loyal Customer,86.7,High Value,5310.0,Two year,0,DSL,Bank transfer (automatic),No
3727-JEZTU,Female,0,No,No,1,New Customer,20.4,Low Value,20.0,Month-to-month,1,No,Mailed check,No
8143-ETQTI,Female,0,Yes,Yes,23,Growing Customer,19.65,Low Value,452.0,Two year,0,No,Mailed check,No
6689-KXGBO,Female,0,No,No,1,New Customer,50.55,Medium Value,51.0,Month-to-month,1,DSL,Electronic check,Yes
9667-TKTVZ,Female,0,No,No,2,New Customer,54.35,Medium Value,117.0,Month-to-month,1,DSL,Mailed check,No
3657-COGMW,Female,1,No,No,52,Loyal Customer,108.1,High Value,5839.0,Month-to-month,1,Fiber optic,Credit card (automatic),No
8570-KLJYJ,Female,0,No,No,36,Loyal Customer,54.45,Medium Value,1894.0,One year,0,DSL,Mailed check,No
7754-IXRMC,Female,0,No,No,1,New Customer,45.35,Medium Value,45.0,Month-to-month,1,DSL,Mailed check,No
9473-CBZOP,Female,0,No,No,28,Loyal Customer,59.0,Medium Value,1654.0,One year,0,DSL,Mailed check,No
2969-WGHQO,Female,0,Yes,Yes,7,New Customer,69.45,Medium Value,477.0,One year,0,DSL,Electronic check,No
6615-NGGZJ,Male,0,No,No,14,Growing Customer,100.55,High Value,1416.0,Month-to-month,1,Fiber optic,Electronic check,Yes
4334-HOWRP,Male,1,Yes,No,72,Loyal Customer,64.95,Medium Value,4546.0,Two year,0,DSL,Credit card (automatic),No
4255-DDUOU,Female,0,Yes,Yes,1,New Customer,20.5,Low Value,21.0,Month-to-month,1,No,Mailed check,Yes
5863-OOKCL,Female,0,No,No,10,New Customer,18.85,Low Value,163.0,Month-to-month,1,No,Mailed check,No
1686-STUHN,Male,0,No,No,42,Loyal Customer,19.8,Low Value,850.0,One year,0,No,Bank transfer (automatic),No
1329-VHWNP,Female,0,No,No,7,New Customer,25.05,Low Value,190.0,Month-to-month,1,DSL,Bank transfer (automatic),No
2984-MIIZL,Male,0,No,No,4,New Customer,74.8,High Value,322.0,Month-to-month,1,Fiber optic,Bank transfer (automatic),Yes
0266-GMEAO,Male,0,Yes,Yes,72,Loyal Customer,114.3,High Value,8059.0,Two year,0,Fiber optic,Credit card (automatic),No
5590-YRFJT,Female,0,Yes,No,20,Growing Customer,24.45,Low Value,483.0,Month-to-month,1,DSL,Electronic check,Yes
5574-NXZIU,Male,0,No,No,63,Loyal Customer,109.2,High Value,7050.0,Two year,0,Fiber optic,Credit card (automatic),No
0019-GFNTW,Female,0,No,No,56,Loyal Customer,45.05,Medium Value,2560.0,Two year,0,DSL,Bank transfer (automatic),No
4256-ZWTZI,Female,0,No,Yes,5,New Customer,51.0,Medium Value,287.0,Month-to-month,1,DSL,Mailed check,No
8309-PPCED,Female,0,Yes,No,72,Loyal Customer,110.45,High Value,7983.0,Two year,0,Fiber optic,Bank transfer (automatic),No
4098-NAUKP,Male,1,Yes,Yes,68,Loyal Customer,84.65,High Value,5684.0,Month-to-month,1,Fiber optic,Electronic check,No
5196-WPYOW,Male,0,Yes,Yes,67,Loyal Customer,60.05,Medium Value,3994.0,One year,0,DSL,Mailed check,No
4608-LCIMN,Male,0,Yes,Yes,8,New Customer,44.65,Medium Value,369.0,Month-to-month,1,DSL,Bank transfer (automatic),No
1485-YDHMM,Male,0,Yes,Yes,52,Loyal Customer,93.25,High Value,4632.0,Month-to-month,1,Fiber optic,Bank transfer (automatic),No
4054-CUMIA,Female,0,Yes,Yes,18,Growing Customer,20.25,Low Value,402.0,Month-to-month,1,No,Mailed check,No
0603-TPMIB,Female,0,Yes,Yes,59,Loyal Customer,25.45,Low Value,1534.0,Two year,0,No,Mailed check,No
2525-GVKQU,Female,0,No,No,60,Loyal Customer,20.6,Low Value,1093.0,Two year,0,No,Mailed check,No
8161-QYMTT,Male,0,No,No,7,New Customer,94.1,High Value,701.0,Month-to-month,1,Fiber optic,Electronic check,No
9581-GVBXT,Male,0,Yes,Yes,59,Loyal Customer,34.8,Low Value,1980.0,One year,0,DSL,Mailed check,No
5862-BRIXZ,Male,0,No,No,46,Loyal Customer,60.75,Medium Value,2893.0,Two year,0,DSL,Bank transfer (automatic),No
5404-GGUKR,Male,0,No,No,5,New Customer,51.35,Medium Value,262.0,Month-to-month,1,DSL,Electronic check,No
3308-JSGML,Male,1,Yes,No,59,Loyal Customer,64.05,Medium Value,3887.0,Two year,0,DSL,Credit card (automatic),No
2126-GSEGL,Female,0,Yes,No,70,Loyal Customer,84.8,High Value,5918.0,Two year,0,DSL,Bank transfer (automatic),No
3677-TNKIO,Female,0,No,No,14,Growing Customer,71.0,High Value,914.0,Month-to-month,1,Fiber optic,Credit card (automatic),Yes
0440-QEXBZ,Female,0,No,No,44,Loyal Customer,50.15,Medium Value,2139.0,Month-to-month,1,DSL,Mailed check,No
2434-EEVDB,Female,0,Yes,No,64,Loyal Customer,94.6,High Value,5949.0,Two year,0,Fiber optic,Credit card (automatic),No
6762-QVYJO,Female,0,Yes,Yes,58,Loyal Customer,59.75,Medium Value,3624.0,Two year,0,DSL,Mailed check,No
6199-IWKGC,Female,1,Yes,No,46,Loyal Customer,100.25,High Value,4754.0,One year,0,Fiber optic,Electronic check,No
2675-DHUTR,Male,1,Yes,No,58,Loyal Customer,98.9,High Value,5781.0,Month-to-month,1,Fiber optic,Electronic check,No
8152-VETUR,Female,0,Yes,No,72,Loyal Customer,97.7,High Value,6870.0,Two year,0,Fiber optic,Credit card (automatic),No
9667-EQRXU,Female,1,No,No,30,Loyal Customer,40.3,Medium Value,1173.0,Month-to-month,1,DSL,Electronic check,Yes
7446-YPODE,Male,1,No,No,11,New Customer,60.25,Medium Value,663.0,Month-to-month,1,DSL,Bank transfer (automatic),No
9522-BNTHX,Female,1,No,No,34,Loyal Customer,56.25,Medium Value,1766.0,Month-to-month,1,DSL,Electronic check,No
4676-WLUHT,Male,0,No,No,54,Loyal Customer,46.2,Medium Value,2432.0,Two year,0,DSL,Bank transfer (automatic),No
3329-WDIOK,Female,0,No,No,3,New Customer,50.6,Medium Value,155.0,Month-to-month,1,DSL,Electronic check,Yes
7980-MHFLQ,Female,0,Yes,Yes,72,Loyal Customer,24.9,Low Value,1859.0,Two year,0,No,Mailed check,No
2873-ZLIWT,Female,0,Yes,Yes,40,Loyal Customer,84.85,High Value,3303.0,Month-to-month,1,Fiber optic,Electronic check,Yes
3415-TAILE,Female,0,Yes,Yes,2,New Customer,65.7,Medium Value,134.0,Month-to-month,1,DSL,Mailed check,Yes
0757-WCUUZ,Male,0,Yes,Yes,54,Loyal Customer,63.35,Medium Value,3409.0,Two year,0,DSL,Credit card (automatic),No
1629-DQQVB,Female,0,No,No,14,Growing Customer,50.1,Medium Value,710.0,Month-to-month,1,DSL,Bank transfer (automatic),No
1915-IOFGU,Female,0,No,No,1,New Customer,70.5,High Value,71.0,Month-to-month,1,Fiber optic,Electronic check,Yes
3045-XETSH,Female,0,No,No,10,New Customer,94.85,High Value,953.0,Month-to-month,1,Fiber optic,Electronic check,Yes
0374-AACSZ,Female,0,No,No,1,New Customer,50.15,Medium Value,50.0,Month-to-month,1,DSL,Electronic check,No
7239-HZZCX,Male,0,No,No,1,New Customer,19.75,Low Value,20.0,Month-to-month,1,No,Mailed check,Yes
4872-VXRIL,Male,0,No,No,56,Loyal Customer,64.65,Medium Value,3666.0,One year,0,DSL,Bank transfer (automatic),No
9140-CZQZZ,Female,0,Yes,No,68,Loyal Customer,79.6,High Value,5516.0,Two year,0,DSL,Bank transfer (automatic),No
3423-HHXAO,Female,0,Yes,Yes,14,Growing Customer,19.5,Low Value,272.0,One year,0,No,Mailed check,No
9938-TKDGL,Male,0,Yes,Yes,68,Loyal Customer,99.55,High Value,6668.0,Two year,0,Fiber optic,Electronic check,No
0531-ZZJWQ,Male,1,Yes,No,55,Loyal Customer,74.0,High Value,4052.0,Month-to-month,1,Fiber optic,Electronic check,No
6537-QLGEX,Female,0,No,No,16,Growing Customer,38.9,Medium Value,664.0,Month-to-month,1,DSL,Electronic check,No
2688-BHGOG,Male,1,No,No,9,New Customer,79.55,High Value,719.0,Month-to-month,1,Fiber optic,Electronic check,No
7683-CBDKJ,Male,0,Yes,Yes,14,Growing Customer,65.45,Medium Value,938.0,Month-to-month,1,DSL,Electronic check,Yes
0946-CLJTI,Male,1,Yes,No,58,Loyal Customer,98.7,High Value,5813.0,Month-to-month,1,Fiber optic,Electronic check,Yes
3160-TYXLT,Male,0,No,No,53,Loyal Customer,46.3,Medium Value,2547.0,Month-to-month,1,DSL,Bank transfer (automatic),No
1325-USMEC,Male,0,Yes,No,70,Loyal Customer,99.35,High Value,6945.0,Two year,0,Fiber optic,Credit card (automatic),No
0916-QOFDP,Female,1,Yes,Yes,14,Growing Customer,95.8,High Value,1346.0,Month-to-month,1,Fiber optic,Electronic check,No
0628-CNQRM,Male,0,Yes,Yes,22,Growing Customer,67.5,Medium Value,1544.0,One year,0,DSL,Bank transfer (automatic),Yes
5606-AMZBO,Female,0,Yes,No,10,New Customer,78.15,High Value,765.0,Month-to-month,1,Fiber optic,Credit card (automatic),No
6199-IPCAO,Female,0,Yes,Yes,29,Loyal Customer,26.1,Low Value,693.0,Two year,0,No,Mailed check,No
7665-TOALD,Female,0,No,No,1,New Customer,69.6,Medium Value,70.0,Month-to-month,1,Fiber optic,Electronic check,Yes
0112-QWPNC,Male,0,Yes,No,49,Loyal Customer,84.35,High Value,4059.0,One year,0,DSL,Electronic check,Yes
0324-BRPCJ,Female,1,Yes,No,68,Loyal Customer,100.2,High Value,6852.0,Month-to-month,1,Fiber optic,Electronic check,Yes
2777-PHDEI,Female,0,No,No,1,New Customer,78.05,High Value,78.0,Month-to-month,1,Fiber optic,Electronic check,Yes
5640-CAXOA,Female,0,No,No,30,Loyal Customer,40.35,Medium Value,1187.0,One year,0,DSL,Credit card (automatic),No
2235-EZAIK,Female,0,Yes,No,72,Loyal Customer,79.2,High Value,5402.0,Two year,0,DSL,Credit card (automatic),No
3847-BAERP,Female,0,No,No,10,New Customer,20.9,Low Value,247.0,Month-to-month,1,No,Mailed check,No
1196-AMORA,Male,0,No,No,7,New Customer,73.6,High Value,520.0,Month-to-month,1,Fiber optic,Electronic check,Yes
4282-YMKNA,Female,0,No,No,9,New Customer,74.75,High Value,707.0,Month-to-month,1,Fiber optic,Electronic check,Yes
1453-RZFON,Female,0,No,Yes,1,New Customer,49.9,Medium Value,50.0,Month-to-month,1,DSL,Mailed check,No
8263-OKETD,Female,0,No,No,20,Growing Customer,68.9,Medium Value,1370.0,Month-to-month,1,DSL,Credit card (automatic),No
0670-KDOMA,Female,0,No,No,1,New Customer,20.25,Low Value,20.0,Month-to-month,1,No,Mailed check,No
2476-YGEFM,Female,0,No,No,29,Loyal Customer,76.0,High Value,2215.0,Month-to-month,1,Fiber optic,Credit card (automatic),No
8687-BAFGU,Male,0,No,No,1,New Customer,74.0,High Value,74.0,Month-to-month,1,Fiber optic,Electronic check,No
0641-EVBOJ,Male,0,No,No,3,New Customer,82.3,High Value,214.0,Month-to-month,1,Fiber optic,Mailed check,No
0829-XXPLX,Female,0,No,No,20,Growing Customer,89.4,High Value,1871.0,Month-to-month,1,Fiber optic,Bank transfer (automatic),No
9974-JFBHQ,Male,0,No,Yes,64,Loyal Customer,99.15,High Value,6171.0,Month-to-month,1,Fiber optic,Credit card (automatic),No
5356-RHIPP,Male,0,No,No,1,New Customer,20.2,Low Value,20.0,Month-to-month,1,No,Mailed check,Yes
6624-JDRDS,Female,0,No,No,6,New Customer,29.45,Low Value,161.0,Month-to-month,1,DSL,Bank transfer (automatic),No
0608-JDVEC,Male,0,Yes,No,50,Loyal Customer,19.8,Low Value,1013.0,Two year,0,No,Electronic check,No
9780-FKVVF,Male,0,No,No,6,New Customer,59.15,Medium Value,337.0,Month-to-month,1,DSL,Bank transfer (automatic),No
1919-RTPQD,Male,0,Yes,Yes,7,New Customer,44.75,Medium Value,334.0,Month-to-month,1,DSL,Electronic check,No
5214-NLTIT,Male,0,Yes,Yes,72,Loyal Customer,90.8,High Value,6512.0,Two year,0,Fiber optic,Credit card (automatic),No
3345-PBBFH,Male,0,Yes,No,8,New Customer,49.55,Medium Value,393.0,Month-to-month,1,DSL,Bank transfer (automatic),No
5055-BRMNE,Female,0,Yes,Yes,67,Loyal Customer,106.7,High Value,7010.0,Two year,0,Fiber optic,Credit card (automatic),No
9189-JWSHV,Female,1,Yes,No,24,Loyal Customer,93.55,High Value,2264.0,Month-to-month,1,Fiber optic,Electronic check,Yes
2190-PHBHR,Female,0,Yes,No,72,Loyal Customer,94.45,High Value,6922.0,Two year,0,Fiber optic,Credit card (automatic),No
2650-GYRYL,Male,0,Yes,Yes,33,Loyal Customer,19.45,Low Value,600.0,One year,0,No,Bank transfer (automatic),No
0746-JTRFU,Male,0,No,No,2,New Customer,25.05,Low Value,56.0,Month-to-month,1,DSL,Electronic check,Yes
5208-FVQKB,Male,0,Yes,No,70,Loyal Customer,67.95,Medium Value,4664.0,Two year,0,DSL,Mailed check,No
7184-LRUUR,Female,0,No,No,22,Growing Customer,65.25,Medium Value,1442.0,One year,0,DSL,Bank transfer (automatic),No
6627-CFOSN,Female,0,No,No,59,Loyal Customer,99.45,High Value,5624.0,Month-to-month,1,Fiber optic,Bank transfer (automatic),No
3982-JGSFD,Male,0,No,No,36,Loyal Customer,20.35,Low Value,696.0,One year,0,No,Credit card (automatic),No
1574-DYCWE,Female,0,Yes,Yes,51,Loyal Customer,19.95,Low Value,1029.0,Two year,0,No,Mailed check,No
7247-XOZPB,Male,0,Yes,No,53,Loyal Customer,77.4,High Value,4156.0,One year,0,DSL,Bank transfer (automatic),No
2466-FCCPT,Female,0,Yes,Yes,20,Growing Customer,19.7,Low Value,396.0,One year,0,No,Bank transfer (automatic),No
6211-WWLTF,Male,0,Yes,No,63,Loyal Customer,99.7,High Value,6330.0,Two year,0,Fiber optic,Credit card (automatic),No
4826-TZEVA,Female,0,No,No,40,Loyal Customer,74.8,High Value,2972.0,Month-to-month,1,Fiber optic,Credit card (automatic),No
6016-NXBNJ,Male,0,No,No,35,Loyal Customer,19.15,Low Value,638.0,One year,0,No,Mailed check,No
9138-EFSMO,Male,0,Yes,Yes,26,Loyal Customer,78.95,High Value,2034.0,One year,0,Fiber optic,Bank transfer (automatic),No
0576-WNXXC,Male,1,Yes,No,27,Loyal Customer,95.55,High Value,2510.0,Month-to-month,1,Fiber optic,Electronic check,Yes
4632-XJMEX,Male,0,No,Yes,53,Loyal Customer,62.85,Medium Value,3420.0,One year,0,DSL,Credit card (automatic),No
8910-LEDAG,Male,1,Yes,No,34,Loyal Customer,71.55,High Value,2427.0,Month-to-month,1,Fiber optic,Credit card (automatic),No
3452-GWUIN,Female,1,Yes,No,19,Growing Customer,94.95,High Value,1760.0,Month-to-month,1,Fiber optic,Electronic check,No
2716-GFZOR,Male,0,Yes,No,43,Loyal Customer,86.1,High Value,3552.0,Month-to-month,1,Fiber optic,Credit card (automatic),No
3724-UCSHY,Male,0,Yes,Yes,6,New Customer,19.55,Low Value,123.0,Month-to-month,1,No,Mailed check,No
8626-XHBIE,Male,0,No,Yes,56,Loyal Customer,24.8,Low Value,1424.0,Two year,0,No,Mailed check,No
4628-CTTLA,Male,0,No,No,57,Loyal Customer,39.3,Medium Value,2111.0,Month-to-month,1,DSL,Electronic check,Yes
3192-LNKRK,Male,0,Yes,Yes,34,Loyal Customer,84.05,High Value,2910.0,Month-to-month,1,Fiber optic,Mailed check,No
4439-YRNVD,Female,0,No,No,10,New Customer,36.25,Medium Value,374.0,Month-to-month,1,DSL,Electronic check,No
2876-VBBBL,Female,0,No,No,1,New Customer,20.25,Low Value,20.0,Month-to-month,1,No,Mailed check,Yes
6834-NXDCA,Female,0,No,No,13,Growing Customer,23.9,Low Value,301.0,Month-to-month,1,DSL,Electronic check,Yes
2208-UGTGR,Male,0,No,No,56,Loyal Customer,98.6,High Value,5581.0,Month-to-month,1,Fiber optic,Electronic check,No
3005-TYFRD,Female,0,Yes,No,55,Loyal Customer,103.65,High Value,5677.0,Month-to-month,1,Fiber optic,Credit card (automatic),No
8670-MEFCP,Female,0,Yes,Yes,36,Loyal Customer,92.9,High Value,3379.0,Two year,0,DSL,Credit card (automatic),No
3079-BCHLN,Male,0,Yes,No,47,Loyal Customer,19.9,Low Value,943.0,One year,0,No,Bank transfer (automatic),No
7777-UNYHB,Female,0,Yes,Yes,12,Growing Customer,20.1,Low Value,232.0,Month-to-month,1,No,Credit card (automatic),No
5597-GLBUC,Female,0,No,No,1,New Customer,85.45,High Value,85.0,Month-to-month,1,Fiber optic,Electronic check,Yes
7278-CKDNC,Male,1,No,No,24,Loyal Customer,80.5,High Value,2088.0,Month-to-month,1,Fiber optic,Electronic check,No
2748-MYRVK,Female,0,No,No,63,Loyal Customer,99.9,High Value,6137.0,One year,0,Fiber optic,Bank transfer (automatic),Yes
8450-UYIBU,Female,1,No,No,35,Loyal Customer,39.85,Medium Value,1435.0,Month-to-month,1,DSL,Electronic check,No
2969-VAPYH,Female,0,No,No,67,Loyal Customer,60.5,Medium Value,3870.0,One year,0,DSL,Credit card (automatic),No
4822-YCXMX,Male,0,No,No,25,Loyal Customer,84.8,High Value,2043.0,Month-to-month,1,Fiber optic,Electronic check,Yes
7181-OQCUT,Male,0,No,No,21,Growing Customer,103.85,High Value,2215.0,Month-to-month,1,Fiber optic,Mailed check,No
8474-UMLNT,Female,0,No,No,13,Growing Customer,67.8,Medium Value,842.0,Month-to-month,1,DSL,Bank transfer (automatic),No
9821-POOTN,Male,0,Yes,No,35,Loyal Customer,75.2,High Value,2576.0,Month-to-month,1,Fiber optic,Electronic check,Yes
3836-FZSDJ,Male,1,Yes,No,71,Loyal Customer,24.85,Low Value,1901.0,Two year,0,No,Bank transfer (automatic),No
9142-XMYJH,Female,0,No,No,29,Loyal Customer,19.35,Low Value,602.0,Month-to-month,1,No,Credit card (automatic),No
6559-ILWKJ,Male,0,Yes,No,71,Loyal Customer,49.35,Medium Value,3515.0,Two year,0,DSL,Electronic check,Yes
0187-QSXOE,Male,1,Yes,No,7,New Customer,89.0,High Value,605.0,Month-to-month,1,Fiber optic,Electronic check,No
7733-UDMTP,Female,1,No,No,57,Loyal Customer,55.0,Medium Value,3094.0,Month-to-month,1,DSL,Electronic check,No
2649-HWLYB,Male,0,Yes,No,65,Loyal Customer,76.15,High Value,4930.0,Two year,0,DSL,Bank transfer (automatic),No
5214-CHIWJ,Male,0,No,No,27,Loyal Customer,20.3,Low Value,595.0,One year,0,No,Mailed check,No
4229-CZMLL,Male,0,No,No,6,New Customer,74.9,High Value,470.0,Month-to-month,1,Fiber optic,Electronic check,Yes
6904-JLBGY,Female,1,No,No,72,Loyal Customer,117.35,High Value,8436.0,Two year,0,Fiber optic,Credit card (automatic),No
2465-BLLEU,Male,0,No,No,1,New Customer,19.75,Low Value,20.0,Month-to-month,1,No,Mailed check,No
1685-VAYJF,Male,0,No,No,11,New Customer,45.2,Medium Value,492.0,Month-to-month,1,DSL,Credit card (automatic),No
8874-EJNSR,Male,0,Yes,Yes,39,Loyal Customer,25.2,Low Value,988.0,Two year,0,No,Mailed check,No
6917-YACBP,Female,1,No,No,59,Loyal Customer,89.75,High Value,5497.0,Month-to-month,1,Fiber optic,Electronic check,No
5049-MUBWG,Male,0,No,No,26,Loyal Customer,75.0,High Value,1908.0,One year,0,DSL,Bank transfer (automatic),No
4223-WOZCM,Male,1,No,No,2,New Customer,49.95,Medium Value,107.0,Month-to-month,1,DSL,Mailed check,No
0769-MURVM,Female,0,Yes,Yes,72,Loyal Customer,65.7,Medium Value,4575.0,Two year,0,DSL,Bank transfer (automatic),No
9253-VIFJQ,Male,0,Yes,No,65,Loyal Customer,67.05,Medium Value,4310.0,One year,0,DSL,Credit card (automatic),No
7030-FZTFM,Male,0,Yes,Yes,72,Loyal Customer,110.9,High Value,7923.0,Two year,0,Fiber optic,Credit card (automatic),No
9741-YLNTD,Male,0,No,No,6,New Customer,87.95,High Value,522.0,Month-to-month,1,Fiber optic,Bank transfer (automatic),No
5917-RYRMG,Male,1,No,No,32,Loyal Customer,19.8,Low Value,588.0,One year,0,No,Credit card (automatic),No
5120-ZBLAI,Female,0,Yes,No,50,Loyal Customer,75.7,High Value,3876.0,One year,0,DSL,Bank transfer (automatic),No
1194-BHJYC,Male,0,Yes,No,61,Loyal Customer,62.15,Medium Value,3779.0,Two year,0,DSL,Mailed check,No
3663-MITLP,Female,0,No,No,15,Growing Customer,101.25,High Value,1457.0,Month-to-month,1,Fiber optic,Electronic check,Yes
0906-QVPMS,Male,0,Yes,No,72,Loyal Customer,115.15,High Value,8349.0,Two year,0,Fiber optic,Bank transfer (automatic),No
9025-ZRPVR,Male,0,No,No,9,New Customer,18.95,Low Value,186.0,Month-to-month,1,No,Mailed check,Yes
1905-OEILC,Female,0,No,No,1,New Customer,19.5,Low Value,20.0,Month-to-month,1,No,Mailed check,No
7858-GTZSP,Female,0,No,No,12,Growing Customer,86.55,High Value,1067.0,Month-to-month,1,Fiber optic,Electronic check,No
3285-UCQVC,Female,0,No,No,37,Loyal Customer,28.6,Low Value,974.0,Month-to-month,1,DSL,Credit card (automatic),Yes
6248-BSHKG,Male,0,Yes,Yes,61,Loyal Customer,20.4,Low Value,1226.0,One year,0,No,Mailed check,No
4685-TFLLS,Male,0,Yes,Yes,18,Growing Customer,19.8,Low Value,342.0,One year,0,No,Bank transfer (automatic),No
3470-BTGQO,Male,0,No,Yes,21,Growing Customer,45.65,Medium Value,985.0,Month-to-month,1,DSL,Mailed check,No
1209-VFFOC,Male,0,Yes,Yes,68,Loyal Customer,56.4,Medium Value,3948.0,Two year,0,DSL,Mailed check,No
8224-DWCKX,Male,1,No,No,12,Growing Customer,73.3,High Value,828.0,Month-to-month,1,Fiber optic,Credit card (automatic),No
5482-PLVPE,Female,1,No,No,2,New Customer,24.35,Low Value,42.0,Month-to-month,1,DSL,Electronic check,Yes
4553-DVPZG,Female,0,Yes,No,62,Loyal Customer,101.35,High Value,6165.0,Month-to-month,1,Fiber optic,Electronic check,No
4902-OHLSK,Female,1,No,No,29,Loyal Customer,98.65,High Value,2863.0,Month-to-month,1,Fiber optic,Electronic check,Yes
6917-IAYHD,Male,0,No,Yes,1,New Customer,33.6,Low Value,34.0,Month-to-month,1,DSL,Mailed check,No
0495-ZBNGW,Male,1,Yes,No,5,New Customer,79.9,High Value,344.0,Month-to-month,1,Fiber optic,Bank transfer (automatic),Yes
8620-RJPZN,Female,0,No,No,1,New Customer,20.7,Low Value,21.0,Month-to-month,1,No,Electronic check,No
7572-KPVKK,Male,0,No,Yes,62,Loyal Customer,104.05,High Value,6591.0,Two year,0,Fiber optic,Electronic check,No
2642-MAWLJ,Female,0,Yes,Yes,36,Loyal Customer,20.25,Low Value,718.0,Two year,0,No,Bank transfer (automatic),No
2357-COQEK,Female,1,No,No,28,Loyal Customer,103.3,High Value,2891.0,Month-to-month,1,Fiber optic,Electronic check,Yes
7103-ZGVNT,Female,0,Yes,Yes,69,Loyal Customer,73.7,High Value,4886.0,One year,0,DSL,Credit card (automatic),No
3737-GCSPV,Female,0,Yes,No,11,New Customer,96.2,High Value,1222.0,Month-to-month,1,Fiber optic,Credit card (automatic),Yes
2027-WKXMW,Female,0,Yes,No,63,Loyal Customer,108.75,High Value,6872.0,Month-to-month,1,Fiber optic,Electronic check,No
7137-NAXML,Male,0,No,No,23,Growing Customer,20.15,Low Value,406.0,One year,0,No,Bank transfer (automatic),No
2428-ZMCTB,Male,0,No,No,10,New Customer,19.75,Low Value,208.0,Month-to-month,1,No,Credit card (automatic),No
2961-VNFKL,Female,0,Yes,No,71,Loyal Customer,25.95,Low Value,1802.0,Two year,0,No,Credit card (automatic),No
1768-HNVGJ,Female,1,No,No,45,Loyal Customer,70.05,High Value,3062.0,Month-to-month,1,DSL,Electronic check,No
6963-KQYQB,Female,0,Yes,Yes,70,Loyal Customer,24.05,Low Value,1765.0,Two year,0,No,Mailed check,No
5934-RMPOV,Female,0,No,Yes,22,Growing Customer,84.75,High Value,1817.0,Month-to-month,1,Fiber optic,Electronic check,No
1207-BLKSA,Female,0,Yes,Yes,52,Loyal Customer,23.05,Low Value,1255.0,Two year,0,No,Mailed check,No
4088-YLDSU,Male,0,Yes,No,55,Loyal Customer,104.15,High Value,5743.0,One year,0,Fiber optic,Electronic check,Yes
8316-BBQAY,Female,0,No,No,65,Loyal Customer,59.95,Medium Value,3921.0,Two year,0,DSL,Credit card (automatic),No
1166-PQLGG,Female,0,Yes,Yes,72,Loyal Customer,19.55,Low Value,1463.0,Two year,0,No,Bank transfer (automatic),No
3146-JTQHR,Male,0,Yes,No,10,New Customer,19.6,Low Value,189.0,One year,0,No,Bank transfer (automatic),No
4291-YZODP,Female,0,No,Yes,7,New Customer,20.05,Low Value,97.0,One year,0,No,Mailed check,No
4395-PZMSN,Male,1,No,No,5,New Customer,85.55,High Value,409.0,Month-to-month,1,Fiber optic,Electronic check,No
6427-FEFIG,Female,0,Yes,Yes,24,Loyal Customer,78.6,High Value,1847.0,Two year,0,DSL,Credit card (automatic),No
0017-IUDMW,Female,0,Yes,Yes,72,Loyal Customer,116.8,High Value,8457.0,Two year,0,Fiber optic,Credit card (automatic),No
8706-HRADD,Male,0,No,No,21,Growing Customer,43.55,Medium Value,1012.0,Month-to-month,1,DSL,Mailed check,No
9955-QOPOY,Male,0,Yes,No,69,Loyal Customer,60.8,Medium Value,4263.0,One year,0,DSL,Credit card (automatic),No
4385-ZKVNW,Male,0,Yes,Yes,44,Loyal Customer,54.9,Medium Value,2549.0,Month-to-month,1,DSL,Bank transfer (automatic),No
5446-DKWYW,Female,1,Yes,Yes,61,Loyal Customer,65.2,Medium Value,3965.0,One year,0,DSL,Electronic check,No
2034-CGRHZ,Male,1,No,No,24,Loyal Customer,102.95,High Value,2497.0,Month-to-month,1,Fiber optic,Credit card (automatic),Yes
5797-APWZC,Female,0,No,No,1,New Customer,90.6,High Value,91.0,Month-to-month,1,Fiber optic,Electronic check,Yes
3683-QKIUE,Female,0,No,No,6,New Customer,50.8,Medium Value,288.0,Month-to-month,1,DSL,Bank transfer (automatic),Yes
4228-ZGYUW,Male,0,No,No,4,New Customer,90.05,High Value,368.0,Month-to-month,1,Fiber optic,Electronic check,Yes
9031-ZVQPT,Male,0,Yes,No,72,Loyal Customer,108.2,High Value,7841.0,Two year,0,Fiber optic,Electronic check,No
2990-IAJSV,Male,0,No,No,72,Loyal Customer,92.0,High Value,6633.0,Two year,0,DSL,Bank transfer (automatic),No
8107-KNCIM,Male,1,Yes,No,14,Growing Customer,75.1,High Value,1013.0,Month-to-month,1,Fiber optic,Electronic check,No
9027-YFHQJ,Male,0,No,No,7,New Customer,25.05,Low Value,153.0,Month-to-month,1,No,Bank transfer (automatic),No
5176-LDKUH,Female,0,No,No,48,Loyal Customer,75.15,High Value,3773.0,One year,0,Fiber optic,Electronic check,No
4644-OBGFZ,Male,0,Yes,Yes,55,Loyal Customer,19.5,Low Value,1026.0,One year,0,No,Mailed check,No
7926-IJOOU,Male,0,No,No,1,New Customer,19.3,Low Value,19.0,Month-to-month,1,No,Credit card (automatic),No
6480-YAGIY,Male,0,No,No,45,Loyal Customer,112.2,High Value,5032.0,One year,0,Fiber optic,Credit card (automatic),No
4029-HPFVY,Male,0,No,No,3,New Customer,70.3,High Value,220.0,Month-to-month,1,Fiber optic,Mailed check,No
7602-DBTOU,Female,0,Yes,No,71,Loyal Customer,19.6,Low Value,1417.0,Two year,0,No,Mailed check,No
5345-BMKWB,Male,0,Yes,No,8,New Customer,20.25,Low Value,158.0,Month-to-month,1,No,Mailed check,No
3519-ZKXGG,Female,0,Yes,No,3,New Customer,75.85,High Value,257.0,Month-to-month,1,Fiber optic,Electronic check,Yes
5457-COLHT,Male,0,Yes,Yes,69,Loyal Customer,80.65,High Value,5543.0,Two year,0,DSL,Bank transfer (automatic),No
6416-TVAIH,Male,0,Yes,Yes,1,New Customer,68.5,Medium Value,69.0,Month-to-month,1,Fiber optic,Electronic check,Yes
5451-YHYPW,Female,1,Yes,No,72,Loyal Customer,115.75,High Value,8444.0,Two year,0,Fiber optic,Credit card (automatic),No
5108-ADXWO,Male,0,No,No,11,New Customer,73.5,High Value,792.0,Month-to-month,1,Fiber optic,Electronic check,Yes
7998-WNZEM,Male,0,No,No,71,Loyal Customer,80.6,High Value,5708.0,Two year,0,DSL,Bank transfer (automatic),No
3066-RRJIO,Female,0,No,No,1,New Customer,69.95,Medium Value,70.0,Month-to-month,1,Fiber optic,Mailed check,Yes
4664-NJCMS,Female,0,Yes,No,33,Loyal Customer,59.55,Medium Value,2016.0,Two year,0,DSL,Bank transfer (automatic),No
0307-BCOPK,Female,0,No,No,16,Growing Customer,19.05,Low Value,327.0,One year,0,No,Mailed check,No
7629-WFGLW,Female,1,Yes,No,56,Loyal Customer,95.65,High Value,5472.0,One year,0,Fiber optic,Electronic check,No
2542-HYGIQ,Female,0,No,No,1,New Customer,19.95,Low Value,20.0,Month-to-month,1,No,Credit card (automatic),No
6715-OFDBP,Male,0,No,No,5,New Customer,70.05,High Value,346.0,Month-to-month,1,DSL,Electronic check,Yes
5016-LIPDW,Male,0,Yes,Yes,57,Loyal Customer,19.4,Low Value,1062.0,One year,0,No,Mailed check,No
6481-LXPWL,Male,0,Yes,Yes,56,Loyal Customer,36.1,Medium Value,1972.0,One year,0,DSL,Credit card (automatic),No
1567-DSCIC,Male,0,No,No,8,New Customer,94.0,High Value,774.0,Month-to-month,1,Fiber optic,Electronic check,Yes
2150-UWTFY,Female,0,Yes,Yes,22,Growing Customer,61.15,Medium Value,1422.0,Month-to-month,1,DSL,Mailed check,Yes
6124-ACRHJ,Female,0,No,No,1,New Customer,19.75,Low Value,20.0,Month-to-month,1,No,Mailed check,No
9362-MWODR,Female,0,No,Yes,40,Loyal Customer,64.1,Medium Value,2460.0,Month-to-month,1,DSL,Credit card (automatic),No
9975-GPKZU,Male,0,Yes,Yes,46,Loyal Customer,19.75,Low Value,857.0,Two year,0,No,Credit card (automatic),No
9625-RZFUK,Male,0,Yes,Yes,63,Loyal Customer,19.7,Low Value,1276.0,Two year,0,No,Mailed check,No
5153-LXKDT,Male,0,Yes,Yes,68,Loyal Customer,110.2,High Value,7468.0,Two year,0,Fiber optic,Electronic check,No
5161-UBZXI,Male,0,Yes,Yes,69,Loyal Customer,106.35,High Value,7262.0,Two year,0,Fiber optic,Credit card (automatic),No
1020-JPQOW,Female,0,Yes,No,56,Loyal Customer,90.55,High Value,5117.0,Month-to-month,1,Fiber optic,Electronic check,No
7919-ZODZZ,Female,0,Yes,Yes,10,New Customer,65.9,Medium Value,660.0,One year,0,DSL,Mailed check,No
0565-JUPYD,Male,0,No,No,63,Loyal Customer,104.5,High Value,6591.0,One year,0,Fiber optic,Credit card (automatic),No
6867-ACCZI,Female,0,Yes,Yes,24,Loyal Customer,52.5,Medium Value,1208.0,Two year,0,DSL,Mailed check,No
5939-XAIXZ,Female,0,No,No,19,Growing Customer,56.1,Medium Value,1034.0,Month-to-month,1,DSL,Mailed check,No
9054-FOWNV,Male,0,Yes,Yes,22,Growing Customer,88.75,High Value,1885.0,Month-to-month,1,Fiber optic,Electronic check,No
2683-BPJSO,Male,0,Yes,No,29,Loyal Customer,84.45,High Value,2467.0,Month-to-month,1,Fiber optic,Electronic check,Yes
2157-MXBJS,Male,0,Yes,No,13,Growing Customer,75.3,High Value,989.0,One year,0,DSL,Mailed check,Yes
8207-VVMYB,Female,0,Yes,No,70,Loyal Customer,26.0,Low Value,2007.0,Two year,0,No,Bank transfer (automatic),No
9732-EQMWY,Female,0,Yes,No,49,Loyal Customer,99.4,High Value,5025.0,Month-to-month,1,Fiber optic,Electronic check,No
9360-AHGNL,Female,1,Yes,No,43,Loyal Customer,109.55,High Value,4830.0,One year,0,Fiber optic,Mailed check,Yes
1087-UDSIH,Female,0,No,No,3,New Customer,19.6,Low Value,60.0,Month-to-month,1,No,Mailed check,Yes
5269-NRGDP,Male,0,Yes,Yes,42,Loyal Customer,73.15,High Value,3088.0,One year,0,DSL,Electronic check,No
6195-MELTI,Male,0,No,No,57,Loyal Customer,54.65,Medium Value,3135.0,One year,0,DSL,Mailed check,No
5485-WUYWF,Male,1,No,No,2,New Customer,66.4,Medium Value,95.0,Month-to-month,1,DSL,Bank transfer (automatic),Yes
2121-JAFOM,Female,0,Yes,No,72,Loyal Customer,115.55,High Value,8312.0,Two year,0,Fiber optic,Credit card (automatic),No
8818-DOPVL,Female,1,No,No,46,Loyal Customer,104.45,High Value,4864.0,Month-to-month,1,Fiber optic,Electronic check,No
2632-UCGVD,Male,1,Yes,No,66,Loyal Customer,100.05,High Value,6872.0,Month-to-month,1,Fiber optic,Credit card (automatic),Yes
5445-PZWGX,Male,0,No,No,62,Loyal Customer,102.0,High Value,6529.0,One year,0,Fiber optic,Electronic check,Yes
1227-UDMZR,Female,0,Yes,No,72,Loyal Customer,91.15,High Value,6638.0,Two year,0,DSL,Bank transfer (automatic),No
5198-HQAEN,Male,0,Yes,Yes,35,Loyal Customer,89.7,High Value,3166.0,One year,0,Fiber optic,Electronic check,No
9170-CCKOU,Male,0,Yes,No,17,Growing Customer,90.2,High Value,1454.0,Month-to-month,1,Fiber optic,Credit card (automatic),Yes
2167-FQSTQ,Female,0,Yes,No,72,Loyal Customer,92.4,High Value,6786.0,Two year,0,DSL,Electronic check,No
2819-GWENI,Female,0,Yes,Yes,28,Loyal Customer,19.9,Low Value,543.0,One year,0,No,Mailed check,No
1043-YCUTE,Male,0,Yes,No,56,Loyal Customer,25.15,Low Value,1327.0,Two year,0,No,Credit card (automatic),Yes
3814-MLAXC,Female,0,No,No,31,Loyal Customer,79.85,High Value,2404.0,Month-to-month,1,Fiber optic,Credit card (automatic),Yes
3572-UUHRS,Male,0,No,No,45,Loyal Customer,18.85,Low Value,867.0,One year,0,No,Bank transfer (automatic),No
2692-PFYTJ,Female,0,No,No,1,New Customer,25.75,Low Value,26.0,Month-to-month,1,No,Mailed check,No
1226-UDFZR,Female,0,No,No,2,New Customer,49.6,Medium Value,115.0,Month-to-month,1,DSL,Mailed check,Yes
5955-EPOAZ,Female,0,No,No,6,New Customer,20.95,Low Value,110.0,Month-to-month,1,No,Mailed check,No
6821-JPCDC,Female,0,Yes,No,48,Loyal Customer,97.05,High Value,4693.0,One year,0,Fiber optic,Electronic check,No
8815-LMFLX,Male,0,Yes,Yes,25,Loyal Customer,25.4,Low Value,547.0,Month-to-month,1,No,Bank transfer (automatic),No
9135-HSWOC,Male,0,Yes,Yes,64,Loyal Customer,19.7,Low Value,1274.0,Two year,0,No,Bank transfer (automatic),No
8582-KRHPJ,Male,0,No,No,50,Loyal Customer,35.0,Medium Value,1782.0,Month-to-month,1,DSL,Mailed check,No
5811-IWXYM,Female,0,Yes,Yes,52,Loyal Customer,101.25,High Value,5301.0,One year,0,Fiber optic,Bank transfer (automatic),No
7044-YAACC,Male,1,Yes,No,4,New Customer,70.2,High Value,280.0,Month-to-month,1,Fiber optic,Electronic check,No
8189-XRIKE,Female,1,No,No,32,Loyal Customer,90.95,High Value,2898.0,Month-to-month,1,Fiber optic,Electronic check,No
1506-YJTYT,Male,0,Yes,Yes,45,Loyal Customer,73.85,High Value,3371.0,Two year,0,DSL,Credit card (automatic),No
4123-DVHPH,Male,0,Yes,No,9,New Customer,88.05,High Value,801.0,Month-to-month,1,Fiber optic,Electronic check,No
6425-YQLLO,Female,1,Yes,No,66,Loyal Customer,105.95,High Value,6975.0,One year,0,Fiber optic,Credit card (automatic),Yes
5442-UTCVD,Male,0,No,Yes,3,New Customer,91.85,High Value,257.0,Month-to-month,1,Fiber optic,Electronic check,Yes
2228-BZDEE,Female,0,No,No,54,Loyal Customer,20.1,Low Value,1079.0,Two year,0,No,Mailed check,No
7734-DBOAI,Female,0,Yes,Yes,1,New Customer,40.1,Medium Value,40.0,Month-to-month,1,DSL,Electronic check,Yes
2789-CZANW,Female,0,Yes,Yes,64,Loyal Customer,110.3,High Value,6997.0,Two year,0,Fiber optic,Bank transfer (automatic),No
2091-RFFBA,Female,1,No,No,31,Loyal Customer,73.9,High Value,2217.0,Month-to-month,1,Fiber optic,Electronic check,Yes
2114-MGINA,Female,0,No,No,14,Growing Customer,89.8,High Value,1129.0,Month-to-month,1,Fiber optic,Mailed check,Yes
7596-LDUXP,Female,0,No,No,12,Growing Customer,85.15,High Value,979.0,One year,0,Fiber optic,Credit card (automatic),No
3740-RLMVT,Male,1,Yes,No,67,Loyal Customer,60.95,Medium Value,4119.0,One year,0,DSL,Bank transfer (automatic),No
4489-SNOJF,Female,0,Yes,Yes,35,Loyal Customer,72.25,High Value,2569.0,Month-to-month,1,DSL,Electronic check,Yes
2192-OZITF,Female,0,No,No,45,Loyal Customer,73.55,High Value,3349.0,Two year,0,DSL,Mailed check,No
5651-CPDND,Male,0,No,No,10,New Customer,46.0,Medium Value,492.0,Month-to-month,1,DSL,Mailed check,No
2186-QZEYA,Female,1,No,No,29,Loyal Customer,58.55,Medium Value,1719.0,Month-to-month,1,DSL,Bank transfer (automatic),No
1131-ALZWV,Female,0,No,No,24,Loyal Customer,24.6,Low Value,605.0,One year,0,No,Bank transfer (automatic),No
7729-XBTWX,Male,0,Yes,Yes,66,Loyal Customer,19.75,Low Value,1345.0,Two year,0,No,Mailed check,No
9134-WYRVP,Male,0,No,No,51,Loyal Customer,86.35,High Value,4267.0,One year,0,Fiber optic,Mailed check,No
3284-SVCRO,Female,0,Yes,No,45,Loyal Customer,25.5,Low Value,1121.0,Two year,0,No,Mailed check,No
9732-OUYRN,Female,0,Yes,No,49,Loyal Customer,19.0,Low Value,919.0,One year,0,No,Credit card (automatic),No
0559-CKHUS,Female,0,Yes,No,29,Loyal Customer,19.55,Low Value,522.0,Two year,0,No,Mailed check,No
2931-SVLTV,Male,0,Yes,Yes,40,Loyal Customer,110.1,High Value,4469.0,Month-to-month,1,Fiber optic,Credit card (automatic),No
6899-PPEEA,Female,1,No,No,37,Loyal Customer,96.55,High Value,3580.0,Month-to-month,1,Fiber optic,Electronic check,Yes
7504-UWHNB,Male,0,No,No,25,Loyal Customer,69.75,Medium Value,1729.0,Month-to-month,1,Fiber optic,Electronic check,No
2582-FFFZR,Female,0,No,No,22,Growing Customer,50.6,Medium Value,1073.0,Month-to-month,1,DSL,Electronic check,No
8908-NMQTX,Male,0,No,No,72,Loyal Customer,65.6,Medium Value,4567.0,Two year,0,DSL,Bank transfer (automatic),No
2187-LZGPL,Female,0,No,No,7,New Customer,40.1,Medium Value,293.0,Month-to-month,1,DSL,Credit card (automatic),Yes
1431-AIDJQ,Male,0,Yes,Yes,33,Loyal Customer,82.1,High Value,2603.0,Two year,0,DSL,Credit card (automatic),No
6288-LBEAR,Female,0,No,No,23,Growing Customer,79.1,High Value,1784.0,Month-to-month,1,Fiber optic,Mailed check,No
4597-NUCQV,Male,1,No,No,24,Loyal Customer,101.25,High Value,2440.0,Month-to-month,1,Fiber optic,Electronic check,Yes
9019-QVLZD,Female,0,No,No,1,New Customer,79.55,High Value,80.0,Month-to-month,1,Fiber optic,Electronic check,Yes
8413-YNHNV,Male,0,No,No,69,Loyal Customer,90.65,High Value,6322.0,Two year,0,DSL,Mailed check,No
5808-TOTXO,Female,0,No,Yes,3,New Customer,20.55,Low Value,57.0,One year,0,No,Credit card (automatic),No
4369-NYSCF,Male,0,No,No,56,Loyal Customer,75.75,High Value,4285.0,One year,0,DSL,Bank transfer (automatic),No
6333-YDVLT,Male,0,No,No,65,Loyal Customer,110.0,High Value,7139.0,One year,0,Fiber optic,Credit card (automatic),No
5324-KTGCG,Male,0,Yes,No,71,Loyal Customer,20.85,Low Value,1540.0,One year,0,No,Electronic check,No
5599-HVLTW,Female,1,No,No,14,Growing Customer,80.35,High Value,1058.0,Month-to-month,1,Fiber optic,Bank transfer (automatic),No
7394-LWLYN,Female,0,No,No,2,New Customer,70.15,High Value,124.0,Month-to-month,1,Fiber optic,Electronic check,No
3707-LRWZD,Female,0,No,No,32,Loyal Customer,84.05,High Value,2782.0,One year,0,Fiber optic,Electronic check,Yes
6873-UDNLD,Male,0,No,No,40,Loyal Customer,67.45,Medium Value,2731.0,Month-to-month,1,DSL,Electronic check,No
2700-LUEVA,Male,0,No,No,1,New Customer,20.75,Low Value,21.0,Month-to-month,1,No,Credit card (automatic),No
1455-ESIQH,Male,0,No,No,1,New Customer,89.1,High Value,89.0,Month-to-month,1,Fiber optic,Electronic check,Yes
0958-YHXGP,Female,0,No,No,7,New Customer,69.9,Medium Value,497.0,Month-to-month,1,Fiber optic,Mailed check,No
1101-SSWAG,Female,0,Yes,No,15,Growing Customer,51.1,Medium Value,711.0,Month-to-month,1,DSL,Electronic check,No
2979-SXESE,Female,0,Yes,Yes,17,Growing Customer,94.4,High Value,1607.0,Month-to-month,1,Fiber optic,Electronic check,Yes
4013-TLDHQ,Male,0,No,No,19,Growing Customer,78.25,High Value,1491.0,Month-to-month,1,Fiber optic,Electronic check,Yes
5743-KHMNA,Male,0,No,No,71,Loyal Customer,25.55,Low Value,1898.0,Two year,0,No,Bank transfer (automatic),No
4194-FJARJ,Female,0,Yes,Yes,54,Loyal Customer,60.0,Medium Value,3274.0,Two year,0,DSL,Bank transfer (automatic),No
5325-UWTWJ,Male,0,Yes,No,31,Loyal Customer,90.55,High Value,2930.0,Month-to-month,1,Fiber optic,Credit card (automatic),No
3969-GYXEL,Female,0,No,No,11,New Customer,76.4,High Value,839.0,Month-to-month,1,Fiber optic,Electronic check,No
9208-OLGAQ,Female,1,No,No,18,Growing Customer,84.95,High Value,1444.0,Month-to-month,1,Fiber optic,Electronic check,No
3244-CQPHU,Female,1,No,No,72,Loyal Customer,110.1,High Value,7747.0,Two year,0,Fiber optic,Bank transfer (automatic),No
2674-MLXMN,Female,1,No,No,71,Loyal Customer,99.65,High Value,6951.0,Month-to-month,1,Fiber optic,Credit card (automatic),No
9708-HPXWZ,Male,1,No,No,5,New Customer,45.4,Medium Value,215.0,Month-to-month,1,DSL,Credit card (automatic),No
6992-TKNYO,Male,0,Yes,No,38,Loyal Customer,69.0,Medium Value,2669.0,One year,0,DSL,Credit card (automatic),No
4468-YDOVK,Male,0,No,Yes,5,New Customer,48.65,Medium Value,235.0,Month-to-month,1,DSL,Bank transfer (automatic),No
3754-DXMRT,Male,1,No,No,2,New Customer,44.15,Medium Value,93.0,Month-to-month,1,DSL,Electronic check,Yes
5792-JALQC,Female,1,No,No,52,Loyal Customer,59.85,Medium Value,3103.0,Two year,0,DSL,Bank transfer (automatic),No
7130-VTEWQ,Female,1,No,No,8,New Customer,75.75,High Value,606.0,Month-to-month,1,Fiber optic,Electronic check,Yes
2200-DSAAL,Female,0,No,No,68,Loyal Customer,80.65,High Value,5330.0,Two year,0,DSL,Electronic check,No
4302-ZYFEL,Male,0,Yes,Yes,69,Loyal Customer,20.55,Low Value,1403.0,One year,0,No,Credit card (automatic),No
9351-LZYGF,Female,0,Yes,No,42,Loyal Customer,66.4,Medium Value,2728.0,Month-to-month,1,DSL,Credit card (automatic),No
4366-CTOUZ,Female,0,No,No,50,Loyal Customer,100.2,High Value,5038.0,Two year,0,Fiber optic,Mailed check,No
6121-VZNQB,Female,0,No,No,1,New Customer,19.1,Low Value,19.0,Month-to-month,1,No,Mailed check,Yes
7903-CMPEY,Male,1,Yes,No,1,New Customer,80.3,High Value,80.0,Month-to-month,1,Fiber optic,Electronic check,Yes
1518-OMDIK,Male,0,Yes,No,33,Loyal Customer,44.55,Medium Value,1463.0,Month-to-month,1,DSL,Credit card (automatic),No
6671-NGWON,Female,0,No,No,7,New Customer,20.35,Low Value,151.0,Month-to-month,1,No,Mailed check,No
0595-ITUDF,Male,0,Yes,Yes,64,Loyal Customer,91.8,High Value,5961.0,Month-to-month,1,Fiber optic,Electronic check,No
6996-KNSML,Female,0,No,No,1,New Customer,74.9,High Value,75.0,Month-to-month,1,Fiber optic,Electronic check,Yes
1955-IBMMB,Male,0,No,No,59,Loyal Customer,20.2,Low Value,1192.0,Two year,0,No,Bank transfer (automatic),No
0096-BXERS,Female,0,Yes,No,6,New Customer,50.35,Medium Value,315.0,Month-to-month,1,DSL,Electronic check,No
3806-YAZOV,Female,0,No,No,3,New Customer,18.8,Low Value,56.0,Month-to-month,1,No,Mailed check,No
7998-ZLXWN,Female,0,Yes,No,15,Growing Customer,20.45,Low Value,331.0,Month-to-month,1,No,Credit card (automatic),No
6253-WRFHY,Male,0,Yes,Yes,13,Growing Customer,64.75,Medium Value,877.0,One year,0,DSL,Electronic check,No
9133-AYJZG,Female,0,No,No,23,Growing Customer,98.7,High Value,2249.0,Month-to-month,1,Fiber optic,Credit card (automatic),No
2675-OTVVJ,Male,1,Yes,No,31,Loyal Customer,89.45,High Value,2808.0,Month-to-month,1,Fiber optic,Electronic check,No
8680-CGLTP,Male,0,No,No,29,Loyal Customer,58.75,Medium Value,1696.0,One year,0,DSL,Electronic check,No
8430-TWCBX,Female,0,Yes,No,49,Loyal Customer,20.7,Low Value,1032.0,One year,0,No,Credit card (automatic),No
5018-GWURO,Female,0,Yes,No,56,Loyal Customer,85.6,High Value,4903.0,Month-to-month,1,Fiber optic,Bank transfer (automatic),No
6741-QRLUP,Female,0,No,No,63,Loyal Customer,80.3,High Value,4995.0,Two year,0,DSL,Credit card (automatic),No
4737-HOBAX,Male,0,Yes,No,63,Loyal Customer,79.8,High Value,5034.0,Two year,0,DSL,Credit card (automatic),No
0537-QYZZN,Male,1,Yes,Yes,24,Loyal Customer,79.85,High Value,1858.0,Month-to-month,1,Fiber optic,Electronic check,No
3340-QBBFM,Male,1,Yes,No,36,Loyal Customer,54.1,Medium Value,1993.0,One year,0,DSL,Credit card (automatic),No
1704-NRWYE,Female,1,No,No,9,New Customer,80.85,High Value,752.0,Month-to-month,1,Fiber optic,Electronic check,Yes
2592-SEIFQ,Male,0,No,No,3,New Customer,24.75,Low Value,67.0,Month-to-month,1,DSL,Electronic check,Yes
8200-KLNYW,Female,0,Yes,No,21,Growing Customer,80.9,High Value,1715.0,One year,0,DSL,Mailed check,No
3372-CDXFJ,Male,0,Yes,Yes,13,Growing Customer,24.5,Low Value,344.0,One year,0,No,Bank transfer (automatic),No
4781-ZXYGU,Male,0,Yes,Yes,1,New Customer,20.15,Low Value,20.0,Month-to-month,1,No,Bank transfer (automatic),No
7632-YUTXB,Female,0,Yes,Yes,25,Loyal Customer,20.05,Low Value,520.0,One year,0,No,Mailed check,No
2718-YSKCS,Male,0,Yes,Yes,71,Loyal Customer,19.6,Low Value,1387.0,Two year,0,No,Bank transfer (automatic),No
9896-UYMIE,Male,0,No,No,66,Loyal Customer,114.3,High Value,7384.0,One year,0,Fiber optic,Bank transfer (automatic),No
0853-NWIFK,Female,0,No,No,45,Loyal Customer,100.3,High Value,4484.0,One year,0,Fiber optic,Electronic check,No
8212-CRQXP,Female,0,Yes,No,22,Growing Customer,80.0,High Value,1706.0,Month-to-month,1,Fiber optic,Credit card (automatic),No
6980-CDGFC,Female,0,Yes,No,67,Loyal Customer,20.85,Low Value,1327.0,One year,0,No,Bank transfer (automatic),No
7691-XVTZH,Female,0,Yes,No,68,Loyal Customer,89.95,High Value,5974.0,Two year,0,Fiber optic,Bank transfer (automatic),No
2520-SGTTA,Female,0,Yes,Yes,0,New Customer,20.0,Low Value,,Two year,0,No,Mailed check,No
7481-ATQQS,Female,1,No,No,49,Loyal Customer,90.85,High Value,4516.0,Month-to-month,1,Fiber optic,Credit card (automatic),Yes
2277-VWCNI,Female,1,No,No,4,New Customer,48.75,Medium Value,180.0,Month-to-month,1,DSL,Mailed check,No
1088-CNNKB,Male,0,Yes,No,63,Loyal Customer,80.0,High Value,5040.0,One year,0,DSL,Credit card (automatic),No
8642-GVWRF,Female,0,Yes,No,2,New Customer,79.7,High Value,165.0,Month-to-month,1,Fiber optic,Bank transfer (automatic),Yes
1930-BZLHI,Male,0,No,No,21,Growing Customer,20.35,Low Value,423.0,One year,0,No,Mailed check,No
3400-ESFUW,Male,0,Yes,Yes,55,Loyal Customer,57.55,Medium Value,3046.0,Two year,0,DSL,Bank transfer (automatic),Yes
5868-YTYKS,Male,0,No,Yes,1,New Customer,20.25,Low Value,20.0,Month-to-month,1,No,Mailed check,No
3525-DVKFN,Female,0,No,No,17,Growing Customer,19.4,Low Value,358.0,Two year,0,No,Mailed check,No
1482-OXZSY,Male,0,No,No,30,Loyal Customer,100.4,High Value,2936.0,Month-to-month,1,Fiber optic,Bank transfer (automatic),No
0377-JBKKT,Male,0,Yes,Yes,22,Growing Customer,57.95,Medium Value,1272.0,Month-to-month,1,DSL,Mailed check,No
5778-BVOFB,Female,0,No,No,9,New Customer,59.5,Medium Value,530.0,Month-to-month,1,DSL,Bank transfer (automatic),No
3373-YZZYM,Male,0,Yes,Yes,1,New Customer,19.2,Low Value,19.0,Month-to-month,1,No,Mailed check,No
2057-ZBLPD,Female,0,Yes,No,21,Growing Customer,86.5,High Value,1809.0,Month-to-month,1,Fiber optic,Electronic check,Yes
0228-MAUWC,Male,0,No,No,19,Growing Customer,59.55,Medium Value,1145.0,Month-to-month,1,DSL,Electronic check,No
5502-RLUYV,Female,0,Yes,Yes,69,Loyal Customer,103.95,High Value,7447.0,Month-to-month,1,Fiber optic,Electronic check,Yes
0023-HGHWL,Male,1,No,No,1,New Customer,25.1,Low Value,25.0,Month-to-month,1,DSL,Electronic check,Yes
7663-YJHSN,Female,0,Yes,No,72,Loyal Customer,103.95,High Value,7557.0,Two year,0,Fiber optic,Bank transfer (automatic),No
4915-BFSXL,Male,0,Yes,Yes,70,Loyal Customer,68.95,Medium Value,4859.0,Two year,0,DSL,Credit card (automatic),No
3086-RUCRN,Female,0,No,No,66,Loyal Customer,103.1,High Value,6595.0,Month-to-month,1,Fiber optic,Bank transfer (automatic),No
5215-LNLDJ,Female,0,Yes,Yes,7,New Customer,24.7,Low Value,149.0,Month-to-month,1,DSL,Electronic check,No
7576-JMYWV,Female,1,Yes,Yes,46,Loyal Customer,110.2,High Value,4972.0,Month-to-month,1,Fiber optic,Electronic check,No
9039-RBEEE,Male,0,No,No,39,Loyal Customer,48.95,Medium Value,1881.0,Month-to-month,1,DSL,Credit card (automatic),Yes
0257-KXZGU,Female,0,Yes,Yes,32,Loyal Customer,62.45,Medium Value,2046.0,Month-to-month,1,DSL,Bank transfer (automatic),No
1307-ATKGB,Male,0,No,No,24,Loyal Customer,89.55,High Value,2187.0,Month-to-month,1,Fiber optic,Electronic check,No
8417-FMLZI,Male,0,Yes,Yes,6,New Customer,83.55,High Value,478.0,Month-to-month,1,Fiber optic,Credit card (automatic),Yes
3714-XPXBW,Female,0,No,No,37,Loyal Customer,78.9,High Value,2977.0,Month-to-month,1,DSL,Credit card (automatic),No
1850-AKQEP,Male,0,No,Yes,8,New Customer,20.35,Low Value,179.0,Month-to-month,1,No,Mailed check,No
2824-DXNKN,Female,0,Yes,Yes,72,Loyal Customer,71.45,High Value,5026.0,Two year,0,DSL,Bank transfer (automatic),No
5227-JSCFE,Male,1,Yes,No,71,Loyal Customer,46.35,Medium Value,3353.0,Two year,0,DSL,Credit card (automatic),No
0848-ZGQIJ,Female,0,Yes,No,16,Growing Customer,94.65,High Value,1461.0,Month-to-month,1,Fiber optic,Bank transfer (automatic),No
3621-CHYVB,Female,0,Yes,No,57,Loyal Customer,49.9,Medium Value,2782.0,Month-to-month,1,DSL,Bank transfer (automatic),No
8042-RNLKO,Male,0,No,No,66,Loyal Customer,25.45,Low Value,1699.0,One year,0,No,Bank transfer (automatic),No
1792-UXAFY,Female,1,No,No,17,Growing Customer,89.15,High Value,1497.0,Month-to-month,1,Fiber optic,Electronic check,Yes
5372-FBKBN,Female,0,No,Yes,21,Growing Customer,20.75,Low Value,452.0,Month-to-month,1,No,Mailed check,No
0420-TXVSG,Male,0,Yes,No,66,Loyal Customer,66.1,Medium Value,4428.0,Two year,0,DSL,Credit card (automatic),No
6217-TOWGS,Female,0,Yes,No,17,Growing Customer,75.4,High Value,1323.0,Month-to-month,1,DSL,Bank transfer (automatic),No
0515-YPMCW,Male,0,No,Yes,1,New Customer,70.45,High Value,70.0,Month-to-month,1,Fiber optic,Mailed check,Yes
0378-XSZPU,Male,0,Yes,No,58,Loyal Customer,60.3,Medium Value,3564.0,One year,0,DSL,Credit card (automatic),Yes
1045-LTCYT,Female,0,Yes,Yes,8,New Customer,21.05,Low Value,140.0,Month-to-month,1,No,Credit card (automatic),No
1544-JJMYL,Male,0,No,No,27,Loyal Customer,69.35,Medium Value,1927.0,One year,0,DSL,Credit card (automatic),No
4636-JGAAI,Male,0,Yes,No,34,Loyal Customer,88.85,High Value,3000.0,Month-to-month,1,Fiber optic,Mailed check,No
6874-SGLHU,Male,0,No,No,30,Loyal Customer,97.0,High Value,3021.0,One year,0,Fiber optic,Bank transfer (automatic),No
5951-AOFIH,Male,0,No,No,33,Loyal Customer,66.4,Medium Value,2245.0,Month-to-month,1,DSL,Credit card (automatic),No
4729-XKASR,Male,0,No,Yes,1,New Customer,24.75,Low Value,25.0,Month-to-month,1,DSL,Electronic check,Yes
3059-NGMXB,Male,0,Yes,Yes,14,Growing Customer,69.2,Medium Value,945.0,Month-to-month,1,DSL,Mailed check,No
8652-YHIYU,Female,0,No,Yes,16,Growing Customer,79.5,High Value,1264.0,One year,0,Fiber optic,Credit card (automatic),No
5278-PNYOX,Female,0,No,No,49,Loyal Customer,100.65,High Value,4918.0,Two year,0,Fiber optic,Credit card (automatic),No
5449-FIBXJ,Male,0,Yes,Yes,19,Growing Customer,103.3,High Value,2013.0,Month-to-month,1,Fiber optic,Electronic check,Yes
3486-HOOGQ,Female,0,Yes,Yes,70,Loyal Customer,79.7,High Value,5743.0,Two year,0,DSL,Bank transfer (automatic),No
5061-PBXFW,Female,0,Yes,Yes,32,Loyal Customer,61.4,Medium Value,1865.0,Month-to-month,1,DSL,Bank transfer (automatic),No
8630-FJLIB,Female,0,No,No,18,Growing Customer,69.8,Medium Value,1222.0,Month-to-month,1,Fiber optic,Electronic check,No
3891-NLXJB,Male,0,No,No,37,Loyal Customer,40.55,Medium Value,1391.0,Two year,0,DSL,Mailed check,No
4749-OJKQU,Female,0,No,No,4,New Customer,75.65,High Value,302.0,Month-to-month,1,Fiber optic,Electronic check,No
0577-WHMEV,Female,0,Yes,No,16,Growing Customer,90.7,High Value,1375.0,Month-to-month,1,Fiber optic,Electronic check,No
5453-AXEPF,Male,0,Yes,No,17,Growing Customer,80.5,High Value,1337.0,Month-to-month,1,Fiber optic,Bank transfer (automatic),No
3639-XJHKQ,Female,0,No,Yes,19,Growing Customer,60.6,Medium Value,1298.0,Month-to-month,1,DSL,Electronic check,No
3716-LRGXK,Male,0,Yes,No,60,Loyal Customer,101.15,High Value,6067.0,Two year,0,Fiber optic,Credit card (automatic),No
2263-SFSQZ,Male,0,Yes,Yes,51,Loyal Customer,24.95,Low Value,1222.0,Two year,0,No,Mailed check,No
9950-MTGYX,Male,0,Yes,Yes,28,Loyal Customer,20.3,Low Value,488.0,Two year,0,No,Credit card (automatic),No
3397-AVTKU,Male,0,No,No,43,Loyal Customer,60.0,Medium Value,2549.0,Two year,0,DSL,Electronic check,No
4825-FUREZ,Male,0,Yes,No,42,Loyal Customer,20.25,Low Value,836.0,Two year,0,No,Electronic check,No
9837-BMCLM,Male,0,No,No,3,New Customer,78.5,High Value,242.0,Month-to-month,1,Fiber optic,Electronic check,Yes
2672-OJQZP,Female,0,No,No,1,New Customer,44.75,Medium Value,45.0,Month-to-month,1,DSL,Mailed check,No
0137-UDEUO,Female,0,No,No,3,New Customer,19.85,Low Value,64.0,Month-to-month,1,No,Mailed check,Yes
3134-DSHVC,Female,0,No,No,63,Loyal Customer,98.0,High Value,6218.0,Two year,0,Fiber optic,Credit card (automatic),No
6161-UUUTA,Male,1,No,No,3,New Customer,79.9,High Value,261.0,Month-to-month,1,Fiber optic,Electronic check,Yes
7821-DPRQE,Male,0,Yes,No,68,Loyal Customer,107.7,High Value,7321.0,Month-to-month,1,Fiber optic,Electronic check,No
6543-XRMYR,Female,1,No,No,30,Loyal Customer,99.7,High Value,2967.0,Month-to-month,1,Fiber optic,Electronic check,Yes
2001-EWBQU,Female,0,No,No,60,Loyal Customer,104.7,High Value,6334.0,Two year,0,Fiber optic,Electronic check,No
4925-LMHOK,Male,0,No,No,15,Growing Customer,58.6,Medium Value,940.0,Month-to-month,1,DSL,Credit card (automatic),Yes
1608-GMEWB,Male,1,No,No,45,Loyal Customer,93.9,High Value,4200.0,Month-to-month,1,Fiber optic,Bank transfer (automatic),No
6695-AMZUF,Female,0,Yes,No,70,Loyal Customer,86.45,High Value,5950.0,Two year,0,DSL,Credit card (automatic),No
1455-UGQVH,Male,0,Yes,No,10,New Customer,98.5,High Value,1038.0,Month-to-month,1,Fiber optic,Electronic check,Yes
8410-BGQXN,Male,0,No,No,4,New Customer,19.4,Low Value,93.0,Month-to-month,1,No,Mailed check,No
8280-MQRQN,Female,0,No,No,1,New Customer,50.45,Medium Value,50.0,Month-to-month,1,DSL,Mailed check,Yes
1619-YWUBB,Female,0,Yes,No,68,Loyal Customer,24.95,Low Value,1615.0,Two year,0,No,Credit card (automatic),No
7611-YKYTC,Male,0,Yes,Yes,22,Growing Customer,75.0,High Value,1574.0,Month-to-month,1,Fiber optic,Bank transfer (automatic),No
2037-SGXHH,Male,0,Yes,Yes,38,Loyal Customer,94.65,High Value,3624.0,Month-to-month,1,Fiber optic,Electronic check,Yes
3178-FESZO,Female,0,No,No,1,New Customer,100.25,High Value,100.0,Month-to-month,1,Fiber optic,Credit card (automatic),Yes
0365-GXEZS,Male,0,Yes,No,18,Growing Customer,78.2,High Value,1469.0,Month-to-month,1,Fiber optic,Electronic check,No
0082-OQIQY,Male,0,No,No,29,Loyal Customer,94.2,High Value,2608.0,Month-to-month,1,Fiber optic,Electronic check,No
6087-MVHJH,Female,0,No,No,16,Growing Customer,88.45,High Value,1422.0,Month-to-month,1,Fiber optic,Electronic check,Yes
4603-JANFB,Male,0,No,No,1,New Customer,69.85,Medium Value,70.0,Month-to-month,1,Fiber optic,Electronic check,Yes
3018-TFTSU,Male,0,No,No,12,Growing Customer,81.7,High Value,859.0,Month-to-month,1,Fiber optic,Bank transfer (automatic),Yes
3606-SBKRY,Male,0,No,No,31,Loyal Customer,50.05,Medium Value,1523.0,One year,0,DSL,Electronic check,No
4806-KEXQR,Male,0,No,No,4,New Customer,79.9,High Value,324.0,Month-to-month,1,Fiber optic,Electronic check,Yes
0667-NSRGI,Female,0,Yes,No,48,Loyal Customer,69.55,Medium Value,3436.0,One year,0,DSL,Mailed check,No
7083-YNSKY,Female,0,No,No,15,Growing Customer,25.4,Low Value,400.0,Month-to-month,1,No,Credit card (automatic),Yes
6893-ODYYE,Male,0,No,No,50,Loyal Customer,90.1,High Value,4549.0,One year,0,Fiber optic,Credit card (automatic),No
8242-JSVBO,Male,0,No,No,7,New Customer,44.65,Medium Value,323.0,Month-to-month,1,DSL,Bank transfer (automatic),No
2479-BRAMR,Male,1,Yes,No,41,Loyal Customer,83.75,High Value,3274.0,Month-to-month,1,Fiber optic,Bank transfer (automatic),Yes
9541-ZPSEA,Male,0,Yes,Yes,68,Loyal Customer,80.35,High Value,5375.0,Two year,0,Fiber optic,Credit card (automatic),No
2665-NPTGL,Female,1,Yes,No,26,Loyal Customer,98.1,High Value,2511.0,Month-to-month,1,Fiber optic,Bank transfer (automatic),No
1139-WUOAH,Male,0,No,No,57,Loyal Customer,53.35,Medium Value,3090.0,Two year,0,DSL,Credit card (automatic),No
4693-VWVBO,Female,0,No,No,3,New Customer,19.55,Low Value,61.0,Month-to-month,1,No,Electronic check,No
7434-SHXLS,Female,0,No,No,1,New Customer,20.9,Low Value,21.0,Month-to-month,1,No,Mailed check,Yes
6937-GCDGQ,Male,0,Yes,Yes,19,Growing Customer,48.95,Medium Value,956.0,One year,0,DSL,Bank transfer (automatic),No
0988-JRWWP,Female,0,No,No,3,New Customer,54.2,Medium Value,140.0,Month-to-month,1,DSL,Electronic check,No
5075-JSDKI,Female,0,No,No,59,Loyal Customer,24.45,Low Value,1493.0,Two year,0,No,Electronic check,No
7908-QCBCA,Female,0,Yes,No,1,New Customer,69.4,Medium Value,69.0,Month-to-month,1,Fiber optic,Mailed check,Yes
8644-XYTSV,Male,0,Yes,No,42,Loyal Customer,40.15,Medium Value,1626.0,Month-to-month,1,DSL,Bank transfer (automatic),No
6711-FLDFB,Female,0,No,No,7,New Customer,74.9,High Value,541.0,Month-to-month,1,Fiber optic,Electronic check,Yes
3873-WOSBC,Male,0,Yes,No,67,Loyal Customer,25.6,Low Value,1785.0,Two year,0,No,Credit card (automatic),No
7465-ZZRVX,Male,0,No,No,1,New Customer,70.35,High Value,70.0,Month-to-month,1,Fiber optic,Electronic check,No
7975-JMZNT,Male,0,Yes,No,66,Loyal Customer,91.7,High Value,6076.0,Two year,0,DSL,Bank transfer (automatic),No
7251-XFOIL,Female,0,No,No,61,Loyal Customer,89.2,High Value,5501.0,Month-to-month,1,Fiber optic,Mailed check,No
4116-IQRFR,Male,0,Yes,Yes,4,New Customer,24.1,Low Value,73.0,One year,0,No,Credit card (automatic),No
3714-JTVOV,Female,1,Yes,No,42,Loyal Customer,74.15,High Value,3229.0,Month-to-month,1,Fiber optic,Credit card (automatic),Yes
8259-DZLIZ,Female,0,Yes,Yes,64,Loyal Customer,53.85,Medium Value,3400.0,One year,0,DSL,Bank transfer (automatic),No
0442-ZXKVS,Female,1,Yes,No,54,Loyal Customer,115.6,High Value,6431.0,One year,0,Fiber optic,Bank transfer (automatic),No
7853-WNZSY,Male,0,No,No,1,New Customer,19.75,Low Value,20.0,Month-to-month,1,No,Credit card (automatic),No
3120-FAZKD,Male,0,Yes,Yes,54,Loyal Customer,24.05,Low Value,1231.0,Two year,0,No,Bank transfer (automatic),No
8606-OEGQZ,Female,0,No,Yes,18,Growing Customer,25.3,Low Value,455.0,Two year,0,No,Credit card (automatic),No
0225-ZORZP,Male,0,No,No,3,New Customer,84.3,High Value,235.0,Month-to-month,1,Fiber optic,Electronic check,No
4702-IOQDC,Female,0,No,No,1,New Customer,70.1,High Value,70.0,Month-to-month,1,Fiber optic,Electronic check,Yes
9489-JMTTN,Female,0,Yes,Yes,72,Loyal Customer,89.75,High Value,6596.0,Two year,0,DSL,Credit card (automatic),No
0575-CUQOV,Male,1,Yes,No,60,Loyal Customer,97.95,High Value,5867.0,One year,0,Fiber optic,Electronic check,No
0967-BMLBD,Female,0,Yes,Yes,11,New Customer,20.0,Low Value,196.0,One year,0,No,Mailed check,No
6178-KFNHS,Female,0,No,Yes,12,Growing Customer,78.3,High Value,909.0,Month-to-month,1,Fiber optic,Electronic check,Yes
2830-LEWOA,Male,0,Yes,Yes,61,Loyal Customer,103.9,High Value,6449.0,One year,0,Fiber optic,Credit card (automatic),No
5006-MXVRN,Female,0,No,No,39,Loyal Customer,20.7,Low Value,762.0,Two year,0,No,Credit card (automatic),No
1264-BYWMS,Male,0,No,No,55,Loyal Customer,96.8,High Value,5284.0,Month-to-month,1,Fiber optic,Electronic check,Yes
9658-WYUFB,Female,0,No,No,17,Growing Customer,94.4,High Value,1618.0,Month-to-month,1,Fiber optic,Electronic check,Yes
8327-WKMIE,Male,0,No,No,37,Loyal Customer,20.15,Low Value,786.0,One year,0,No,Credit card (automatic),No
6917-FIJHC,Female,0,Yes,No,72,Loyal Customer,26.0,Low Value,1776.0,Two year,0,No,Mailed check,No
5329-KRDTM,Male,1,Yes,No,72,Loyal Customer,77.35,High Value,5396.0,Two year,0,DSL,Credit card (automatic),No
7797-EJMDP,Female,0,No,No,8,New Customer,66.05,Medium Value,575.0,Month-to-month,1,DSL,Bank transfer (automatic),No
3530-VWVGU,Female,0,Yes,Yes,22,Growing Customer,19.9,Low Value,400.0,Month-to-month,1,No,Mailed check,No
2013-SGDXK,Female,0,No,No,1,New Customer,84.3,High Value,84.0,Month-to-month,1,Fiber optic,Electronic check,Yes
6368-NWMCE,Female,0,No,No,38,Loyal Customer,68.15,Medium Value,2656.0,Month-to-month,1,DSL,Credit card (automatic),No
3633-CDBUW,Male,0,No,Yes,17,Growing Customer,80.85,High Value,1446.0,One year,0,DSL,Electronic check,No
0707-HOVVN,Female,1,No,No,70,Loyal Customer,75.5,High Value,5213.0,Two year,0,DSL,Bank transfer (automatic),No
8580-QVLOC,Female,1,Yes,Yes,72,Loyal Customer,92.45,High Value,6440.0,Two year,0,DSL,Credit card (automatic),Yes
3956-MGXOG,Female,0,No,No,28,Loyal Customer,80.6,High Value,2245.0,Month-to-month,1,Fiber optic,Electronic check,No
9274-UARKJ,Female,0,No,No,15,Growing Customer,83.2,High Value,1130.0,Month-to-month,1,Fiber optic,Bank transfer (automatic),No
4077-HWUYD,Male,0,Yes,Yes,72,Loyal Customer,87.55,High Value,6463.0,Two year,0,DSL,Bank transfer (automatic),No
2012-NWRPA,Female,1,Yes,No,11,New Customer,99.55,High Value,1131.0,Month-to-month,1,Fiber optic,Electronic check,Yes
8808-ELEHO,Male,1,No,No,8,New Customer,81.25,High Value,586.0,Month-to-month,1,Fiber optic,Electronic check,Yes
0103-CSITQ,Female,0,Yes,No,57,Loyal Customer,109.4,High Value,6253.0,One year,0,Fiber optic,Bank transfer (automatic),No
3506-LCJDC,Male,0,Yes,Yes,1,New Customer,19.95,Low Value,20.0,Month-to-month,1,No,Bank transfer (automatic),Yes
8671-KKKOS,Female,0,Yes,No,46,Loyal Customer,45.55,Medium Value,2062.0,Month-to-month,1,DSL,Electronic check,No
7305-ZWMAJ,Male,0,Yes,No,30,Loyal Customer,20.7,Low Value,587.0,One year,0,No,Credit card (automatic),No
9518-XXBXE,Male,1,Yes,No,10,New Customer,75.3,High Value,720.0,Month-to-month,1,Fiber optic,Electronic check,No
3934-HXCFZ,Male,0,Yes,No,23,Growing Customer,99.25,High Value,2186.0,Month-to-month,1,Fiber optic,Electronic check,Yes
6578-KRMAW,Male,0,No,No,32,Loyal Customer,93.4,High Value,2979.0,Month-to-month,1,Fiber optic,Credit card (automatic),No
4860-IJUDE,Male,0,No,No,13,Growing Customer,73.75,High Value,957.0,Month-to-month,1,Fiber optic,Credit card (automatic),No
7666-WKRON,Female,0,No,No,39,Loyal Customer,80.45,High Value,3202.0,Two year,0,Fiber optic,Electronic check,Yes
9688-YGXVR,Female,0,No,No,44,Loyal Customer,88.15,High Value,3973.0,Month-to-month,1,Fiber optic,Credit card (automatic),No
0423-UDIJQ,Male,1,No,No,9,New Customer,49.2,Medium Value,448.0,Month-to-month,1,DSL,Mailed check,No
1945-XISKS,Female,0,Yes,No,67,Loyal Customer,19.65,Low Value,1335.0,Two year,0,No,Mailed check,No
4910-AQFFX,Male,0,Yes,Yes,9,New Customer,79.35,High Value,661.0,Month-to-month,1,Fiber optic,Bank transfer (automatic),Yes
2154-KVJFF,Female,0,No,No,15,Growing Customer,79.75,High Value,1112.0,Month-to-month,1,Fiber optic,Electronic check,Yes
5360-LJCNJ,Female,0,Yes,No,71,Loyal Customer,105.15,High Value,7555.0,Two year,0,Fiber optic,Bank transfer (automatic),No
2607-FBDFF,Male,0,No,No,1,New Customer,49.0,Medium Value,49.0,Month-to-month,1,DSL,Credit card (automatic),No
9647-ERGBE,Female,0,Yes,Yes,30,Loyal Customer,100.05,High Value,3046.0,Month-to-month,1,Fiber optic,Electronic check,Yes
3428-XZMAZ,Male,0,No,No,1,New Customer,69.35,Medium Value,69.0,Month-to-month,1,Fiber optic,Electronic check,Yes
1100-DDVRV,Male,0,Yes,No,17,Growing Customer,49.8,Medium Value,836.0,Month-to-month,1,DSL,Mailed check,No
0378-TOVMS,Female,0,No,No,3,New Customer,85.8,High Value,272.0,Month-to-month,1,Fiber optic,Electronic check,Yes
4355-HBJHH,Male,0,Yes,Yes,67,Loyal Customer,79.7,High Value,5293.0,Two year,0,DSL,Electronic check,Yes
6728-WYQBC,Male,0,No,No,1,New Customer,20.95,Low Value,21.0,Month-to-month,1,No,Bank transfer (automatic),No
9058-CBREO,Female,1,No,No,1,New Customer,50.55,Medium Value,51.0,Month-to-month,1,DSL,Mailed check,Yes
9029-FEGVJ,Female,1,Yes,No,32,Loyal Customer,79.3,High Value,2570.0,Month-to-month,1,Fiber optic,Mailed check,No
7216-KAOID,Male,0,Yes,Yes,41,Loyal Customer,19.5,Low Value,798.0,One year,0,No,Bank transfer (automatic),No
0318-QUUOB,Male,0,Yes,No,1,New Customer,80.55,High Value,81.0,Month-to-month,1,Fiber optic,Electronic check,Yes
6145-NNPNO,Female,0,No,No,1,New Customer,44.15,Medium Value,44.0,Month-to-month,1,DSL,Bank transfer (automatic),No
5520-FVEWJ,Female,0,Yes,Yes,12,Growing Customer,84.5,High Value,917.0,Month-to-month,1,Fiber optic,Electronic check,Yes
5339-TJFEK,Male,0,Yes,Yes,62,Loyal Customer,105.5,High Value,6487.0,Month-to-month,1,Fiber optic,Electronic check,No
5572-ZDXHY,Female,0,No,No,22,Growing Customer,84.3,High Value,1856.0,Month-to-month,1,Fiber optic,Mailed check,Yes
2074-GUHPQ,Female,0,No,Yes,17,Growing Customer,92.7,High Value,1557.0,Month-to-month,1,Fiber optic,Credit card (automatic),No
4625-XMOYM,Female,0,Yes,Yes,72,Loyal Customer,26.25,Low Value,1988.0,Two year,0,No,Bank transfer (automatic),No
5827-MWCZK,Male,0,Yes,Yes,56,Loyal Customer,96.95,High Value,5432.0,Month-to-month,1,Fiber optic,Credit card (automatic),No
1385-TQOZW,Female,0,No,No,9,New Customer,20.45,Low Value,148.0,Month-to-month,1,No,Credit card (automatic),No
5914-XRFQB,Male,0,Yes,No,72,Loyal Customer,115.8,High Value,8425.0,Two year,0,Fiber optic,Bank transfer (automatic),No
4329-YPDDQ,Male,0,No,No,20,Growing Customer,108.2,High Value,2204.0,Month-to-month,1,Fiber optic,Bank transfer (automatic),No
4804-NCPET,Male,0,Yes,Yes,19,Growing Customer,20.2,Low Value,387.0,Two year,0,No,Mailed check,No
3750-CKVKH,Male,0,No,No,2,New Customer,67.75,Medium Value,117.0,Month-to-month,1,Fiber optic,Electronic check,Yes
5944-UGLLK,Male,0,No,No,53,Loyal Customer,54.9,Medium Value,3046.0,One year,0,DSL,Credit card (automatic),No
8063-GBATB,Female,1,No,No,27,Loyal Customer,85.25,High Value,2287.0,Month-to-month,1,Fiber optic,Electronic check,Yes
7787-BNTZM,Male,0,No,No,6,New Customer,20.15,Low Value,131.0,Month-to-month,1,No,Bank transfer (automatic),No
2252-ISRNH,Male,0,Yes,Yes,9,New Customer,90.35,High Value,768.0,One year,0,Fiber optic,Electronic check,No
9415-TPKRV,Female,0,Yes,Yes,8,New Customer,55.75,Medium Value,447.0,Month-to-month,1,DSL,Electronic check,No
5322-TEUJK,Female,0,Yes,Yes,71,Loyal Customer,114.6,High Value,8100.0,Two year,0,Fiber optic,Bank transfer (automatic),No
4547-KQRTM,Female,0,No,No,10,New Customer,80.05,High Value,831.0,Month-to-month,1,Fiber optic,Bank transfer (automatic),Yes
4877-EVATK,Male,0,No,No,1,New Customer,20.0,Low Value,20.0,Month-to-month,1,No,Mailed check,Yes
1866-DIOQZ,Female,0,Yes,No,71,Loyal Customer,66.8,Medium Value,4689.0,One year,0,DSL,Bank transfer (automatic),No
8375-KVTHK,Male,0,Yes,No,68,Loyal Customer,100.3,High Value,6754.0,One year,0,Fiber optic,Electronic check,No
2697-NQBPF,Male,0,No,No,34,Loyal Customer,105.35,High Value,3541.0,Month-to-month,1,Fiber optic,Electronic check,No
3709-OIJEA,Male,0,No,No,26,Loyal Customer,85.2,High Value,2185.0,One year,0,Fiber optic,Electronic check,No
7639-SUPCW,Female,0,No,No,22,Growing Customer,48.8,Medium Value,1055.0,Month-to-month,1,DSL,Credit card (automatic),Yes
1386-ZIKUV,Male,0,No,No,7,New Customer,18.95,Low Value,131.0,Month-to-month,1,No,Mailed check,No
0599-XNYDO,Female,0,Yes,No,20,Growing Customer,69.8,Medium Value,1540.0,Month-to-month,1,Fiber optic,Bank transfer (automatic),No
6377-WHAOX,Female,0,Yes,No,60,Loyal Customer,106.15,High Value,6411.0,Month-to-month,1,Fiber optic,Electronic check,No
6855-VLGOS,Male,0,Yes,Yes,72,Loyal Customer,20.55,Low Value,1433.0,Two year,0,No,Electronic check,No
8999-XXGNS,Female,1,Yes,No,72,Loyal Customer,105.75,High Value,7630.0,One year,0,Fiber optic,Credit card (automatic),No
8746-OQQRW,Male,0,No,No,4,New Customer,25.25,Low Value,102.0,Month-to-month,1,No,Mailed check,No
3181-MIZBN,Male,0,Yes,Yes,16,Growing Customer,19.75,Low Value,313.0,Month-to-month,1,No,Electronic check,No
0471-ARVMX,Female,1,Yes,No,62,Loyal Customer,104.85,High Value,6313.0,One year,0,Fiber optic,Electronic check,No
7766-CLTIC,Female,0,No,No,10,New Customer,60.95,Medium Value,630.0,Month-to-month,1,DSL,Mailed check,No
5650-YLIBA,Male,0,No,No,31,Loyal Customer,81.15,High Value,2641.0,Month-to-month,1,Fiber optic,Electronic check,No
0825-CPPQH,Female,0,Yes,No,71,Loyal Customer,19.1,Low Value,1372.0,Two year,0,No,Credit card (automatic),No
9084-OAYKL,Male,0,No,No,58,Loyal Customer,20.8,Low Value,1212.0,Two year,0,No,Mailed check,No
6122-LJADA,Male,0,Yes,Yes,70,Loyal Customer,90.15,High Value,6237.0,Two year,0,DSL,Credit card (automatic),No
2400-XIWIO,Female,0,Yes,No,71,Loyal Customer,90.1,High Value,6311.0,Two year,0,DSL,Electronic check,No
7524-VRLPL,Male,1,No,No,69,Loyal Customer,74.1,High Value,5031.0,Two year,0,DSL,Credit card (automatic),No
1069-XAIEM,Female,1,No,No,1,New Customer,85.05,High Value,85.0,Month-to-month,1,Fiber optic,Electronic check,Yes
7569-NMZYQ,Female,0,Yes,Yes,72,Loyal Customer,118.75,High Value,8672.0,Two year,0,Fiber optic,Bank transfer (automatic),No
5201-USSQZ,Female,0,Yes,No,26,Loyal Customer,85.9,High Value,2196.0,Month-to-month,1,Fiber optic,Credit card (automatic),No
2105-PHWON,Female,0,Yes,No,33,Loyal Customer,95.0,High Value,3008.0,Month-to-month,1,Fiber optic,Credit card (automatic),No
1494-EJZDW,Female,0,Yes,Yes,10,New Customer,20.15,Low Value,221.0,Two year,0,No,Mailed check,No
4884-TVUQF,Female,1,No,No,57,Loyal Customer,101.3,High Value,5780.0,Two year,0,Fiber optic,Credit card (automatic),No
8003-EWNDZ,Female,0,No,No,10,New Customer,21.2,Low Value,223.0,Month-to-month,1,No,Electronic check,No
1897-RCFUM,Female,0,Yes,Yes,39,Loyal Customer,24.2,Low Value,915.0,One year,0,No,Mailed check,No
9256-JTBNZ,Female,0,No,No,11,New Customer,20.3,Low Value,246.0,Month-to-month,1,No,Bank transfer (automatic),No
4658-HCOHW,Female,0,Yes,Yes,21,Growing Customer,102.8,High Value,2110.0,Month-to-month,1,Fiber optic,Electronic check,Yes
2211-RMNHO,Female,0,Yes,Yes,68,Loyal Customer,85.3,High Value,5560.0,Two year,0,DSL,Bank transfer (automatic),No
2432-TFSMK,Male,0,No,No,18,Growing Customer,89.6,High Value,1633.0,One year,0,Fiber optic,Credit card (automatic),No
3440-JPSCL,Female,0,No,No,6,New Customer,99.95,High Value,548.0,Month-to-month,1,Fiber optic,Mailed check,Yes
4929-ROART,Male,0,No,No,18,Growing Customer,56.25,Medium Value,970.0,Month-to-month,1,DSL,Mailed check,No
1834-ABKHQ,Female,0,Yes,Yes,52,Loyal Customer,50.95,Medium Value,2611.0,One year,0,DSL,Bank transfer (automatic),No
1741-WTPON,Male,0,Yes,Yes,56,Loyal Customer,115.85,High Value,6568.0,Two year,0,Fiber optic,Mailed check,No
3932-IJWDZ,Male,0,No,No,45,Loyal Customer,103.65,High Value,4748.0,Month-to-month,1,Fiber optic,Bank transfer (automatic),No
1240-HCBOH,Female,0,No,No,67,Loyal Customer,26.1,Low Value,1760.0,Two year,0,No,Mailed check,No
3594-KADLU,Male,0,Yes,No,3,New Customer,35.1,Medium Value,101.0,Month-to-month,1,DSL,Mailed check,No
8065-BVEPF,Male,1,No,No,65,Loyal Customer,99.1,High Value,6496.0,Month-to-month,1,Fiber optic,Bank transfer (automatic),No
3796-ENZGF,Male,0,Yes,No,63,Loyal Customer,67.25,Medium Value,4234.0,Two year,0,DSL,Mailed check,No
1734-ZMNTZ,Female,0,Yes,Yes,11,New Customer,25.0,Low Value,301.0,Two year,0,No,Mailed check,No
2853-CWQFQ,Male,0,No,Yes,1,New Customer,59.55,Medium Value,60.0,Month-to-month,1,DSL,Mailed check,No
0813-TAXXS,Male,0,No,No,55,Loyal Customer,77.8,High Value,4323.0,Two year,0,DSL,Bank transfer (automatic),No
2519-TWKFS,Male,0,Yes,Yes,25,Loyal Customer,55.1,Medium Value,1466.0,One year,0,DSL,Mailed check,No
2889-FPWRM,Male,0,Yes,No,72,Loyal Customer,117.8,High Value,8685.0,One year,0,Fiber optic,Bank transfer (automatic),Yes
0626-QXNGV,Female,0,Yes,No,72,Loyal Customer,24.15,Low Value,1776.0,Two year,0,No,Credit card (automatic),No
6723-CEGQI,Female,0,No,Yes,65,Loyal Customer,45.25,Medium Value,2934.0,Two year,0,DSL,Mailed check,No
6987-XQSJT,Female,1,No,No,54,Loyal Customer,79.5,High Value,4370.0,Month-to-month,1,Fiber optic,Electronic check,Yes
4732-RRJZC,Male,0,Yes,Yes,7,New Customer,20.25,Low Value,144.0,Month-to-month,1,No,Mailed check,No
9499-XPZXM,Female,0,Yes,No,72,Loyal Customer,64.75,Medium Value,4805.0,Two year,0,DSL,Bank transfer (automatic),No
4338-EYCER,Male,0,Yes,No,21,Growing Customer,54.6,Medium Value,1125.0,Month-to-month,1,DSL,Bank transfer (automatic),No
3007-FDPEA,Female,0,No,No,2,New Customer,20.7,Low Value,40.0,Month-to-month,1,No,Bank transfer (automatic),No
6350-XFYGW,Male,1,No,No,4,New Customer,94.75,High Value,422.0,Month-to-month,1,Fiber optic,Electronic check,No
4290-BSXUX,Male,0,Yes,No,3,New Customer,79.65,High Value,252.0,Month-to-month,1,Fiber optic,Bank transfer (automatic),Yes
8513-OLYGY,Male,0,Yes,No,72,Loyal Customer,115.8,High Value,8332.0,Two year,0,Fiber optic,Credit card (automatic),No
0311-QYWSS,Female,0,No,No,6,New Customer,49.45,Medium Value,315.0,Month-to-month,1,DSL,Electronic check,No
8705-DWKTI,Male,0,No,No,52,Loyal Customer,83.8,High Value,4331.0,Month-to-month,1,Fiber optic,Credit card (automatic),No
8755-IWJHN,Male,1,Yes,No,69,Loyal Customer,95.35,High Value,6382.0,Month-to-month,1,Fiber optic,Bank transfer (automatic),No
0325-XBFAC,Male,0,No,No,8,New Customer,94.7,High Value,740.0,Month-to-month,1,Fiber optic,Electronic check,Yes
4480-QQRHC,Female,1,No,No,8,New Customer,74.05,High Value,600.0,Month-to-month,1,Fiber optic,Bank transfer (automatic),No
0929-PECLO,Female,1,No,No,63,Loyal Customer,89.6,High Value,5539.0,Month-to-month,1,Fiber optic,Bank transfer (automatic),No
3680-CTHUH,Male,0,No,No,60,Loyal Customer,116.6,High Value,7050.0,One year,0,Fiber optic,Credit card (automatic),No
1202-KKGFU,Female,0,Yes,No,12,Growing Customer,54.2,Medium Value,691.0,Month-to-month,1,DSL,Bank transfer (automatic),No
6112-KTHFQ,Female,0,No,No,13,Growing Customer,19.3,Low Value,279.0,Month-to-month,1,No,Mailed check,No
1852-XEMDW,Male,0,No,No,22,Growing Customer,65.05,Medium Value,1428.0,Month-to-month,1,DSL,Mailed check,No
2462-XIIJB,Male,0,No,No,5,New Customer,92.5,High Value,453.0,Month-to-month,1,Fiber optic,Electronic check,Yes
4760-XOHVN,Female,0,Yes,Yes,1,New Customer,19.45,Low Value,19.0,Month-to-month,1,No,Mailed check,Yes
1820-DJFPH,Female,0,Yes,Yes,72,Loyal Customer,24.05,Low Value,1709.0,Two year,0,No,Bank transfer (automatic),No
9426-SXNHE,Female,0,No,No,2,New Customer,18.75,Low Value,53.0,Month-to-month,1,No,Bank transfer (automatic),No
9068-FHQHD,Female,0,Yes,Yes,40,Loyal Customer,20.15,Low Value,777.0,Two year,0,No,Bank transfer (automatic),No
1269-FOYWN,Male,0,Yes,Yes,44,Loyal Customer,20.0,Low Value,861.0,One year,0,No,Bank transfer (automatic),No
9470-YFUYI,Male,1,Yes,No,71,Loyal Customer,71.0,High Value,5012.0,One year,0,DSL,Bank transfer (automatic),No
7817-BOQPW,Female,0,No,No,2,New Customer,75.55,High Value,166.0,Month-to-month,1,Fiber optic,Electronic check,Yes
7402-EYFXX,Male,1,No,No,26,Loyal Customer,93.6,High Value,2404.0,Month-to-month,1,Fiber optic,Electronic check,No
1853-UDXBW,Male,0,Yes,Yes,1,New Customer,70.0,High Value,70.0,Month-to-month,1,Fiber optic,Electronic check,Yes
9895-VFOXH,Female,0,No,No,1,New Customer,24.4,Low Value,24.0,Month-to-month,1,DSL,Mailed check,No
5458-CQJTA,Male,0,Yes,Yes,65,Loyal Customer,74.8,High Value,4820.0,Two year,0,DSL,Bank transfer (automatic),Yes
1230-QAJDW,Male,0,No,No,3,New Customer,65.25,Medium Value,210.0,Month-to-month,1,DSL,Mailed check,No
5701-ZIKJE,Male,0,No,No,13,Growing Customer,50.55,Medium Value,611.0,Month-to-month,1,DSL,Mailed check,No
5219-YIPTK,Female,0,Yes,No,33,Loyal Customer,104.4,High Value,3410.0,Month-to-month,1,Fiber optic,Electronic check,Yes
5032-MIYKT,Female,0,No,No,1,New Customer,70.7,High Value,71.0,Month-to-month,1,Fiber optic,Mailed check,No
7396-VJUZB,Male,0,Yes,Yes,4,New Customer,45.25,Medium Value,155.0,Month-to-month,1,DSL,Mailed check,No
9717-QEBGU,Male,0,No,No,2,New Customer,70.3,High Value,144.0,Month-to-month,1,Fiber optic,Electronic check,No
5172-RKOCB,Male,0,Yes,No,72,Loyal Customer,108.95,High Value,7875.0,Two year,0,Fiber optic,Credit card (automatic),No
6509-TSGWN,Female,0,Yes,Yes,37,Loyal Customer,26.45,Low Value,912.0,Month-to-month,1,No,Mailed check,No
3540-RZJYU,Female,0,No,No,15,Growing Customer,86.2,High Value,1270.0,Month-to-month,1,Fiber optic,Electronic check,Yes
3178-CIFOT,Female,0,No,No,23,Growing Customer,19.65,Low Value,478.0,One year,0,No,Credit card (automatic),No
2091-MJTFX,Female,0,Yes,Yes,30,Loyal Customer,51.2,Medium Value,1562.0,Month-to-month,1,DSL,Credit card (automatic),Yes
4530-NDRKU,Female,0,Yes,Yes,42,Loyal Customer,19.05,Low Value,762.0,One year,0,No,Electronic check,No
5985-TBABQ,Female,0,No,No,32,Loyal Customer,74.75,High Value,2283.0,One year,0,DSL,Mailed check,No
9800-ONTFE,Female,0,Yes,Yes,22,Growing Customer,75.8,High Value,1615.0,Month-to-month,1,Fiber optic,Bank transfer (automatic),No
6743-HHQPF,Male,0,Yes,No,42,Loyal Customer,25.1,Low Value,1097.0,Month-to-month,1,DSL,Credit card (automatic),No
8455-HIRAQ,Female,0,No,No,8,New Customer,44.45,Medium Value,369.0,Month-to-month,1,DSL,Mailed check,No
6616-AALSR,Female,0,Yes,Yes,65,Loyal Customer,104.3,High Value,6725.0,Two year,0,Fiber optic,Credit card (automatic),No
0883-EIBTI,Female,0,No,No,2,New Customer,19.5,Low Value,32.0,Month-to-month,1,No,Mailed check,Yes
9415-ZNBSX,Female,0,Yes,Yes,70,Loyal Customer,89.0,High Value,6293.0,Two year,0,DSL,Bank transfer (automatic),No
4018-KJYUY,Male,0,No,Yes,22,Growing Customer,20.15,Low Value,433.0,Month-to-month,1,No,Credit card (automatic),No
0722-TROQR,Female,1,No,No,4,New Customer,74.9,High Value,322.0,Month-to-month,1,Fiber optic,Electronic check,Yes
7571-YXDAD,Female,0,No,No,2,New Customer,74.9,High Value,147.0,Month-to-month,1,Fiber optic,Credit card (automatic),Yes
3884-UEBXB,Female,0,Yes,Yes,67,Loyal Customer,36.15,Medium Value,2434.0,Two year,0,DSL,Bank transfer (automatic),No
8780-RSYYU,Female,0,No,No,25,Loyal Customer,19.2,Low Value,532.0,Month-to-month,1,No,Credit card (automatic),No
5537-UXXVS,Female,0,Yes,No,20,Growing Customer,19.25,Low Value,375.0,Month-to-month,1,No,Bank transfer (automatic),No
1791-PQHBB,Female,0,No,Yes,2,New Customer,61.2,Medium Value,126.0,Month-to-month,1,DSL,Credit card (automatic),No
8701-DGLVH,Male,0,No,No,51,Loyal Customer,20.45,Low Value,1043.0,Two year,0,No,Mailed check,No
8741-LQOBK,Female,0,Yes,Yes,46,Loyal Customer,35.05,Medium Value,1620.0,Month-to-month,1,DSL,Bank transfer (automatic),No
3393-FMZPV,Female,0,No,No,25,Loyal Customer,100.25,High Value,2388.0,Month-to-month,1,Fiber optic,Electronic check,Yes
8082-GHXOP,Male,0,No,Yes,13,Growing Customer,44.0,Medium Value,659.0,Month-to-month,1,DSL,Mailed check,No
6402-ZFPPI,Female,1,No,No,25,Loyal Customer,102.8,High Value,2660.0,Month-to-month,1,Fiber optic,Mailed check,Yes
0980-FEXWF,Male,0,Yes,Yes,26,Loyal Customer,50.35,Medium Value,1286.0,One year,0,DSL,Mailed check,No
7486-KSRVI,Male,0,No,No,43,Loyal Customer,100.0,High Value,4212.0,One year,0,Fiber optic,Electronic check,Yes
3011-WQKSZ,Male,0,No,Yes,19,Growing Customer,20.0,Low Value,378.0,Month-to-month,1,No,Electronic check,No
8443-WVPSS,Male,0,Yes,No,10,New Customer,99.85,High Value,991.0,Month-to-month,1,Fiber optic,Electronic check,Yes
3006-XIMLN,Female,0,No,Yes,2,New Customer,94.2,High Value,194.0,Month-to-month,1,Fiber optic,Bank transfer (automatic),Yes
8218-FFJDS,Female,0,Yes,No,72,Loyal Customer,86.4,High Value,6059.0,Two year,0,DSL,Bank transfer (automatic),No
1986-PHGZF,Male,1,No,No,18,Growing Customer,58.4,Medium Value,965.0,Month-to-month,1,DSL,Credit card (automatic),No
9965-YOKZB,Male,1,No,No,9,New Customer,83.85,High Value,790.0,Month-to-month,1,Fiber optic,Electronic check,Yes
0504-HHAPI,Female,1,No,No,27,Loyal Customer,88.3,High Value,2468.0,Month-to-month,1,Fiber optic,Credit card (automatic),Yes
9360-OMDZZ,Male,0,No,No,24,Loyal Customer,94.1,High Value,2323.0,Month-to-month,1,Fiber optic,Electronic check,No
6305-YLBMM,Male,0,No,No,69,Loyal Customer,104.05,High Value,7262.0,One year,0,Fiber optic,Bank transfer (automatic),Yes
0345-XMMUG,Female,0,Yes,No,46,Loyal Customer,108.9,High Value,4854.0,Two year,0,Fiber optic,Credit card (automatic),No
8024-XNAFQ,Female,1,No,No,72,Loyal Customer,107.4,High Value,7749.0,Two year,0,Fiber optic,Bank transfer (automatic),No
3647-GMGDH,Male,0,Yes,No,22,Growing Customer,94.7,High Value,1915.0,Month-to-month,1,Fiber optic,Credit card (automatic),Yes
2988-GBIVW,Female,1,Yes,No,70,Loyal Customer,90.85,High Value,6470.0,Month-to-month,1,Fiber optic,Electronic check,No
2832-SCUCO,Female,0,No,No,2,New Customer,19.9,Low Value,57.0,Month-to-month,1,No,Electronic check,No
7036-ZZKBD,Male,0,Yes,No,31,Loyal Customer,66.4,Medium Value,2020.0,Month-to-month,1,DSL,Credit card (automatic),No
3791-LGQCY,Female,1,Yes,No,56,Loyal Customer,100.65,High Value,5688.0,Month-to-month,1,Fiber optic,Bank transfer (automatic),Yes
0265-PSUAE,Female,0,Yes,Yes,16,Growing Customer,100.7,High Value,1523.0,Month-to-month,1,Fiber optic,Bank transfer (automatic),No
0463-TXOAK,Male,0,No,Yes,52,Loyal Customer,25.6,Low Value,1335.0,Two year,0,No,Credit card (automatic),No
0594-UFTUL,Male,0,Yes,Yes,13,Growing Customer,19.85,Low Value,252.0,Month-to-month,1,No,Mailed check,No
9509-MPYOD,Female,0,No,No,35,Loyal Customer,20.75,Low Value,700.0,One year,0,No,Mailed check,No
9128-CPXKI,Female,0,No,No,59,Loyal Customer,95.8,High Value,5655.0,Two year,0,Fiber optic,Electronic check,No
0129-KPTWJ,Male,0,Yes,No,72,Loyal Customer,94.65,High Value,6747.0,Month-to-month,1,Fiber optic,Electronic check,No
8166-ZZTFS,Female,1,Yes,No,66,Loyal Customer,80.55,High Value,5265.0,Two year,0,DSL,Bank transfer (automatic),Yes
5855-EIBDE,Female,0,Yes,No,49,Loyal Customer,106.65,High Value,5174.0,Two year,0,Fiber optic,Credit card (automatic),No
5365-LLFYV,Female,0,No,No,2,New Customer,45.85,Medium Value,106.0,Month-to-month,1,DSL,Mailed check,No
5956-YHHRX,Male,1,No,No,21,Growing Customer,104.35,High Value,2272.0,Month-to-month,1,Fiber optic,Electronic check,No
6008-NAIXK,Male,1,No,No,54,Loyal Customer,55.45,Medium Value,2967.0,One year,0,DSL,Electronic check,No
2956-GGUCQ,Male,1,Yes,No,24,Loyal Customer,78.85,High Value,1772.0,Month-to-month,1,Fiber optic,Electronic check,Yes
1928-BXYIV,Male,0,No,No,1,New Customer,61.15,Medium Value,61.0,Month-to-month,1,DSL,Electronic check,No
5760-FXFVO,Male,0,No,No,6,New Customer,78.95,High Value,495.0,Month-to-month,1,Fiber optic,Electronic check,No
6595-COKXZ,Female,0,No,No,1,New Customer,44.45,Medium Value,44.0,Month-to-month,1,DSL,Mailed check,Yes
0961-ZWLVI,Male,0,No,Yes,49,Loyal Customer,109.2,High Value,5290.0,One year,0,Fiber optic,Credit card (automatic),No
5181-OABFK,Female,0,Yes,Yes,56,Loyal Customer,61.3,Medium Value,3347.0,Two year,0,DSL,Credit card (automatic),No
4007-NHVHI,Female,1,No,No,56,Loyal Customer,96.85,High Value,5220.0,Month-to-month,1,Fiber optic,Electronic check,No
7816-VGHTO,Female,0,Yes,Yes,6,New Customer,40.55,Medium Value,218.0,Two year,0,DSL,Mailed check,No
5871-DGTXZ,Male,0,No,No,32,Loyal Customer,19.8,Low Value,608.0,One year,0,No,Mailed check,No
7550-WIQVA,Male,0,Yes,Yes,50,Loyal Customer,108.25,High Value,5431.0,One year,0,Fiber optic,Electronic check,No
7544-ZVIKX,Male,0,Yes,Yes,58,Loyal Customer,105.05,High Value,6005.0,One year,0,Fiber optic,Bank transfer (automatic),No
0016-QLJIS,Female,0,Yes,Yes,65,Loyal Customer,90.45,High Value,5958.0,Two year,0,DSL,Mailed check,No
7508-DQAKK,Female,0,No,No,64,Loyal Customer,86.4,High Value,5442.0,Two year,0,DSL,Credit card (automatic),No
5176-OLSKT,Female,0,Yes,No,66,Loyal Customer,66.9,Medium Value,4370.0,Two year,0,DSL,Bank transfer (automatic),No
9356-AXGMP,Male,0,Yes,No,38,Loyal Customer,110.7,High Value,4429.0,One year,0,Fiber optic,Electronic check,No
3556-BVQGL,Female,0,Yes,No,20,Growing Customer,20.0,Low Value,416.0,One year,0,No,Mailed check,No
0362-ZBZWJ,Male,0,No,No,36,Loyal Customer,84.9,High Value,3067.0,Month-to-month,1,Fiber optic,Electronic check,Yes
8979-CAMGB,Male,1,No,No,64,Loyal Customer,102.1,High Value,6688.0,One year,0,Fiber optic,Electronic check,No
4211-MMAZN,Male,0,No,No,1,New Customer,20.25,Low Value,20.0,Month-to-month,1,No,Mailed check,Yes
7581-EBBOU,Female,0,No,No,60,Loyal Customer,70.15,High Value,4225.0,One year,0,DSL,Credit card (automatic),No
4274-OWWYO,Male,0,No,No,1,New Customer,74.35,High Value,74.0,Month-to-month,1,Fiber optic,Electronic check,Yes
5073-RZGBK,Female,0,Yes,Yes,50,Loyal Customer,80.05,High Value,4042.0,One year,0,DSL,Bank transfer (automatic),No
1541-ETJZO,Male,0,No,No,1,New Customer,62.05,Medium Value,62.0,Month-to-month,1,DSL,Mailed check,Yes
2192-CKRLV,Female,0,Yes,No,72,Loyal Customer,49.2,Medium Value,3581.0,Two year,0,DSL,Electronic check,No
3154-HMWUU,Male,0,Yes,No,60,Loyal Customer,20.5,Low Value,1199.0,Two year,0,No,Bank transfer (automatic),No
6119-SPUDB,Male,0,No,No,46,Loyal Customer,38.25,Medium Value,1755.0,Two year,0,DSL,Mailed check,No
6522-OIQSX,Female,0,Yes,Yes,69,Loyal Customer,54.95,Medium Value,3773.0,Two year,0,DSL,Credit card (automatic),No
7813-ZGGAW,Male,1,No,No,31,Loyal Customer,96.6,High Value,2878.0,Month-to-month,1,Fiber optic,Bank transfer (automatic),No
8748-HFWBO,Male,0,Yes,Yes,19,Growing Customer,19.9,Low Value,358.0,One year,0,No,Mailed check,No
1052-QJIBV,Female,0,Yes,Yes,71,Loyal Customer,19.9,Low Value,1397.0,Two year,0,No,Credit card (automatic),No
1319-YLZJG,Male,0,Yes,No,12,Growing Customer,84.6,High Value,960.0,Month-to-month,1,Fiber optic,Electronic check,No
4106-HADHQ,Male,0,Yes,Yes,39,Loyal Customer,80.0,High Value,3183.0,One year,0,DSL,Credit card (automatic),Yes
0723-FDLAY,Male,0,No,No,44,Loyal Customer,85.25,High Value,3704.0,One year,0,DSL,Bank transfer (automatic),No
3050-RLLXC,Female,0,Yes,Yes,56,Loyal Customer,81.25,High Value,4620.0,Two year,0,DSL,Credit card (automatic),No
9298-WGMRW,Female,0,Yes,No,72,Loyal Customer,115.5,High Value,8313.0,Two year,0,Fiber optic,Bank transfer (automatic),No
2369-UAPKZ,Male,0,No,No,5,New Customer,104.1,High Value,542.0,Month-to-month,1,Fiber optic,Mailed check,Yes
3088-LHEFH,Female,0,No,No,11,New Customer,79.0,High Value,929.0,Month-to-month,1,Fiber optic,Bank transfer (automatic),No
2778-OCLGR,Male,1,Yes,No,24,Loyal Customer,39.1,Medium Value,971.0,Month-to-month,1,DSL,Bank transfer (automatic),Yes
6583-KQJLK,Female,1,Yes,No,15,Growing Customer,94.65,High Value,1285.0,Month-to-month,1,Fiber optic,Electronic check,No
8544-JNBOX,Male,0,No,No,72,Loyal Customer,20.8,Low Value,1521.0,Two year,0,No,Mailed check,No
6681-ZSEXG,Male,0,Yes,No,56,Loyal Customer,59.5,Medium Value,3389.0,Two year,0,DSL,Credit card (automatic),No
6139-ZZRBQ,Male,1,No,No,64,Loyal Customer,20.05,Low Value,1198.0,Two year,0,No,Bank transfer (automatic),No
6116-RFVHN,Female,0,Yes,No,34,Loyal Customer,100.45,High Value,3415.0,Month-to-month,1,Fiber optic,Electronic check,No
0637-KVDLV,Male,0,No,No,2,New Customer,76.5,High Value,162.0,Month-to-month,1,Fiber optic,Electronic check,Yes
8884-FEEWR,Male,0,No,No,35,Loyal Customer,20.6,Low Value,754.0,One year,0,No,Bank transfer (automatic),No
3125-RAHBV,Male,0,No,No,22,Growing Customer,20.3,Low Value,467.0,One year,0,No,Credit card (automatic),No
6633-MPWBS,Male,0,No,No,5,New Customer,49.2,Medium Value,217.0,Month-to-month,1,DSL,Electronic check,Yes
0373-AIVNJ,Male,0,No,No,9,New Customer,39.55,Medium Value,373.0,One year,0,DSL,Mailed check,No
8785-EPNCG,Male,0,No,No,11,New Customer,23.15,Low Value,245.0,Month-to-month,1,No,Credit card (automatic),Yes
1682-VCOIO,Male,0,No,No,23,Growing Customer,20.45,Low Value,481.0,One year,0,No,Mailed check,No
5729-KLZAR,Female,0,Yes,Yes,4,New Customer,80.85,High Value,303.0,Month-to-month,1,Fiber optic,Electronic check,Yes
2072-ZVJJX,Male,0,Yes,No,68,Loyal Customer,25.25,Low Value,1728.0,Two year,0,No,Bank transfer (automatic),No
8849-AYPTR,Male,0,Yes,No,33,Loyal Customer,91.25,High Value,2964.0,Month-to-month,1,Fiber optic,Electronic check,No
9518-IMLHK,Male,0,No,No,31,Loyal Customer,72.45,High Value,2156.0,Month-to-month,1,DSL,Bank transfer (automatic),No
1582-RAFML,Male,0,No,No,1,New Customer,60.1,Medium Value,60.0,Month-to-month,1,DSL,Mailed check,Yes
3646-ITDGM,Female,0,No,No,56,Loyal Customer,19.7,Low Value,1052.0,Two year,0,No,Bank transfer (automatic),No
8740-CRYFY,Male,0,No,No,1,New Customer,78.95,High Value,79.0,Month-to-month,1,Fiber optic,Electronic check,Yes
3569-VLDHH,Male,0,Yes,Yes,66,Loyal Customer,75.1,High Value,5013.0,One year,0,DSL,Electronic check,No
8224-KDLKN,Male,0,Yes,Yes,72,Loyal Customer,25.0,Low Value,1739.0,Two year,0,No,Bank transfer (automatic),No
7594-LZNWR,Male,1,No,No,34,Loyal Customer,69.15,Medium Value,2275.0,Month-to-month,1,Fiber optic,Credit card (automatic),No
4001-TSBTV,Female,0,Yes,Yes,58,Loyal Customer,91.55,High Value,5512.0,Month-to-month,1,Fiber optic,Electronic check,No
2962-XPMCQ,Male,0,No,No,2,New Customer,45.15,Medium Value,99.0,Month-to-month,1,DSL,Electronic check,Yes
8727-XDPUD,Male,0,No,No,37,Loyal Customer,35.8,Medium Value,1317.0,Two year,0,DSL,Credit card (automatic),No
1043-UXOVO,Female,0,No,No,71,Loyal Customer,113.15,High Value,7993.0,Two year,0,Fiber optic,Credit card (automatic),No
1064-FBXNK,Male,0,Yes,Yes,1,New Customer,19.85,Low Value,20.0,One year,0,No,Credit card (automatic),No
3996-ZNWYK,Male,1,Yes,Yes,71,Loyal Customer,19.8,Low Value,1388.0,Two year,0,No,Credit card (automatic),No
2878-DHMIN,Male,0,Yes,Yes,35,Loyal Customer,19.9,Low Value,666.0,One year,0,No,Electronic check,No
7762-ONLJY,Female,0,Yes,Yes,6,New Customer,19.7,Low Value,94.0,One year,0,No,Mailed check,No
1678-FYZOW,Female,0,No,No,3,New Customer,79.4,High Value,245.0,Month-to-month,1,Fiber optic,Electronic check,Yes
5795-BKOYE,Female,0,Yes,Yes,69,Loyal Customer,59.1,Medium Value,4135.0,One year,0,DSL,Bank transfer (automatic),No
8627-EHGIP,Male,0,No,No,44,Loyal Customer,53.95,Medium Value,2375.0,One year,0,DSL,Mailed check,Yes
7402-PWYJJ,Female,0,Yes,No,53,Loyal Customer,91.15,High Value,4863.0,One year,0,Fiber optic,Electronic check,No
5480-TBGPH,Female,0,Yes,No,24,Loyal Customer,99.3,High Value,2431.0,Month-to-month,1,Fiber optic,Credit card (automatic),Yes
0018-NYROU,Female,0,Yes,No,5,New Customer,68.95,Medium Value,352.0,Month-to-month,1,Fiber optic,Electronic check,No
7501-VTYLJ,Female,0,No,Yes,2,New Customer,51.55,Medium Value,106.0,Month-to-month,1,DSL,Mailed check,No
7608-RGIRO,Male,0,No,Yes,62,Loyal Customer,24.4,Low Value,1413.0,Two year,0,No,Mailed check,No
0480-BIXDE,Female,0,Yes,No,19,Growing Customer,96.8,High Value,1743.0,Month-to-month,1,Fiber optic,Electronic check,No
5895-QSXOD,Male,0,No,No,9,New Customer,70.05,High Value,658.0,Month-to-month,1,Fiber optic,Mailed check,No
9814-AOUDH,Male,0,No,No,53,Loyal Customer,19.5,Low Value,1051.0,Two year,0,No,Credit card (automatic),No
6175-IRFIT,Male,0,No,No,5,New Customer,78.75,High Value,426.0,Month-to-month,1,Fiber optic,Mailed check,No
8760-ZRHKE,Female,1,Yes,Yes,71,Loyal Customer,69.2,Medium Value,4983.0,One year,0,DSL,Electronic check,No
1622-HSHSF,Female,0,No,No,1,New Customer,19.55,Low Value,20.0,Month-to-month,1,No,Mailed check,No
8854-CCVSQ,Male,0,No,No,18,Growing Customer,80.65,High Value,1452.0,Month-to-month,1,Fiber optic,Electronic check,Yes
6749-UTDVX,Male,0,No,No,72,Loyal Customer,103.65,High Value,7635.0,Two year,0,Fiber optic,Electronic check,No
5542-DHSXL,Female,0,Yes,No,4,New Customer,54.7,Medium Value,235.0,Month-to-month,1,DSL,Mailed check,No
9102-OXKFY,Male,0,No,No,59,Loyal Customer,54.15,Medium Value,3116.0,Two year,0,DSL,Credit card (automatic),No
0511-JTEOY,Female,0,No,No,1,New Customer,71.1,High Value,71.0,Month-to-month,1,Fiber optic,Mailed check,Yes
5216-WASFJ,Female,1,Yes,No,31,Loyal Customer,84.85,High Value,2633.0,Month-to-month,1,Fiber optic,Electronic check,No
7808-DVWEP,Male,0,Yes,No,3,New Customer,20.0,Low Value,50.0,Month-to-month,1,No,Bank transfer (automatic),No
7067-KSAZT,Female,1,Yes,No,65,Loyal Customer,106.25,High Value,6980.0,One year,0,Fiber optic,Electronic check,Yes
2284-VFLKH,Male,0,Yes,No,49,Loyal Customer,99.25,High Value,4921.0,One year,0,Fiber optic,Credit card (automatic),No
0366-NQSHS,Male,0,No,No,2,New Customer,19.35,Low Value,46.0,Month-to-month,1,No,Mailed check,No
6532-YLWSI,Female,0,Yes,No,53,Loyal Customer,20.8,Low Value,1022.0,One year,0,No,Bank transfer (automatic),Yes
3807-BPOMJ,Female,0,Yes,No,55,Loyal Customer,94.75,High Value,5276.0,One year,0,Fiber optic,Electronic check,No
3892-NXAZG,Male,0,Yes,Yes,72,Loyal Customer,114.05,High Value,8289.0,Two year,0,Fiber optic,Credit card (automatic),No
4948-WBBKL,Female,1,No,No,36,Loyal Customer,74.9,High Value,2659.0,Month-to-month,1,Fiber optic,Bank transfer (automatic),No
4182-BGSIQ,Female,0,Yes,Yes,10,New Customer,19.8,Low Value,197.0,Month-to-month,1,No,Bank transfer (automatic),No
9300-AGZNL,Male,1,No,No,1,New Customer,94.0,High Value,94.0,Month-to-month,1,Fiber optic,Electronic check,Yes
0988-AADSA,Female,0,Yes,Yes,72,Loyal Customer,80.85,High Value,5825.0,Two year,0,DSL,Bank transfer (automatic),No
9972-NKTFD,Female,0,No,No,28,Loyal Customer,54.65,Medium Value,1518.0,Month-to-month,1,DSL,Bank transfer (automatic),No
3717-LNXKW,Male,0,Yes,No,38,Loyal Customer,91.7,High Value,3479.0,Month-to-month,1,Fiber optic,Bank transfer (automatic),No
5734-EJKXG,Female,0,No,No,61,Loyal Customer,118.6,High Value,7366.0,One year,0,Fiber optic,Electronic check,No
2207-RYYRL,Male,0,Yes,Yes,52,Loyal Customer,24.55,Low Value,1331.0,Two year,0,No,Mailed check,No
6729-FZWSY,Male,0,No,No,67,Loyal Customer,19.45,Low Value,1196.0,One year,0,No,Mailed check,No
9695-IDRZR,Female,0,No,Yes,34,Loyal Customer,116.15,High Value,3947.0,Two year,0,Fiber optic,Credit card (automatic),No
8144-DGHXP,Female,0,No,No,54,Loyal Customer,80.6,High Value,4300.0,Two year,0,DSL,Electronic check,No
7814-LEEVE,Female,0,Yes,No,1,New Customer,20.3,Low Value,20.0,Month-to-month,1,No,Bank transfer (automatic),No
1112-CUNAO,Female,1,No,No,15,Growing Customer,89.85,High Value,1425.0,Month-to-month,1,Fiber optic,Electronic check,Yes
5175-AOBHI,Female,0,No,No,4,New Customer,46.0,Medium Value,194.0,Month-to-month,1,DSL,Mailed check,Yes
5174-RNGBH,Female,0,No,No,9,New Customer,66.25,Medium Value,621.0,Month-to-month,1,DSL,Mailed check,Yes
8631-WUXGY,Female,0,No,Yes,46,Loyal Customer,99.8,High Value,4391.0,Month-to-month,1,Fiber optic,Electronic check,No
7270-BDIOA,Female,0,No,No,22,Growing Customer,90.0,High Value,1994.0,Month-to-month,1,Fiber optic,Electronic check,Yes
9565-JSNFM,Male,0,No,No,38,Loyal Customer,70.45,High Value,2598.0,One year,0,Fiber optic,Bank transfer (automatic),Yes
5906-DVAPM,Female,0,Yes,Yes,55,Loyal Customer,75.0,High Value,4214.0,One year,0,DSL,Credit card (automatic),No
6654-QGBZZ,Female,0,No,No,1,New Customer,19.9,Low Value,20.0,Month-to-month,1,No,Mailed check,No
8348-JLBUG,Male,1,Yes,No,64,Loyal Customer,80.3,High Value,5018.0,One year,0,Fiber optic,Credit card (automatic),No
0607-DAAHE,Male,0,No,Yes,53,Loyal Customer,19.75,Low Value,1052.0,Two year,0,No,Bank transfer (automatic),Yes
5641-DMBFJ,Female,0,Yes,No,58,Loyal Customer,84.3,High Value,4916.0,Two year,0,DSL,Electronic check,No
9200-NLNPD,Male,0,Yes,No,56,Loyal Customer,54.05,Medium Value,2960.0,One year,0,DSL,Bank transfer (automatic),No
2664-XJZNO,Male,0,Yes,Yes,72,Loyal Customer,104.9,High Value,7560.0,Two year,0,Fiber optic,Credit card (automatic),No
9732-KPKBW,Male,0,No,No,1,New Customer,53.95,Medium Value,54.0,Month-to-month,1,DSL,Electronic check,Yes
3339-EAQNV,Male,1,Yes,No,72,Loyal Customer,97.25,High Value,7133.0,One year,0,Fiber optic,Credit card (automatic),No
0921-OHLVP,Male,0,No,No,22,Growing Customer,83.05,High Value,1799.0,Month-to-month,1,Fiber optic,Electronic check,No
3389-YGYAI,Female,1,No,No,8,New Customer,105.5,High Value,830.0,Month-to-month,1,Fiber optic,Electronic check,Yes
9560-ARGQJ,Female,0,No,Yes,16,Growing Customer,81.0,High Value,1312.0,Month-to-month,1,Fiber optic,Electronic check,Yes
8350-NYMVI,Female,0,No,No,39,Loyal Customer,41.1,Medium Value,1597.0,Month-to-month,1,DSL,Bank transfer (automatic),No
1600-DILPE,Female,0,No,No,12,Growing Customer,45.0,Medium Value,524.0,Month-to-month,1,DSL,Bank transfer (automatic),No
0536-ESJEP,Male,0,Yes,No,54,Loyal Customer,74.55,High Value,4191.0,Two year,0,DSL,Bank transfer (automatic),No
4654-GGUII,Female,0,No,No,18,Growing Customer,40.2,Medium Value,712.0,One year,0,DSL,Mailed check,No
6478-HRRCZ,Male,0,Yes,No,32,Loyal Customer,70.5,High Value,2202.0,One year,0,DSL,Mailed check,No
8510-BBWMU,Female,0,No,No,41,Loyal Customer,19.75,Low Value,807.0,One year,0,No,Mailed check,No
6857-TKDJV,Male,0,Yes,Yes,67,Loyal Customer,24.65,Low Value,1620.0,Two year,0,No,Bank transfer (automatic),No
2360-RDGRO,Male,0,Yes,No,65,Loyal Customer,104.25,High Value,6813.0,Month-to-month,1,Fiber optic,Electronic check,No
0584-BJQGZ,Female,0,No,No,25,Loyal Customer,78.35,High Value,1838.0,Month-to-month,1,DSL,Bank transfer (automatic),No
5134-IKDAY,Female,0,Yes,Yes,1,New Customer,69.8,Medium Value,70.0,Month-to-month,1,Fiber optic,Electronic check,Yes
1360-XFJMR,Female,0,Yes,No,67,Loyal Customer,109.7,High Value,7344.0,One year,0,Fiber optic,Credit card (automatic),No
3070-DVEYC,Male,1,No,No,7,New Customer,73.75,High Value,545.0,Month-to-month,1,Fiber optic,Mailed check,Yes
5730-RIITO,Female,1,No,No,43,Loyal Customer,33.45,Low Value,1500.0,Month-to-month,1,DSL,Credit card (automatic),No
9058-MJLZC,Female,0,No,No,24,Loyal Customer,94.6,High Value,2283.0,Month-to-month,1,Fiber optic,Electronic check,No
5707-ORNDZ,Male,1,No,No,9,New Customer,54.55,Medium Value,494.0,Month-to-month,1,DSL,Electronic check,Yes
0902-XKXPN,Male,0,Yes,Yes,69,Loyal Customer,20.2,Low Value,1377.0,Two year,0,No,Bank transfer (automatic),No
5177-RVZNU,Female,0,No,Yes,37,Loyal Customer,20.3,Low Value,755.0,One year,0,No,Bank transfer (automatic),No
0056-EPFBG,Male,0,Yes,Yes,20,Growing Customer,39.4,Medium Value,825.0,Two year,0,DSL,Credit card (automatic),No
8993-IZEUX,Male,0,No,No,7,New Customer,69.15,Medium Value,489.0,Month-to-month,1,Fiber optic,Bank transfer (automatic),No
8696-JKZNU,Female,1,No,No,37,Loyal Customer,76.25,High Value,2842.0,Month-to-month,1,Fiber optic,Electronic check,Yes
5380-AFSSK,Female,0,No,No,5,New Customer,93.9,High Value,487.0,Month-to-month,1,Fiber optic,Mailed check,Yes
8190-ZTQFB,Male,0,No,No,41,Loyal Customer,51.35,Medium Value,2075.0,One year,0,DSL,Electronic check,No
0931-MHTEM,Female,0,No,No,54,Loyal Customer,100.05,High Value,5300.0,One year,0,Fiber optic,Credit card (automatic),No
2055-PDADH,Female,1,No,No,3,New Customer,70.4,High Value,205.0,Month-to-month,1,Fiber optic,Electronic check,Yes
7515-LODFU,Male,1,No,No,69,Loyal Customer,20.3,Low Value,1356.0,Two year,0,No,Credit card (automatic),No
0440-UEDAI,Female,0,No,No,53,Loyal Customer,94.45,High Value,5043.0,One year,0,Fiber optic,Credit card (automatic),No
1337-BOZWO,Male,0,Yes,Yes,18,Growing Customer,46.4,Medium Value,812.0,One year,0,DSL,Credit card (automatic),No
0868-VJRDR,Male,0,Yes,No,64,Loyal Customer,104.05,High Value,6606.0,Two year,0,Fiber optic,Credit card (automatic),No
8714-EUHJO,Female,0,Yes,Yes,31,Loyal Customer,91.15,High Value,2995.0,Month-to-month,1,Fiber optic,Electronic check,Yes
6344-SFJVH,Female,0,No,No,20,Growing Customer,24.9,Low Value,506.0,Month-to-month,1,DSL,Credit card (automatic),No
3950-VPYJB,Male,0,Yes,Yes,57,Loyal Customer,59.6,Medium Value,3509.0,One year,0,DSL,Mailed check,No
8041-TMEID,Male,1,Yes,No,63,Loyal Customer,108.5,High Value,6992.0,Two year,0,Fiber optic,Credit card (automatic),No
7321-ZNSLA,Male,0,Yes,Yes,13,Growing Customer,40.55,Medium Value,590.0,Two year,0,DSL,Mailed check,No
6941-KXRRV,Female,1,Yes,No,48,Loyal Customer,58.95,Medium Value,2790.0,One year,0,DSL,Bank transfer (automatic),No
3721-CNEYS,Female,0,No,No,2,New Customer,70.95,High Value,138.0,Month-to-month,1,Fiber optic,Electronic check,Yes
8727-JQFHV,Male,0,Yes,Yes,57,Loyal Customer,20.75,Low Value,1123.0,Two year,0,No,Mailed check,No
9475-NNDGC,Male,0,Yes,No,71,Loyal Customer,113.15,High Value,7953.0,One year,0,Fiber optic,Bank transfer (automatic),No
1355-KUSBG,Female,0,Yes,Yes,7,New Customer,48.8,Medium Value,350.0,Month-to-month,1,DSL,Electronic check,No
3688-FTHLT,Female,0,No,No,16,Growing Customer,63.05,Medium Value,1067.0,Month-to-month,1,DSL,Bank transfer (automatic),No
0899-LIIBW,Male,0,Yes,No,34,Loyal Customer,100.85,High Value,3527.0,Month-to-month,1,Fiber optic,Electronic check,No
2568-OIADY,Female,0,Yes,No,37,Loyal Customer,99.5,High Value,3762.0,Month-to-month,1,Fiber optic,Electronic check,Yes
1384-RCUXW,Male,0,No,No,16,Growing Customer,80.55,High Value,1249.0,Month-to-month,1,Fiber optic,Mailed check,No
5825-XJOCM,Male,0,No,Yes,48,Loyal Customer,64.4,Medium Value,3035.0,One year,0,DSL,Bank transfer (automatic),No
6848-YLDFR,Male,0,Yes,Yes,58,Loyal Customer,75.2,High Value,4301.0,One year,0,DSL,Credit card (automatic),No
8125-QPFJD,Female,0,Yes,No,72,Loyal Customer,84.9,High Value,6065.0,Two year,0,DSL,Bank transfer (automatic),No
2320-YKQBO,Female,0,No,No,7,New Customer,19.3,Low Value,145.0,Month-to-month,1,No,Mailed check,No
1193-RTSLK,Female,0,No,No,38,Loyal Customer,83.9,High Value,3234.0,Month-to-month,1,Fiber optic,Credit card (automatic),Yes
2302-ANTDP,Female,1,Yes,No,48,Loyal Customer,117.45,High Value,5439.0,Month-to-month,1,Fiber optic,Electronic check,Yes
5923-GXUOC,Male,0,No,No,10,New Customer,104.4,High Value,1081.0,Month-to-month,1,Fiber optic,Electronic check,Yes
4973-RLZVI,Female,0,No,No,30,Loyal Customer,74.65,High Value,2309.0,One year,0,DSL,Credit card (automatic),No
7869-ZYDST,Male,0,Yes,No,31,Loyal Customer,59.05,Medium Value,1883.0,Month-to-month,1,DSL,Credit card (automatic),No
4501-UYKBC,Female,1,No,No,46,Loyal Customer,69.1,Medium Value,3255.0,One year,0,DSL,Credit card (automatic),No
1215-EXRMO,Male,0,Yes,No,50,Loyal Customer,20.55,Low Value,1068.0,Two year,0,No,Mailed check,No
2305-MRGLV,Male,0,Yes,No,28,Loyal Customer,76.55,High Value,2065.0,Month-to-month,1,Fiber optic,Bank transfer (automatic),No
8404-VIOMB,Female,0,No,No,66,Loyal Customer,62.5,Medium Value,4136.0,Two year,0,DSL,Bank transfer (automatic),No
5233-GEEAX,Male,1,No,No,8,New Customer,29.4,Low Value,222.0,Month-to-month,1,DSL,Electronic check,Yes
2359-KLTEK,Female,0,Yes,Yes,41,Loyal Customer,94.9,High Value,3848.0,Month-to-month,1,Fiber optic,Bank transfer (automatic),No
5304-EFJLP,Male,1,Yes,No,72,Loyal Customer,111.65,High Value,8023.0,Two year,0,Fiber optic,Bank transfer (automatic),No
2673-ZALNP,Female,0,No,No,7,New Customer,19.9,Low Value,173.0,One year,0,No,Mailed check,No
9184-GALIL,Female,0,Yes,Yes,38,Loyal Customer,20.45,Low Value,781.0,Month-to-month,1,No,Mailed check,No
4393-RYCRE,Male,0,No,No,44,Loyal Customer,106.05,High Value,4511.0,One year,0,Fiber optic,Electronic check,No
9746-MDMBK,Male,0,Yes,Yes,47,Loyal Customer,113.45,High Value,5318.0,One year,0,Fiber optic,Bank transfer (automatic),No
3162-ZJZFU,Male,0,Yes,Yes,53,Loyal Customer,92.55,High Value,4779.0,Month-to-month,1,Fiber optic,Electronic check,No
8404-GFGCZ,Male,0,Yes,No,4,New Customer,65.6,Medium Value,250.0,Month-to-month,1,DSL,Electronic check,No
8875-AKBYH,Male,1,No,No,20,Growing Customer,84.35,High Value,1745.0,Month-to-month,1,Fiber optic,Electronic check,No
4432-ADRLB,Male,0,No,No,2,New Customer,44.65,Medium Value,75.0,Month-to-month,1,DSL,Mailed check,Yes
0533-UCAAU,Male,1,Yes,No,57,Loyal Customer,71.1,High Value,4140.0,One year,0,DSL,Credit card (automatic),No
1394-SUIUH,Female,1,Yes,No,44,Loyal Customer,85.15,High Value,3671.0,Month-to-month,1,Fiber optic,Electronic check,No
3521-MNKLV,Male,0,No,No,24,Loyal Customer,49.7,Medium Value,1168.0,Month-to-month,1,DSL,Mailed check,No
2533-TIBIX,Male,0,Yes,Yes,15,Growing Customer,30.2,Low Value,470.0,Month-to-month,1,DSL,Bank transfer (automatic),No
8993-PHFWD,Female,0,No,No,3,New Customer,25.25,Low Value,59.0,Month-to-month,1,DSL,Electronic check,Yes
1565-RHDJD,Female,0,No,Yes,4,New Customer,84.05,High Value,334.0,Month-to-month,1,Fiber optic,Bank transfer (automatic),Yes
7137-RYLPP,Male,1,Yes,No,37,Loyal Customer,85.7,High Value,3171.0,Month-to-month,1,Fiber optic,Electronic check,Yes
3765-JXVKY,Female,0,No,No,1,New Customer,74.7,High Value,75.0,Month-to-month,1,Fiber optic,Electronic check,Yes
5092-STPKP,Female,0,No,No,24,Loyal Customer,56.35,Medium Value,1381.0,Month-to-month,1,DSL,Credit card (automatic),No
7330-WZLNC,Female,0,No,No,5,New Customer,90.8,High Value,456.0,Month-to-month,1,Fiber optic,Electronic check,Yes
0114-PEGZZ,Female,0,No,No,33,Loyal Customer,107.55,High Value,3646.0,Month-to-month,1,Fiber optic,Electronic check,No
3359-DSRKA,Female,0,Yes,Yes,58,Loyal Customer,19.85,Low Value,1159.0,Two year,0,No,Mailed check,No
8639-NHQEI,Female,0,Yes,Yes,72,Loyal Customer,95.9,High Value,6954.0,Two year,0,Fiber optic,Bank transfer (automatic),No
7161-DFHUF,Female,0,Yes,No,71,Loyal Customer,23.85,Low Value,1672.0,Two year,0,No,Mailed check,No
3957-LXOLK,Female,1,No,No,28,Loyal Customer,106.15,High Value,3153.0,Month-to-month,1,Fiber optic,Electronic check,Yes
3720-DBRWL,Male,0,Yes,No,51,Loyal Customer,83.85,High Value,4307.0,Two year,0,DSL,Credit card (automatic),No
6635-MYYYZ,Female,0,No,No,30,Loyal Customer,85.35,High Value,2530.0,One year,0,DSL,Bank transfer (automatic),Yes
8565-WUXZU,Male,1,Yes,No,72,Loyal Customer,84.8,High Value,6142.0,Two year,0,Fiber optic,Credit card (automatic),No
5281-BUZGT,Male,1,No,No,36,Loyal Customer,90.85,High Value,3187.0,Month-to-month,1,Fiber optic,Electronic check,Yes
4994-OBRSZ,Male,0,No,Yes,14,Growing Customer,76.1,High Value,1055.0,Two year,0,DSL,Bank transfer (automatic),No
0562-FGDCR,Female,0,Yes,Yes,72,Loyal Customer,74.55,High Value,5431.0,Two year,0,DSL,Mailed check,No
2436-QBZFP,Female,0,Yes,Yes,22,Growing Customer,39.2,Medium Value,850.0,Month-to-month,1,DSL,Electronic check,No
3420-YJLQT,Female,0,No,No,2,New Customer,79.55,High Value,152.0,Month-to-month,1,Fiber optic,Electronic check,No
6040-CGACY,Female,0,No,No,15,Growing Customer,19.6,Low Value,299.0,Month-to-month,1,No,Mailed check,No
6582-PLFUU,Male,0,Yes,Yes,51,Loyal Customer,19.55,Low Value,1087.0,Two year,0,No,Credit card (automatic),No
8242-PDSGJ,Male,0,Yes,No,70,Loyal Customer,39.15,Medium Value,2693.0,Two year,0,DSL,Credit card (automatic),No
0264-CNITK,Female,0,Yes,Yes,71,Loyal Customer,20.1,Low Value,1390.0,Two year,0,No,Bank transfer (automatic),No
0089-IIQKO,Female,0,Yes,Yes,39,Loyal Customer,99.95,High Value,3767.0,Month-to-month,1,Fiber optic,Credit card (automatic),No
7839-NUIAA,Female,0,Yes,Yes,61,Loyal Customer,59.8,Medium Value,3642.0,Month-to-month,1,DSL,Electronic check,No
6075-QMNRR,Female,0,No,No,52,Loyal Customer,49.75,Medium Value,2536.0,Month-to-month,1,DSL,Bank transfer (automatic),No
5378-IKEEG,Female,0,No,No,1,New Customer,35.75,Medium Value,36.0,Month-to-month,1,DSL,Electronic check,Yes
5966-EMAZU,Male,0,Yes,No,64,Loyal Customer,108.5,High Value,6881.0,One year,0,Fiber optic,Mailed check,No
0440-EKDCF,Male,0,Yes,No,62,Loyal Customer,60.15,Medium Value,3753.0,Two year,0,DSL,Credit card (automatic),No
4774-HHGGS,Male,0,Yes,No,30,Loyal Customer,19.05,Low Value,638.0,Two year,0,No,Mailed check,No
2718-GAXQD,Female,1,Yes,Yes,4,New Customer,46.0,Medium Value,182.0,Month-to-month,1,DSL,Electronic check,Yes
2055-BFOCC,Male,1,Yes,No,63,Loyal Customer,84.0,High Value,5330.0,One year,0,DSL,Bank transfer (automatic),No
8180-AKMJV,Female,0,No,No,1,New Customer,44.55,Medium Value,45.0,Month-to-month,1,DSL,Credit card (automatic),No
4298-OYIFC,Male,0,Yes,No,15,Growing Customer,103.45,High Value,1540.0,Month-to-month,1,Fiber optic,Electronic check,No
5566-SOEZD,Male,0,Yes,Yes,27,Loyal Customer,80.65,High Value,2210.0,One year,0,Fiber optic,Credit card (automatic),No
9842-EFSYY,Female,0,No,Yes,4,New Customer,57.2,Medium Value,224.0,Month-to-month,1,DSL,Mailed check,No
2272-WUSPA,Female,0,Yes,No,72,Loyal Customer,110.75,High Value,7752.0,Two year,0,Fiber optic,Electronic check,No
4584-LBNMK,Male,1,Yes,No,45,Loyal Customer,24.7,Low Value,1174.0,One year,0,No,Credit card (automatic),No
3898-GUYTS,Female,1,No,No,45,Loyal Customer,97.05,High Value,4385.0,Month-to-month,1,Fiber optic,Electronic check,No
0930-EHUZA,Female,0,No,No,36,Loyal Customer,76.35,High Value,2606.0,One year,0,DSL,Mailed check,No
6413-XKKPU,Male,0,Yes,Yes,17,Growing Customer,89.4,High Value,1539.0,Month-to-month,1,Fiber optic,Electronic check,Yes
9975-SKRNR,Male,0,No,No,1,New Customer,18.9,Low Value,19.0,Month-to-month,1,No,Mailed check,No
3703-KBKZP,Male,1,No,No,16,Growing Customer,74.45,High Value,1261.0,Month-to-month,1,Fiber optic,Bank transfer (automatic),No
1449-XQEMT,Male,0,No,No,3,New Customer,19.8,Low Value,58.0,Month-to-month,1,No,Mailed check,Yes
2626-URJFX,Male,0,Yes,Yes,4,New Customer,50.9,Medium Value,226.0,Month-to-month,1,DSL,Electronic check,Yes
4973-MGTON,Female,0,Yes,No,71,Loyal Customer,84.4,High Value,5969.0,Two year,0,DSL,Credit card (automatic),No
3682-YEUWS,Male,0,Yes,Yes,10,New Customer,24.4,Low Value,254.0,Month-to-month,1,No,Mailed check,No
1223-UNPKS,Male,0,Yes,Yes,20,Growing Customer,20.05,Low Value,400.0,Two year,0,No,Mailed check,No
2612-RRIDN,Male,0,No,No,4,New Customer,81.0,High Value,341.0,Month-to-month,1,Fiber optic,Electronic check,Yes
4735-ASGMA,Male,0,No,No,26,Loyal Customer,98.35,High Value,2515.0,Month-to-month,1,Fiber optic,Electronic check,Yes
3446-QDSZF,Female,0,No,No,4,New Customer,55.5,Medium Value,227.0,Month-to-month,1,DSL,Credit card (automatic),No
3669-LVWZB,Male,0,No,No,5,New Customer,51.0,Medium Value,306.0,Month-to-month,1,DSL,Mailed check,Yes
6892-EZDTG,Female,0,Yes,No,4,New Customer,91.65,High Value,365.0,Month-to-month,1,Fiber optic,Electronic check,Yes
5117-IFGPS,Male,1,Yes,No,29,Loyal Customer,84.3,High Value,2358.0,Month-to-month,1,Fiber optic,Electronic check,No
7379-FNIUJ,Male,0,No,No,2,New Customer,100.2,High Value,199.0,Month-to-month,1,Fiber optic,Electronic check,No
1627-AFWVJ,Female,0,No,No,29,Loyal Customer,19.4,Low Value,554.0,Two year,0,No,Mailed check,No
9725-SCPZG,Male,0,No,Yes,1,New Customer,90.85,High Value,91.0,Month-to-month,1,Fiber optic,Electronic check,Yes
5884-GCYMI,Male,0,No,No,1,New Customer,69.4,Medium Value,69.0,Month-to-month,1,Fiber optic,Mailed check,Yes
3217-FZDMN,Female,1,No,No,8,New Customer,94.45,High Value,743.0,Month-to-month,1,Fiber optic,Credit card (automatic),Yes
4486-EFAEB,Male,0,No,No,13,Growing Customer,20.4,Low Value,252.0,Month-to-month,1,No,Electronic check,No
0060-FUALY,Female,0,Yes,No,59,Loyal Customer,94.75,High Value,5598.0,Month-to-month,1,Fiber optic,Electronic check,No
7853-GVUDZ,Female,0,Yes,Yes,1,New Customer,20.15,Low Value,20.0,Month-to-month,1,No,Credit card (automatic),Yes
7480-QNVZJ,Male,1,No,No,50,Loyal Customer,95.7,High Value,4817.0,Month-to-month,1,Fiber optic,Electronic check,Yes
6954-OOYZZ,Male,0,Yes,No,18,Growing Customer,44.35,Medium Value,768.0,Month-to-month,1,DSL,Bank transfer (automatic),No
7088-FBAWU,Female,0,Yes,Yes,17,Growing Customer,74.55,High Value,1216.0,Month-to-month,1,DSL,Mailed check,No
8313-AFGBW,Male,0,Yes,No,47,Loyal Customer,73.6,High Value,3523.0,Two year,0,DSL,Electronic check,No
3943-KDREE,Female,0,No,No,26,Loyal Customer,74.95,High Value,1835.0,Month-to-month,1,Fiber optic,Bank transfer (automatic),Yes
9239-ZBZZV,Female,0,No,No,6,New Customer,47.95,Medium Value,305.0,Month-to-month,1,DSL,Electronic check,Yes
3097-IDVPU,Male,0,Yes,Yes,19,Growing Customer,50.1,Medium Value,910.0,Month-to-month,1,DSL,Credit card (automatic),No
4398-HSCJH,Female,0,No,No,3,New Customer,63.6,Medium Value,156.0,Month-to-month,1,DSL,Electronic check,Yes
2197-OMWGI,Female,1,Yes,Yes,68,Loyal Customer,53.0,Medium Value,3656.0,Two year,0,DSL,Electronic check,No
2303-PJYHN,Female,0,Yes,No,2,New Customer,19.85,Low Value,52.0,Month-to-month,1,No,Bank transfer (automatic),No
9795-VOWON,Male,0,No,No,7,New Customer,24.35,Low Value,151.0,One year,0,DSL,Credit card (automatic),No
1237-WIYYZ,Female,0,No,No,18,Growing Customer,19.55,Low Value,389.0,Month-to-month,1,No,Mailed check,No
1987-AUELQ,Female,0,Yes,No,71,Loyal Customer,25.05,Low Value,1874.0,Two year,0,No,Credit card (automatic),No
7852-LECYP,Male,1,Yes,No,13,Growing Customer,93.8,High Value,1261.0,Month-to-month,1,Fiber optic,Credit card (automatic),No
4430-UZIPO,Male,0,No,No,3,New Customer,36.85,Medium Value,109.0,Month-to-month,1,DSL,Mailed check,Yes
4822-LPTYJ,Male,0,Yes,No,72,Loyal Customer,103.75,High Value,7346.0,Two year,0,Fiber optic,Bank transfer (automatic),No
8165-CBKXO,Male,0,Yes,Yes,66,Loyal Customer,56.75,Medium Value,3708.0,Two year,0,DSL,Credit card (automatic),No
6527-PZFPV,Male,0,Yes,Yes,24,Loyal Customer,20.8,Low Value,470.0,One year,0,No,Credit card (automatic),No
4855-SNKMY,Female,0,No,No,1,New Customer,44.1,Medium Value,44.0,Month-to-month,1,DSL,Electronic check,Yes
9593-CVZKR,Female,0,Yes,Yes,56,Loyal Customer,24.45,Low Value,1386.0,Two year,0,No,Mailed check,No
8595-SIZNC,Female,1,Yes,No,22,Growing Customer,25.6,Low Value,549.0,One year,0,No,Bank transfer (automatic),No
8008-HAWED,Male,0,No,No,14,Growing Customer,50.75,Medium Value,713.0,Month-to-month,1,DSL,Electronic check,Yes
7124-UGSUR,Female,1,Yes,No,61,Loyal Customer,104.4,High Value,6405.0,One year,0,Fiber optic,Credit card (automatic),Yes
1862-SKORY,Female,1,Yes,No,40,Loyal Customer,39.3,Medium Value,1637.0,Month-to-month,1,DSL,Electronic check,Yes
5236-XMZJY,Female,0,No,No,42,Loyal Customer,59.65,Medium Value,2537.0,Month-to-month,1,DSL,Bank transfer (automatic),No
4827-DPADN,Female,0,Yes,Yes,72,Loyal Customer,83.3,High Value,6043.0,Two year,0,DSL,Bank transfer (automatic),No
2694-CIUMO,Female,0,No,No,12,Growing Customer,79.55,High Value,958.0,Month-to-month,1,Fiber optic,Credit card (automatic),No
5846-ABOBJ,Male,0,Yes,No,71,Loyal Customer,24.45,Low Value,1731.0,Two year,0,No,Bank transfer (automatic),No
1439-LCGVL,Female,0,Yes,No,26,Loyal Customer,19.2,Low Value,460.0,One year,0,No,Mailed check,No
0909-SDHNU,Female,0,No,Yes,7,New Customer,29.8,Low Value,202.0,Month-to-month,1,DSL,Mailed check,No
4647-XXZAM,Female,0,Yes,Yes,6,New Customer,45.5,Medium Value,285.0,Month-to-month,1,DSL,Mailed check,No
1502-XFCVR,Female,0,No,No,58,Loyal Customer,106.45,High Value,6146.0,One year,0,Fiber optic,Electronic check,Yes
7740-KKCXF,Male,0,Yes,No,51,Loyal Customer,30.05,Low Value,1529.0,Month-to-month,1,DSL,Credit card (automatic),No
5360-XGYAZ,Male,0,Yes,Yes,72,Loyal Customer,65.65,Medium Value,4665.0,Two year,0,DSL,Bank transfer (automatic),No
9692-TUSXH,Female,0,No,No,18,Growing Customer,96.05,High Value,1741.0,Month-to-month,1,Fiber optic,Electronic check,Yes
7912-SYRQT,Female,0,No,No,7,New Customer,75.1,High Value,553.0,Month-to-month,1,Fiber optic,Bank transfer (automatic),Yes
3557-HTYWR,Female,0,No,No,47,Loyal Customer,74.05,High Value,3496.0,Two year,0,DSL,Mailed check,No
4816-JBHOV,Male,1,No,No,2,New Customer,44.7,Medium Value,94.0,Month-to-month,1,DSL,Electronic check,Yes
8920-NAVAY,Male,1,No,No,62,Loyal Customer,110.75,High Value,7053.0,One year,0,Fiber optic,Bank transfer (automatic),No
1699-TLDLZ,Female,0,Yes,Yes,16,Growing Customer,19.7,Low Value,302.0,Two year,0,No,Mailed check,No
5600-PDUJF,Male,0,No,No,6,New Customer,49.5,Medium Value,313.0,Month-to-month,1,DSL,Credit card (automatic),No
8292-TYSPY,Male,0,No,No,19,Growing Customer,55.0,Medium Value,1047.0,Month-to-month,1,DSL,Credit card (automatic),Yes
0567-XRHCU,Female,0,Yes,Yes,69,Loyal Customer,43.95,Medium Value,2960.0,Two year,0,DSL,Credit card (automatic),No
1867-BDVFH,Male,0,Yes,Yes,11,New Customer,74.35,High Value,834.0,Month-to-month,1,Fiber optic,Electronic check,Yes
2067-QYTCF,Female,0,Yes,No,64,Loyal Customer,111.15,High Value,6953.0,Month-to-month,1,Fiber optic,Electronic check,No
2359-QWQUL,Female,0,Yes,No,39,Loyal Customer,104.7,High Value,4135.0,One year,0,Fiber optic,Credit card (automatic),Yes
9103-TCIHJ,Female,0,No,No,15,Growing Customer,55.7,Medium Value,900.0,Month-to-month,1,DSL,Mailed check,Yes
7407-SUJIZ,Male,0,No,No,25,Loyal Customer,20.6,Low Value,542.0,Month-to-month,1,No,Mailed check,No
9150-KPBJQ,Female,0,No,No,6,New Customer,19.65,Low Value,117.0,Two year,0,No,Credit card (automatic),No
0052-DCKON,Male,0,Yes,No,66,Loyal Customer,115.8,High Value,7942.0,One year,0,Fiber optic,Bank transfer (automatic),No
3654-ARMGP,Female,0,No,No,61,Loyal Customer,88.65,High Value,5321.0,Two year,0,DSL,Credit card (automatic),No
9699-UBQFS,Female,1,Yes,No,43,Loyal Customer,94.5,High Value,4157.0,Month-to-month,1,Fiber optic,Electronic check,No
9367-TCUYN,Female,0,No,No,12,Growing Customer,20.1,Low Value,224.0,Month-to-month,1,No,Mailed check,No
1261-FWTTE,Male,1,No,No,23,Growing Customer,34.65,Low Value,768.0,Month-to-month,1,DSL,Bank transfer (automatic),No
3528-HFRIQ,Male,1,Yes,No,71,Loyal Customer,52.3,Medium Value,3765.0,Month-to-month,1,DSL,Bank transfer (automatic),No
0708-SJDIS,Female,0,No,No,34,Loyal Customer,65.0,Medium Value,2158.0,Month-to-month,1,DSL,Mailed check,No
4140-WJAWW,Female,0,No,No,5,New Customer,19.85,Low Value,108.0,Month-to-month,1,No,Credit card (automatic),Yes
2073-QBVBI,Female,0,Yes,No,41,Loyal Customer,35.45,Medium Value,1392.0,One year,0,DSL,Mailed check,No
6928-ONTRW,Female,0,Yes,Yes,72,Loyal Customer,19.7,Low Value,1380.0,Two year,0,No,Credit card (automatic),No
3320-VEOYC,Male,1,No,No,14,Growing Customer,95.6,High Value,1273.0,Month-to-month,1,Fiber optic,Electronic check,No
5231-FIQPA,Female,0,No,No,41,Loyal Customer,19.85,Low Value,810.0,Two year,0,No,Mailed check,No
6617-WLBQC,Female,0,Yes,Yes,23,Growing Customer,81.85,High Value,1811.0,One year,0,Fiber optic,Credit card (automatic),No
2599-CIPQE,Male,0,Yes,Yes,71,Loyal Customer,109.3,High Value,7783.0,Two year,0,Fiber optic,Credit card (automatic),No
6653-CBBOM,Female,0,No,No,1,New Customer,70.3,High Value,70.0,Month-to-month,1,Fiber optic,Electronic check,Yes
8774-GSBUN,Male,0,Yes,No,72,Loyal Customer,25.4,Low Value,1797.0,Two year,0,No,Mailed check,No
7326-RIGQZ,Male,0,Yes,Yes,6,New Customer,69.8,Medium Value,378.0,Month-to-month,1,Fiber optic,Electronic check,No
1401-FTHFQ,Male,0,Yes,Yes,23,Growing Customer,20.0,Low Value,445.0,One year,0,No,Credit card (automatic),No
3247-ZVOUO,Male,1,Yes,No,10,New Customer,85.55,High Value,852.0,Month-to-month,1,Fiber optic,Electronic check,Yes
0254-FNMCI,Female,0,No,No,72,Loyal Customer,109.9,High Value,7624.0,Two year,0,Fiber optic,Electronic check,No
1848-LBZHY,Female,0,Yes,No,7,New Customer,50.3,Medium Value,355.0,Month-to-month,1,DSL,Bank transfer (automatic),No
6101-IMRMM,Male,0,No,Yes,6,New Customer,94.5,High Value,575.0,Month-to-month,1,Fiber optic,Mailed check,Yes
8118-TJAFG,Male,0,Yes,Yes,9,New Customer,101.5,High Value,907.0,Month-to-month,1,Fiber optic,Electronic check,No
5429-LWCMV,Female,0,No,No,12,Growing Customer,89.15,High Value,1058.0,Month-to-month,1,Fiber optic,Electronic check,No
7298-IZWLY,Female,0,No,No,1,New Customer,19.4,Low Value,19.0,Month-to-month,1,No,Mailed check,No
9758-MFWGD,Female,1,Yes,Yes,48,Loyal Customer,29.9,Low Value,1389.0,One year,0,DSL,Bank transfer (automatic),No
3955-JBZZM,Male,0,No,No,20,Growing Customer,78.8,High Value,1641.0,Month-to-month,1,Fiber optic,Electronic check,No
1268-ASBGA,Female,1,Yes,No,16,Growing Customer,85.35,High Value,1375.0,Month-to-month,1,Fiber optic,Credit card (automatic),Yes
8943-URTMR,Female,0,No,No,2,New Customer,79.65,High Value,153.0,Month-to-month,1,Fiber optic,Mailed check,Yes
4815-TUMEQ,Female,0,No,No,10,New Customer,19.3,Low Value,185.0,One year,0,No,Mailed check,No
4713-LZDRV,Female,1,No,No,2,New Customer,79.6,High Value,195.0,Month-to-month,1,Fiber optic,Electronic check,Yes
9909-IDLEK,Male,0,Yes,Yes,20,Growing Customer,96.8,High Value,1827.0,Month-to-month,1,Fiber optic,Mailed check,No
4092-OFQZS,Male,0,Yes,No,20,Growing Customer,20.65,Low Value,418.0,One year,0,No,Mailed check,No
1561-BWHIN,Male,0,Yes,Yes,19,Growing Customer,19.8,Low Value,345.0,One year,0,No,Mailed check,No
4325-NFSKC,Male,1,No,No,19,Growing Customer,90.6,High Value,1660.0,Month-to-month,1,Fiber optic,Electronic check,Yes
9927-DSWDF,Male,0,Yes,No,22,Growing Customer,104.6,High Value,2181.0,Month-to-month,1,Fiber optic,Electronic check,No
9500-LTVBP,Female,0,No,No,35,Loyal Customer,80.05,High Value,2836.0,Month-to-month,1,Fiber optic,Credit card (automatic),No
7252-NTGSS,Female,0,No,No,1,New Customer,45.15,Medium Value,45.0,Month-to-month,1,DSL,Mailed check,No
8149-AIQCG,Male,0,No,No,39,Loyal Customer,73.15,High Value,2731.0,Month-to-month,1,Fiber optic,Credit card (automatic),No
1360-JYXKQ,Female,1,Yes,No,54,Loyal Customer,99.1,High Value,5437.0,One year,0,Fiber optic,Electronic check,No
2955-PSXOE,Female,0,No,No,1,New Customer,20.2,Low Value,20.0,Month-to-month,1,No,Bank transfer (automatic),Yes
7762-URZQH,Male,0,Yes,No,66,Loyal Customer,106.05,High Value,6981.0,Two year,0,Fiber optic,Credit card (automatic),Yes
0899-WZRSD,Male,0,No,No,56,Loyal Customer,105.35,High Value,5794.0,Month-to-month,1,Fiber optic,Mailed check,No
3255-GRXMG,Male,0,No,Yes,18,Growing Customer,45.65,Medium Value,747.0,Month-to-month,1,DSL,Credit card (automatic),No
4828-FAZPK,Female,0,Yes,Yes,16,Growing Customer,79.95,High Value,1268.0,Month-to-month,1,Fiber optic,Credit card (automatic),No
6094-ZIVKX,Female,0,No,No,68,Loyal Customer,54.45,Medium Value,3675.0,One year,0,DSL,Credit card (automatic),No
6925-BAYGL,Female,1,Yes,No,53,Loyal Customer,25.1,Low Value,1276.0,Two year,0,No,Credit card (automatic),No
3262-EIDHV,Female,0,Yes,Yes,72,Loyal Customer,84.7,High Value,5894.0,Two year,0,DSL,Credit card (automatic),No
7354-OIJLX,Male,0,No,No,9,New Customer,75.85,High Value,725.0,Month-to-month,1,Fiber optic,Electronic check,No
1376-HHBDV,Female,0,No,No,30,Loyal Customer,48.8,Medium Value,1537.0,Month-to-month,1,DSL,Mailed check,No
6907-NZZIJ,Female,0,No,No,36,Loyal Customer,99.15,High Value,3616.0,Month-to-month,1,Fiber optic,Electronic check,Yes
6133-OZILE,Female,0,No,No,18,Growing Customer,35.2,Medium Value,607.0,Month-to-month,1,DSL,Electronic check,No
4135-FRWKJ,Female,1,Yes,Yes,55,Loyal Customer,76.25,High Value,4155.0,One year,0,DSL,Electronic check,No
2911-UREFD,Female,0,Yes,No,39,Loyal Customer,55.9,Medium Value,2184.0,Month-to-month,1,DSL,Electronic check,Yes
3744-ZRRDZ,Male,0,No,No,21,Growing Customer,82.35,High Value,1853.0,Month-to-month,1,Fiber optic,Electronic check,Yes
5673-TIYIB,Male,0,No,No,2,New Customer,40.4,Medium Value,77.0,Month-to-month,1,DSL,Credit card (automatic),Yes
6551-ZCOTS,Male,1,No,No,33,Loyal Customer,24.9,Low Value,848.0,One year,0,No,Bank transfer (automatic),No
7191-ADRGF,Male,0,Yes,No,44,Loyal Customer,54.3,Medium Value,2390.0,Two year,0,DSL,Bank transfer (automatic),No
5018-LXQQG,Female,0,Yes,Yes,30,Loyal Customer,66.3,Medium Value,1924.0,Month-to-month,1,DSL,Bank transfer (automatic),No
6892-BOGQE,Female,0,Yes,No,71,Loyal Customer,20.9,Low Value,1493.0,Two year,0,No,Bank transfer (automatic),No
1602-IJQQE,Female,0,No,No,4,New Customer,75.35,High Value,338.0,Month-to-month,1,Fiber optic,Electronic check,Yes
4628-WQCQQ,Male,0,No,Yes,35,Loyal Customer,85.15,High Value,3031.0,One year,0,Fiber optic,Electronic check,Yes
1746-TGTWV,Male,0,Yes,No,1,New Customer,75.35,High Value,75.0,Month-to-month,1,Fiber optic,Credit card (automatic),No
5995-SNNEW,Male,1,Yes,No,23,Growing Customer,104.45,High Value,2185.0,Month-to-month,1,Fiber optic,Electronic check,No
8050-WYBND,Female,0,No,Yes,22,Growing Customer,49.45,Medium Value,1031.0,One year,0,DSL,Credit card (automatic),No
2821-WARNZ,Female,0,No,Yes,49,Loyal Customer,19.45,Low Value,921.0,One year,0,No,Credit card (automatic),No
4879-GZLFH,Female,0,Yes,Yes,42,Loyal Customer,92.15,High Value,3875.0,Month-to-month,1,Fiber optic,Electronic check,No
1644-IRKSF,Female,0,Yes,Yes,33,Loyal Customer,93.8,High Value,3125.0,One year,0,Fiber optic,Electronic check,Yes
8314-HTWVE,Female,0,Yes,Yes,7,New Customer,19.85,Low Value,144.0,Two year,0,No,Mailed check,No
9402-ROUMJ,Female,0,Yes,Yes,67,Loyal Customer,100.25,High Value,6689.0,One year,0,Fiber optic,Bank transfer (automatic),No
2507-QZPQS,Male,0,No,No,15,Growing Customer,95.7,High Value,1451.0,Month-to-month,1,Fiber optic,Electronic check,No
7159-NOKYQ,Male,0,Yes,No,67,Loyal Customer,93.15,High Value,6368.0,Two year,0,Fiber optic,Electronic check,No
5707-ZMDJP,Male,0,Yes,Yes,53,Loyal Customer,69.7,Medium Value,3730.0,Two year,0,DSL,Mailed check,No
8779-YIQQA,Male,0,Yes,Yes,21,Growing Customer,19.8,Low Value,350.0,One year,0,No,Mailed check,No
7136-IHZJA,Female,0,Yes,Yes,40,Loyal Customer,71.35,High Value,2847.0,Month-to-month,1,DSL,Mailed check,No
8966-OIQHG,Female,0,Yes,Yes,22,Growing Customer,20.75,Low Value,452.0,One year,0,No,Bank transfer (automatic),No
7074-STDCN,Male,0,No,No,39,Loyal Customer,40.6,Medium Value,1495.0,Month-to-month,1,DSL,Electronic check,No
3705-PSNGL,Male,0,No,No,45,Loyal Customer,20.4,Low Value,930.0,One year,0,No,Electronic check,Yes
8739-QOTTN,Female,0,Yes,No,2,New Customer,20.35,Low Value,42.0,Month-to-month,1,No,Mailed check,No
1399-OUPJN,Female,0,Yes,Yes,57,Loyal Customer,19.75,Low Value,1272.0,Two year,0,No,Bank transfer (automatic),No
0277-BKSQP,Male,0,Yes,Yes,8,New Customer,54.4,Medium Value,475.0,Month-to-month,1,DSL,Electronic check,No
6502-HCJTI,Male,1,Yes,No,7,New Customer,94.7,High Value,673.0,Month-to-month,1,Fiber optic,Credit card (automatic),Yes
2606-RMDHZ,Male,0,No,No,6,New Customer,30.5,Low Value,209.0,Month-to-month,1,DSL,Credit card (automatic),Yes
5774-XZTQC,Female,0,Yes,Yes,7,New Customer,20.45,Low Value,151.0,Month-to-month,1,No,Mailed check,No
2676-SSLTO,Male,0,No,No,49,Loyal Customer,66.15,Medium Value,3199.0,Two year,0,DSL,Bank transfer (automatic),No
6266-QHOJZ,Female,0,No,No,65,Loyal Customer,89.85,High Value,5845.0,One year,0,Fiber optic,Electronic check,No
7269-JISCY,Female,0,No,No,55,Loyal Customer,45.05,Medium Value,2463.0,One year,0,DSL,Bank transfer (automatic),No
0363-SVHYR,Male,0,Yes,Yes,71,Loyal Customer,86.85,High Value,6264.0,Two year,0,DSL,Bank transfer (automatic),No
8547-NSBBO,Male,0,No,No,35,Loyal Customer,96.75,High Value,3403.0,Month-to-month,1,Fiber optic,Mailed check,No
8258-GSTJK,Male,1,No,No,3,New Customer,77.0,High Value,238.0,Month-to-month,1,Fiber optic,Electronic check,Yes
6861-OKBCE,Female,0,No,Yes,11,New Customer,20.1,Low Value,221.0,Month-to-month,1,No,Credit card (automatic),Yes
9940-RHLFB,Female,0,No,No,1,New Customer,75.3,High Value,75.0,Month-to-month,1,Fiber optic,Electronic check,Yes
6591-QGOYB,Male,0,No,No,17,Growing Customer,106.65,High Value,1672.0,Month-to-month,1,Fiber optic,Bank transfer (automatic),No
9070-BCKQP,Female,0,Yes,No,72,Loyal Customer,110.15,High Value,7881.0,Two year,0,Fiber optic,Credit card (automatic),No
6421-SZVEM,Female,0,Yes,Yes,28,Loyal Customer,82.85,High Value,2321.0,One year,0,Fiber optic,Bank transfer (automatic),No
1328-EUZHC,Female,0,Yes,No,18,Growing Customer,20.1,Low Value,371.0,Two year,0,No,Mailed check,No
2995-UPRYS,Female,1,Yes,No,40,Loyal Customer,99.2,High Value,4062.0,One year,0,Fiber optic,Credit card (automatic),Yes
8878-RYUKI,Female,0,No,No,52,Loyal Customer,59.45,Medium Value,3044.0,Month-to-month,1,DSL,Electronic check,No
9633-DENPU,Female,0,Yes,No,47,Loyal Customer,58.6,Medium Value,2723.0,Month-to-month,1,DSL,Bank transfer (automatic),No
7811-JIVPF,Female,0,No,No,23,Growing Customer,49.7,Medium Value,1081.0,Month-to-month,1,DSL,Credit card (automatic),No
7113-HIPFI,Male,0,Yes,Yes,66,Loyal Customer,65.85,Medium Value,4097.0,Two year,0,DSL,Mailed check,No
8541-QVFKM,Female,0,No,No,8,New Customer,73.5,High Value,632.0,Month-to-month,1,Fiber optic,Electronic check,No
6686-YPGHK,Male,1,No,No,47,Loyal Customer,85.5,High Value,4042.0,Month-to-month,1,Fiber optic,Mailed check,Yes
1383-EZRWL,Female,0,No,No,7,New Customer,20.05,Low Value,165.0,Month-to-month,1,No,Mailed check,Yes
9258-CNWAC,Female,0,Yes,Yes,71,Loyal Customer,113.65,High Value,8167.0,Two year,0,Fiber optic,Credit card (automatic),No
5371-VYLSX,Female,1,No,No,50,Loyal Customer,83.4,High Value,4114.0,Month-to-month,1,Fiber optic,Electronic check,No
6374-AFWOX,Male,0,Yes,No,46,Loyal Customer,65.65,Medium Value,3047.0,Two year,0,DSL,Mailed check,No
4759-TRPLW,Male,0,No,No,1,New Customer,70.4,High Value,70.0,Month-to-month,1,Fiber optic,Electronic check,Yes
5317-FLPJF,Female,0,No,No,66,Loyal Customer,61.35,Medium Value,4193.0,Two year,0,DSL,Bank transfer (automatic),No
7621-VPNET,Female,0,Yes,No,42,Loyal Customer,85.9,High Value,3730.0,Month-to-month,1,Fiber optic,Credit card (automatic),No
6034-YMTOB,Female,0,No,No,5,New Customer,75.65,High Value,399.0,Month-to-month,1,Fiber optic,Mailed check,No
8563-IIOXK,Male,0,Yes,Yes,7,New Customer,49.75,Medium Value,331.0,One year,0,DSL,Electronic check,Yes
4903-CNOZC,Male,0,No,No,29,Loyal Customer,70.9,High Value,1965.0,One year,0,DSL,Credit card (automatic),No
4353-HYOJD,Female,0,Yes,Yes,27,Loyal Customer,49.85,Medium Value,1336.0,Month-to-month,1,DSL,Mailed check,No
8020-BWHYL,Female,1,No,No,15,Growing Customer,75.3,High Value,1147.0,Month-to-month,1,Fiber optic,Credit card (automatic),Yes
7267-FRMJW,Female,0,Yes,Yes,25,Loyal Customer,20.1,Low Value,486.0,Two year,0,No,Mailed check,No
2982-VPSGI,Female,0,Yes,No,11,New Customer,94.0,High Value,1079.0,Month-to-month,1,Fiber optic,Electronic check,Yes
4188-FRABG,Male,0,Yes,No,57,Loyal Customer,103.05,High Value,5926.0,Month-to-month,1,Fiber optic,Electronic check,No
8199-ZLLSA,Male,0,No,No,67,Loyal Customer,118.35,High Value,7804.0,One year,0,Fiber optic,Bank transfer (automatic),Yes
4128-ETESU,Female,1,Yes,No,47,Loyal Customer,99.7,High Value,4747.0,Month-to-month,1,Fiber optic,Electronic check,No
0620-DLSLK,Female,0,No,No,13,Growing Customer,81.9,High Value,1029.0,Month-to-month,1,Fiber optic,Mailed check,No
4625-EWPTF,Male,0,No,No,8,New Customer,30.45,Low Value,226.0,Month-to-month,1,DSL,Electronic check,Yes
5980-NOPLP,Female,0,Yes,No,44,Loyal Customer,96.1,High Value,4364.0,Month-to-month,1,Fiber optic,Electronic check,Yes
3850-OKINF,Male,0,Yes,Yes,71,Loyal Customer,66.2,Medium Value,4693.0,One year,0,DSL,Electronic check,No
6892-XPFPU,Male,1,Yes,No,24,Loyal Customer,104.25,High Value,2434.0,Month-to-month,1,Fiber optic,Electronic check,Yes
8010-EZLOU,Male,1,No,No,15,Growing Customer,80.2,High Value,1217.0,Month-to-month,1,Fiber optic,Electronic check,Yes
1156-ZFYDO,Female,0,No,No,1,New Customer,19.75,Low Value,20.0,Month-to-month,1,No,Electronic check,No
3295-YVUSR,Male,1,No,No,2,New Customer,72.6,High Value,154.0,Month-to-month,1,Fiber optic,Mailed check,No
8016-NCFVO,Male,1,No,No,55,Loyal Customer,116.5,High Value,6383.0,Month-to-month,1,Fiber optic,Electronic check,No
4119-ZYPZY,Male,1,No,No,71,Loyal Customer,106.8,High Value,7623.0,Two year,0,Fiber optic,Electronic check,No
5549-ZGHFB,Male,0,Yes,Yes,50,Loyal Customer,24.95,Low Value,1261.0,Two year,0,No,Mailed check,No
7577-SWIFR,Male,0,No,No,1,New Customer,89.25,High Value,89.0,Month-to-month,1,Fiber optic,Electronic check,No
0303-WMMRN,Male,0,No,No,5,New Customer,19.25,Low Value,86.0,Month-to-month,1,No,Mailed check,No
6408-OTUBZ,Female,0,No,No,66,Loyal Customer,104.55,High Value,6779.0,One year,0,Fiber optic,Bank transfer (automatic),No
5204-HMGYF,Female,0,Yes,Yes,49,Loyal Customer,87.2,High Value,4345.0,One year,0,DSL,Mailed check,No
1078-TDCRN,Female,1,Yes,No,3,New Customer,30.75,Low Value,83.0,Month-to-month,1,DSL,Electronic check,No
3727-OVPRY,Male,0,Yes,Yes,66,Loyal Customer,25.7,Low Value,1715.0,One year,0,No,Credit card (automatic),No
3797-FKOGQ,Male,0,No,Yes,11,New Customer,86.2,High Value,893.0,Month-to-month,1,Fiber optic,Electronic check,No
7622-NXQZR,Male,0,No,No,28,Loyal Customer,30.1,Low Value,811.0,Month-to-month,1,DSL,Credit card (automatic),No
6196-HBOBZ,Male,0,Yes,No,65,Loyal Customer,99.35,High Value,6348.0,Two year,0,Fiber optic,Electronic check,No
3970-XGJDU,Female,0,No,No,62,Loyal Customer,19.2,Low Value,1124.0,Two year,0,No,Credit card (automatic),No
7017-VFULY,Female,0,Yes,No,2,New Customer,20.1,Low Value,43.0,Month-to-month,1,No,Bank transfer (automatic),No
5562-YJQGT,Female,0,No,No,2,New Customer,20.35,Low Value,35.0,Month-to-month,1,No,Credit card (automatic),No
8807-OPMBM,Female,0,Yes,Yes,55,Loyal Customer,25.65,Low Value,1388.0,Two year,0,No,Credit card (automatic),No
5439-WIKXB,Male,1,Yes,No,41,Loyal Customer,94.55,High Value,3851.0,Month-to-month,1,Fiber optic,Electronic check,No
9874-QLCLH,Female,0,Yes,Yes,17,Growing Customer,104.2,High Value,1744.0,Month-to-month,1,Fiber optic,Electronic check,Yes
8294-UIMBA,Female,0,No,No,30,Loyal Customer,94.4,High Value,2638.0,One year,0,Fiber optic,Bank transfer (automatic),No
8109-YUOHE,Male,0,No,No,17,Growing Customer,56.1,Medium Value,947.0,One year,0,DSL,Mailed check,No
5840-NVDCG,Female,0,Yes,Yes,16,Growing Customer,68.25,Medium Value,1115.0,Two year,0,DSL,Bank transfer (automatic),No
8092-NLTGF,Male,0,No,No,72,Loyal Customer,24.75,Low Value,1778.0,Two year,0,No,Bank transfer (automatic),No
5928-QLDHB,Male,0,No,No,9,New Customer,76.25,High Value,685.0,Month-to-month,1,Fiber optic,Electronic check,No
9840-EFJQB,Female,0,No,No,1,New Customer,74.35,High Value,74.0,Month-to-month,1,Fiber optic,Electronic check,No
0696-UKTOX,Male,0,No,Yes,23,Growing Customer,54.15,Medium Value,1312.0,Month-to-month,1,DSL,Electronic check,No
4801-KFYKL,Male,0,No,Yes,8,New Customer,19.45,Low Value,159.0,Month-to-month,1,No,Bank transfer (automatic),No
3472-OAOOR,Male,0,Yes,Yes,19,Growing Customer,34.95,Low Value,610.0,Month-to-month,1,DSL,Mailed check,No
6135-OZQVA,Female,0,No,No,7,New Customer,53.65,Medium Value,404.0,Month-to-month,1,DSL,Electronic check,No
8062-YBDOE,Male,1,No,No,1,New Customer,69.65,Medium Value,70.0,Month-to-month,1,Fiber optic,Electronic check,Yes
2252-JHJGE,Male,0,No,No,61,Loyal Customer,104.0,High Value,6363.0,One year,0,Fiber optic,Electronic check,No
4188-PCPIG,Female,0,Yes,No,57,Loyal Customer,70.35,High Value,4125.0,Two year,0,DSL,Credit card (automatic),No
6000-APYLU,Male,0,No,No,9,New Customer,80.8,High Value,713.0,Month-to-month,1,Fiber optic,Electronic check,Yes
7105-BENQF,Male,0,No,Yes,15,Growing Customer,64.85,Medium Value,951.0,One year,0,DSL,Mailed check,No
7721-DVEKZ,Female,0,No,No,1,New Customer,19.65,Low Value,20.0,Month-to-month,1,No,Mailed check,No
3566-VVORZ,Female,0,Yes,No,12,Growing Customer,45.9,Medium Value,506.0,Month-to-month,1,DSL,Bank transfer (automatic),No
9507-HSMMZ,Male,0,No,No,54,Loyal Customer,20.0,Low Value,1150.0,Two year,0,No,Mailed check,No
2480-SQIOB,Male,0,Yes,Yes,4,New Customer,44.8,Medium Value,170.0,Month-to-month,1,DSL,Electronic check,No
0947-IDHRQ,Female,0,No,No,7,New Customer,80.3,High Value,527.0,Month-to-month,1,Fiber optic,Mailed check,Yes
7813-TKCVO,Female,0,Yes,No,20,Growing Customer,20.35,Low Value,393.0,One year,0,No,Mailed check,No
0128-MKWSG,Female,0,No,Yes,26,Loyal Customer,45.8,Medium Value,1147.0,Month-to-month,1,DSL,Mailed check,No
3672-YITQD,Male,1,Yes,No,36,Loyal Customer,84.1,High Value,3022.0,Month-to-month,1,Fiber optic,Electronic check,Yes
4350-ZTLPI,Female,0,Yes,No,53,Loyal Customer,108.95,High Value,5718.0,One year,0,Fiber optic,Bank transfer (automatic),No
9048-JVYVF,Male,0,No,No,3,New Customer,69.35,Medium Value,191.0,Month-to-month,1,DSL,Electronic check,Yes
0361-HJRDX,Female,0,No,No,68,Loyal Customer,64.35,Medium Value,4540.0,Two year,0,DSL,Credit card (automatic),No
5727-MYATE,Male,0,Yes,Yes,72,Loyal Customer,90.8,High Value,6398.0,Two year,0,DSL,Credit card (automatic),No
3823-KYNQY,Male,0,No,No,12,Growing Customer,24.95,Low Value,280.0,One year,0,No,Credit card (automatic),No
8988-ECPJR,Female,1,Yes,Yes,34,Loyal Customer,79.6,High Value,2718.0,Month-to-month,1,Fiber optic,Mailed check,Yes
7570-WELNY,Female,0,Yes,No,68,Loyal Customer,84.7,High Value,5711.0,Two year,0,Fiber optic,Bank transfer (automatic),No
3021-VLNRJ,Female,0,No,Yes,50,Loyal Customer,70.8,High Value,3478.0,One year,0,DSL,Credit card (automatic),No
3776-EKTKM,Female,1,No,No,1,New Customer,36.45,Medium Value,36.0,Month-to-month,1,DSL,Electronic check,Yes
2080-CAZNM,Female,1,No,No,41,Loyal Customer,104.4,High Value,4134.0,Month-to-month,1,Fiber optic,Electronic check,No
1028-FFNJK,Male,1,Yes,No,30,Loyal Customer,101.5,High Value,2918.0,Month-to-month,1,Fiber optic,Electronic check,No
6907-FLBER,Male,0,No,No,1,New Customer,54.3,Medium Value,54.0,Month-to-month,1,DSL,Electronic check,No
3001-UNBTL,Male,1,Yes,Yes,29,Loyal Customer,103.95,High Value,2965.0,Month-to-month,1,Fiber optic,Electronic check,No
5982-PSMKW,Female,0,Yes,Yes,23,Growing Customer,91.1,High Value,2198.0,Two year,0,DSL,Credit card (automatic),No
3507-GASNP,Male,0,No,Yes,60,Loyal Customer,19.95,Low Value,1190.0,Two year,0,No,Mailed check,No
7096-ZNBZI,Female,0,Yes,No,72,Loyal Customer,26.45,Low Value,1915.0,Two year,0,No,Credit card (automatic),No
1902-XBTFB,Male,0,No,Yes,22,Growing Customer,89.4,High Value,2002.0,Month-to-month,1,Fiber optic,Electronic check,Yes
1676-MQAOA,Male,0,No,No,72,Loyal Customer,75.1,High Value,5336.0,Two year,0,DSL,Bank transfer (automatic),No
0786-IVLAW,Female,1,No,No,66,Loyal Customer,108.1,High Value,7239.0,One year,0,Fiber optic,Bank transfer (automatic),No
7566-DSRLQ,Female,0,Yes,No,72,Loyal Customer,110.15,High Value,7999.0,Two year,0,Fiber optic,Electronic check,No
0643-OKLRP,Female,1,Yes,No,47,Loyal Customer,80.35,High Value,3826.0,Month-to-month,1,Fiber optic,Electronic check,Yes
7245-JMTTQ,Female,0,No,No,51,Loyal Customer,111.5,High Value,5703.0,One year,0,Fiber optic,Electronic check,No
6050-IJRHS,Female,0,Yes,Yes,70,Loyal Customer,106.5,High Value,7397.0,One year,0,Fiber optic,Electronic check,No
6202-JVYEU,Male,0,No,No,9,New Customer,19.9,Low Value,165.0,One year,0,No,Electronic check,No
8591-TKMZH,Male,0,Yes,Yes,59,Loyal Customer,111.1,High Value,6555.0,Two year,0,Fiber optic,Mailed check,No
0734-OXWBT,Male,0,No,Yes,3,New Customer,70.7,High Value,226.0,Month-to-month,1,DSL,Mailed check,No
4282-ACRXS,Male,1,Yes,No,38,Loyal Customer,24.85,Low Value,956.0,Month-to-month,1,DSL,Electronic check,No
0365-TRTPY,Female,0,No,No,37,Loyal Customer,91.2,High Value,3382.0,Month-to-month,1,Fiber optic,Bank transfer (automatic),No
7349-ALMUX,Male,0,No,No,37,Loyal Customer,65.6,Medium Value,2314.0,Two year,0,DSL,Bank transfer (automatic),No
9381-NDKME,Female,1,Yes,No,24,Loyal Customer,40.65,Medium Value,933.0,Month-to-month,1,DSL,Credit card (automatic),Yes
6502-KUGLL,Female,0,Yes,Yes,14,Growing Customer,59.45,Medium Value,781.0,Month-to-month,1,DSL,Bank transfer (automatic),No
1841-YSJGV,Male,0,Yes,No,72,Loyal Customer,109.95,High Value,7852.0,Two year,0,Fiber optic,Credit card (automatic),No
2794-XIMMO,Male,0,Yes,No,53,Loyal Customer,60.45,Medium Value,3184.0,One year,0,DSL,Electronic check,Yes
8382-SHQEH,Female,0,Yes,No,8,New Customer,84.9,High Value,765.0,Month-to-month,1,Fiber optic,Electronic check,Yes
3511-BFTJW,Male,0,Yes,Yes,72,Loyal Customer,38.5,Medium Value,2763.0,Two year,0,DSL,Credit card (automatic),No
7668-XCFYV,Female,1,Yes,No,17,Growing Customer,92.55,High Value,1615.0,Month-to-month,1,Fiber optic,Electronic check,No
2983-ZANRP,Female,0,Yes,Yes,2,New Customer,73.55,High Value,145.0,Month-to-month,1,Fiber optic,Bank transfer (automatic),Yes
7845-URHJN,Female,0,Yes,No,8,New Customer,20.15,Low Value,156.0,Month-to-month,1,No,Bank transfer (automatic),Yes
3034-ZBEQN,Female,0,Yes,No,48,Loyal Customer,34.7,Low Value,1605.0,One year,0,DSL,Mailed check,Yes
5018-HEKFO,Female,0,No,No,10,New Customer,24.5,Low Value,270.0,Month-to-month,1,No,Mailed check,No
2923-ARZLG,Male,0,Yes,Yes,0,New Customer,19.7,Low Value,,One year,0,No,Mailed check,No
3976-NLDEZ,Male,0,No,No,1,New Customer,20.6,Low Value,21.0,Month-to-month,1,No,Mailed check,No
2282-YGNOR,Female,0,No,No,29,Loyal Customer,58.0,Medium Value,1735.0,One year,0,DSL,Credit card (automatic),No
5336-UFNZP,Female,1,Yes,Yes,65,Loyal Customer,107.45,High Value,7048.0,One year,0,Fiber optic,Electronic check,No
6854-EXGSF,Female,0,No,No,8,New Customer,65.5,Medium Value,573.0,Month-to-month,1,DSL,Bank transfer (automatic),No
1241-EZFMJ,Male,0,Yes,No,61,Loyal Customer,25.45,Low Value,1539.0,Two year,0,No,Bank transfer (automatic),No
9233-PSYHO,Female,1,No,No,45,Loyal Customer,100.15,High Value,4460.0,One year,0,Fiber optic,Bank transfer (automatic),No
5376-PCKNB,Male,0,Yes,Yes,72,Loyal Customer,104.45,High Value,7459.0,One year,0,Fiber optic,Credit card (automatic),No
8044-BGWPI,Male,0,Yes,Yes,12,Growing Customer,21.15,Low Value,306.0,Month-to-month,1,No,Electronic check,No
4060-LDNLU,Male,0,No,No,7,New Customer,96.2,High Value,640.0,Month-to-month,1,Fiber optic,Electronic check,No
3589-PPVKW,Male,0,No,No,9,New Customer,44.4,Medium Value,348.0,Month-to-month,1,DSL,Mailed check,No
8327-LZKAS,Female,1,Yes,No,43,Loyal Customer,107.55,High Value,4534.0,One year,0,Fiber optic,Electronic check,Yes
5887-IKKYO,Male,0,Yes,Yes,58,Loyal Customer,94.35,High Value,5564.0,Two year,0,Fiber optic,Bank transfer (automatic),No
1075-BGWOH,Male,1,Yes,No,16,Growing Customer,98.75,High Value,1588.0,Month-to-month,1,Fiber optic,Electronic check,Yes
1755-RMCXH,Male,0,Yes,Yes,2,New Customer,20.3,Low Value,40.0,Month-to-month,1,No,Mailed check,No
0302-JOIVN,Female,0,Yes,No,8,New Customer,101.15,High Value,843.0,Month-to-month,1,Fiber optic,Electronic check,Yes
3858-XHYJO,Female,0,Yes,No,40,Loyal Customer,105.75,High Value,4229.0,One year,0,Fiber optic,Bank transfer (automatic),No
4299-SIMNS,Male,0,No,No,9,New Customer,81.15,High Value,784.0,Month-to-month,1,Fiber optic,Electronic check,No
7025-IWFHT,Male,0,No,No,41,Loyal Customer,89.55,High Value,3730.0,One year,0,Fiber optic,Electronic check,No
6261-LHRTG,Female,0,No,No,26,Loyal Customer,54.75,Medium Value,1407.0,Month-to-month,1,DSL,Credit card (automatic),No
7841-FCRQD,Female,0,Yes,No,33,Loyal Customer,53.75,Medium Value,1857.0,One year,0,DSL,Credit card (automatic),No
2056-EVGZL,Male,0,Yes,Yes,68,Loyal Customer,105.75,High Value,7323.0,One year,0,Fiber optic,Credit card (automatic),No
8777-MBMTS,Female,1,Yes,No,65,Loyal Customer,105.85,High Value,6726.0,Two year,0,Fiber optic,Credit card (automatic),No
7753-USQYQ,Male,0,No,No,55,Loyal Customer,64.2,Medium Value,3627.0,One year,0,DSL,Electronic check,No
5366-IJEQJ,Male,0,No,No,20,Growing Customer,88.7,High Value,1761.0,Month-to-month,1,Fiber optic,Electronic check,Yes
7661-CPURM,Male,0,No,No,19,Growing Customer,87.7,High Value,1726.0,One year,0,Fiber optic,Credit card (automatic),No
6233-HXJMX,Female,0,No,No,45,Loyal Customer,89.3,High Value,4192.0,Month-to-month,1,Fiber optic,Credit card (automatic),No
5902-WBLSE,Female,0,Yes,Yes,70,Loyal Customer,20.15,Low Value,1411.0,Two year,0,No,Credit card (automatic),No
1981-INRFU,Female,0,No,No,2,New Customer,79.75,High Value,165.0,Month-to-month,1,Fiber optic,Electronic check,Yes
4971-PUYQO,Female,0,No,No,27,Loyal Customer,94.55,High Value,2725.0,Month-to-month,1,Fiber optic,Mailed check,Yes
3239-TPHPZ,Female,0,Yes,No,12,Growing Customer,20.05,Low Value,265.0,Two year,0,No,Electronic check,No
5115-GZDEL,Male,0,No,Yes,72,Loyal Customer,67.2,Medium Value,4672.0,Two year,0,DSL,Credit card (automatic),No
3338-CVVEH,Male,0,No,No,12,Growing Customer,94.55,High Value,1174.0,Month-to-month,1,Fiber optic,Electronic check,No
8485-GJCDN,Female,1,No,No,5,New Customer,69.05,Medium Value,319.0,Month-to-month,1,Fiber optic,Mailed check,Yes
2615-YVMYX,Male,1,Yes,No,71,Loyal Customer,107.5,High Value,7714.0,Month-to-month,1,Fiber optic,Electronic check,No
2851-STERV,Male,1,No,No,35,Loyal Customer,73.0,High Value,2471.0,One year,0,DSL,Electronic check,No
4393-GEADV,Male,0,Yes,Yes,70,Loyal Customer,114.75,High Value,7842.0,Two year,0,Fiber optic,Credit card (automatic),No
8486-AYEQH,Female,0,No,No,31,Loyal Customer,76.05,High Value,2228.0,Month-to-month,1,Fiber optic,Electronic check,No
1527-SXDPN,Male,0,Yes,Yes,52,Loyal Customer,96.25,High Value,4990.0,Two year,0,Fiber optic,Bank transfer (automatic),Yes
6029-WTIPC,Male,1,No,No,37,Loyal Customer,101.1,High Value,3744.0,Month-to-month,1,Fiber optic,Electronic check,Yes
8634-CILSZ,Male,0,No,No,69,Loyal Customer,104.7,High Value,7220.0,One year,0,Fiber optic,Bank transfer (automatic),Yes
5419-JKZNQ,Male,1,Yes,No,30,Loyal Customer,77.9,High Value,2351.0,Month-to-month,1,Fiber optic,Mailed check,No
2495-KZNFB,Female,0,No,No,33,Loyal Customer,90.65,High Value,2990.0,Month-to-month,1,Fiber optic,Electronic check,No
1409-PHXTF,Male,1,Yes,No,54,Loyal Customer,110.45,High Value,6078.0,Two year,0,Fiber optic,Electronic check,No
4560-WQAQW,Female,0,No,No,59,Loyal Customer,68.7,Medium Value,4071.0,One year,0,DSL,Bank transfer (automatic),No
9591-YVTEB,Male,1,No,No,55,Loyal Customer,44.85,Medium Value,2479.0,Month-to-month,1,DSL,Electronic check,No
9309-BZGNT,Male,1,Yes,No,69,Loyal Customer,29.8,Low Value,2134.0,One year,0,DSL,Credit card (automatic),No
4274-DRSQT,Female,0,No,No,66,Loyal Customer,88.9,High Value,6000.0,One year,0,Fiber optic,Bank transfer (automatic),No
2027-DNKIV,Male,0,Yes,Yes,37,Loyal Customer,58.75,Medium Value,2203.0,One year,0,DSL,Mailed check,No
8075-GXIUB,Male,1,Yes,No,9,New Customer,19.85,Low Value,183.0,One year,0,No,Credit card (automatic),No
2885-HIJDH,Male,0,Yes,Yes,69,Loyal Customer,86.9,High Value,6194.0,Two year,0,DSL,Bank transfer (automatic),No
5424-RLQLC,Male,0,No,No,10,New Customer,59.65,Medium Value,639.0,Month-to-month,1,DSL,Mailed check,No
6682-QJDGB,Male,0,No,Yes,40,Loyal Customer,55.25,Medium Value,2139.0,Month-to-month,1,DSL,Mailed check,Yes
6507-DTJZV,Male,0,No,Yes,13,Growing Customer,66.4,Medium Value,832.0,Month-to-month,1,DSL,Credit card (automatic),No
8780-IXSTS,Female,0,No,No,6,New Customer,90.1,High Value,521.0,Month-to-month,1,Fiber optic,Electronic check,Yes
7673-BQGKU,Female,0,Yes,Yes,69,Loyal Customer,20.15,Low Value,1338.0,Two year,0,No,Bank transfer (automatic),No
6723-WSNTY,Female,1,Yes,No,66,Loyal Customer,108.1,High Value,7182.0,One year,0,Fiber optic,Credit card (automatic),No
9530-EHPOH,Male,0,No,No,11,New Customer,53.75,Medium Value,608.0,Month-to-month,1,DSL,Electronic check,Yes
2725-IWWBA,Male,0,Yes,Yes,46,Loyal Customer,56.9,Medium Value,2560.0,One year,0,DSL,Mailed check,No
0345-HKJVM,Female,0,No,No,6,New Customer,89.3,High Value,578.0,Month-to-month,1,Fiber optic,Electronic check,Yes
1061-PNTHC,Female,0,Yes,Yes,56,Loyal Customer,109.6,High Value,5953.0,Month-to-month,1,Fiber optic,Mailed check,No
0394-YONDK,Male,0,Yes,Yes,70,Loyal Customer,25.15,Low Value,1790.0,Two year,0,No,Credit card (automatic),No
6574-MCOEH,Female,0,Yes,Yes,33,Loyal Customer,79.15,High Value,2531.0,One year,0,DSL,Electronic check,No
7399-QHBJS,Female,0,Yes,Yes,72,Loyal Customer,66.75,Medium Value,4760.0,Two year,0,DSL,Credit card (automatic),No
3049-SOLAY,Female,0,Yes,No,3,New Customer,95.2,High Value,293.0,Month-to-month,1,Fiber optic,Electronic check,Yes
0997-YTLNY,Female,0,No,Yes,19,Growing Customer,48.8,Medium Value,954.0,Month-to-month,1,DSL,Mailed check,No
3317-HRTNN,Female,1,No,No,5,New Customer,45.7,Medium Value,198.0,Month-to-month,1,DSL,Electronic check,Yes
9479-HYNYL,Female,0,Yes,No,71,Loyal Customer,80.7,High Value,5705.0,Two year,0,DSL,Credit card (automatic),No
3235-ETOOB,Male,0,Yes,No,8,New Customer,74.5,High Value,610.0,Month-to-month,1,Fiber optic,Electronic check,Yes
9708-KFDBY,Male,0,No,No,1,New Customer,20.55,Low Value,21.0,Month-to-month,1,No,Credit card (automatic),No
8058-INTPH,Female,0,No,No,1,New Customer,79.65,High Value,80.0,Month-to-month,1,Fiber optic,Electronic check,Yes
3642-GKTCT,Female,0,No,No,61,Loyal Customer,115.1,High Value,6994.0,One year,0,Fiber optic,Mailed check,No
0774-RMNUW,Female,0,Yes,Yes,71,Loyal Customer,59.7,Medium Value,4123.0,Two year,0,DSL,Bank transfer (automatic),No
1334-PDUKM,Female,0,Yes,No,68,Loyal Customer,86.45,High Value,5763.0,One year,0,Fiber optic,Credit card (automatic),No
0756-MPZRL,Male,0,No,No,46,Loyal Customer,33.7,Low Value,1538.0,One year,0,DSL,Credit card (automatic),No
2242-MFOTG,Male,0,No,No,33,Loyal Customer,80.1,High Value,2603.0,One year,0,Fiber optic,Bank transfer (automatic),No
2927-CVULT,Female,0,Yes,Yes,53,Loyal Customer,104.05,High Value,5566.0,Two year,0,Fiber optic,Bank transfer (automatic),No
2144-BFDSO,Female,1,Yes,No,50,Loyal Customer,108.75,High Value,5432.0,Month-to-month,1,Fiber optic,Bank transfer (automatic),No
8745-PVESG,Female,0,No,No,57,Loyal Customer,41.1,Medium Value,2258.0,One year,0,DSL,Credit card (automatic),No
7647-GYYKX,Female,0,Yes,Yes,54,Loyal Customer,20.35,Low Value,1092.0,Two year,0,No,Bank transfer (automatic),No
5647-FXOTP,Female,1,Yes,No,60,Loyal Customer,105.9,High Value,6401.0,Month-to-month,1,Fiber optic,Electronic check,No
5569-OUICF,Female,1,Yes,No,28,Loyal Customer,101.3,High Value,2812.0,Month-to-month,1,Fiber optic,Credit card (automatic),Yes
8821-XNHVZ,Female,0,Yes,Yes,1,New Customer,80.05,High Value,80.0,Month-to-month,1,Fiber optic,Mailed check,Yes
2082-OJVTK,Male,0,Yes,Yes,29,Loyal Customer,89.2,High Value,2698.0,Month-to-month,1,Fiber optic,Electronic check,Yes
9700-ISPUP,Female,0,Yes,Yes,10,New Customer,65.5,Medium Value,617.0,Month-to-month,1,DSL,Electronic check,No
9839-ETQOE,Male,0,No,Yes,43,Loyal Customer,40.45,Medium Value,1913.0,Month-to-month,1,DSL,Electronic check,No
6078-VESFR,Male,1,Yes,No,13,Growing Customer,70.45,High Value,849.0,Month-to-month,1,Fiber optic,Bank transfer (automatic),No
9027-TMATR,Female,0,Yes,No,43,Loyal Customer,78.8,High Value,3460.0,Two year,0,DSL,Electronic check,No
5940-NFXKV,Male,0,Yes,Yes,19,Growing Customer,83.65,High Value,1466.0,Month-to-month,1,Fiber optic,Electronic check,Yes
1941-HOSAM,Male,0,Yes,Yes,1,New Customer,90.1,High Value,90.0,Month-to-month,1,Fiber optic,Electronic check,No
9110-HSGTV,Female,0,No,No,69,Loyal Customer,82.45,High Value,5555.0,Two year,0,DSL,Credit card (automatic),No
0704-VCUMB,Female,0,Yes,No,61,Loyal Customer,20.25,Low Value,1279.0,Two year,0,No,Credit card (automatic),No
6171-ZTVYB,Male,0,Yes,No,43,Loyal Customer,66.25,Medium Value,2907.0,Month-to-month,1,DSL,Bank transfer (automatic),No
8053-WWDRO,Female,0,Yes,No,6,New Customer,19.5,Low Value,146.0,Month-to-month,1,No,Bank transfer (automatic),Yes
9564-KCLHR,Male,0,No,No,1,New Customer,51.25,Medium Value,51.0,Month-to-month,1,DSL,Mailed check,Yes
1935-IMVBB,Male,0,Yes,No,56,Loyal Customer,89.7,High Value,4953.0,Month-to-month,1,Fiber optic,Mailed check,No
2535-PBCGC,Female,0,Yes,No,70,Loyal Customer,64.55,Medium Value,4505.0,Two year,0,DSL,Bank transfer (automatic),No
2082-CEFLT,Male,0,No,No,1,New Customer,45.6,Medium Value,46.0,Month-to-month,1,DSL,Electronic check,Yes
1470-PSXNM,Male,0,Yes,Yes,49,Loyal Customer,93.65,High Value,4520.0,One year,0,Fiber optic,Electronic check,No
1213-NGCUN,Female,0,No,No,6,New Customer,49.65,Medium Value,267.0,Month-to-month,1,DSL,Bank transfer (automatic),Yes
2498-XLDZR,Female,0,Yes,Yes,32,Loyal Customer,73.6,High Value,2317.0,Two year,0,DSL,Mailed check,No
9866-OCCKE,Female,1,Yes,No,72,Loyal Customer,109.75,High Value,8075.0,Two year,0,Fiber optic,Mailed check,No
5338-YHWYT,Male,0,No,Yes,37,Loyal Customer,61.45,Medium Value,2302.0,Two year,0,DSL,Credit card (automatic),No
7718-UPSKJ,Female,0,Yes,No,69,Loyal Customer,106.4,High Value,7252.0,One year,0,Fiber optic,Credit card (automatic),No
8731-WBBMB,Female,0,Yes,No,26,Loyal Customer,81.9,High Value,2079.0,Month-to-month,1,DSL,Bank transfer (automatic),No
1448-CYWKC,Female,0,Yes,Yes,58,Loyal Customer,105.2,High Value,6225.0,One year,0,Fiber optic,Credit card (automatic),No
7901-IIDQV,Male,0,No,No,24,Loyal Customer,54.6,Medium Value,1242.0,One year,0,DSL,Bank transfer (automatic),No
2690-DVRVK,Male,0,Yes,Yes,5,New Customer,20.55,Low Value,99.0,One year,0,No,Electronic check,No
5688-KZTSN,Male,0,Yes,Yes,15,Growing Customer,20.0,Low Value,288.0,Month-to-month,1,No,Electronic check,Yes
1270-XKUCC,Female,0,Yes,Yes,30,Loyal Customer,19.7,Low Value,599.0,Two year,0,No,Mailed check,No
0334-ZFJSR,Female,0,Yes,No,55,Loyal Customer,66.05,Medium Value,3462.0,One year,0,DSL,Credit card (automatic),No
2894-QOJRX,Female,0,Yes,No,25,Loyal Customer,34.0,Low Value,853.0,Month-to-month,1,DSL,Bank transfer (automatic),Yes
5747-PMBSQ,Male,1,Yes,No,10,New Customer,92.5,High Value,934.0,Month-to-month,1,Fiber optic,Mailed check,Yes
5583-EJXRD,Male,0,Yes,Yes,44,Loyal Customer,54.05,Medium Value,2375.0,Two year,0,DSL,Credit card (automatic),No
4565-EVZMJ,Female,0,No,No,47,Loyal Customer,58.9,Medium Value,2813.0,One year,0,DSL,Mailed check,No
3143-JQEGI,Female,0,Yes,Yes,13,Growing Customer,88.35,High Value,1223.0,Month-to-month,1,Fiber optic,Electronic check,Yes
6386-SZZKH,Female,0,Yes,Yes,49,Loyal Customer,107.95,High Value,5293.0,Two year,0,Fiber optic,Bank transfer (automatic),Yes
3327-YBAKM,Female,0,Yes,No,64,Loyal Customer,96.9,High Value,6314.0,One year,0,Fiber optic,Mailed check,No
9441-QHEVC,Male,0,No,No,1,New Customer,19.1,Low Value,19.0,Month-to-month,1,No,Mailed check,No
6705-LNMDD,Male,0,No,No,20,Growing Customer,50.0,Medium Value,1003.0,Month-to-month,1,DSL,Mailed check,No
2580-ASVVY,Female,0,Yes,No,37,Loyal Customer,45.4,Medium Value,1593.0,Two year,0,DSL,Electronic check,No
3370-GQEAL,Male,0,Yes,Yes,30,Loyal Customer,85.45,High Value,2510.0,Month-to-month,1,Fiber optic,Electronic check,No
5032-USPKF,Female,0,No,No,38,Loyal Customer,84.1,High Value,3188.0,One year,0,DSL,Bank transfer (automatic),No
2982-IHMFT,Female,1,No,No,1,New Customer,74.45,High Value,74.0,Month-to-month,1,Fiber optic,Mailed check,Yes
3521-SYVOR,Female,0,No,No,37,Loyal Customer,64.75,Medium Value,2345.0,Month-to-month,1,DSL,Electronic check,Yes
4254-QPEDE,Female,0,Yes,No,52,Loyal Customer,66.25,Medium Value,3330.0,Two year,0,DSL,Credit card (automatic),No
6283-GITPX,Male,0,No,Yes,71,Loyal Customer,76.9,High Value,5523.0,Two year,0,DSL,Credit card (automatic),No
9526-JAWYF,Male,0,No,No,26,Loyal Customer,89.8,High Value,2335.0,Month-to-month,1,Fiber optic,Electronic check,Yes
0771-CHWSK,Male,0,No,No,66,Loyal Customer,74.6,High Value,4798.0,Two year,0,DSL,Credit card (automatic),No
9788-HNGUT,Male,0,Yes,No,72,Loyal Customer,116.95,High Value,8594.0,Two year,0,Fiber optic,Credit card (automatic),No
9495-REDIY,Male,0,No,Yes,25,Loyal Customer,40.65,Medium Value,971.0,One year,0,DSL,Credit card (automatic),No
5375-XLDOF,Male,0,Yes,Yes,69,Loyal Customer,114.35,High Value,7666.0,Two year,0,Fiber optic,Bank transfer (automatic),No
1172-VIYBP,Male,0,Yes,Yes,53,Loyal Customer,69.7,Medium Value,3686.0,Two year,0,DSL,Bank transfer (automatic),No
5649-VUKMC,Female,0,No,No,12,Growing Customer,95.5,High Value,1115.0,One year,0,Fiber optic,Mailed check,Yes
6559-PDZLR,Male,0,No,No,26,Loyal Customer,98.65,High Value,2537.0,Month-to-month,1,Fiber optic,Electronic check,No
8992-OBVDG,Male,0,No,No,21,Growing Customer,61.65,Medium Value,1394.0,Month-to-month,1,DSL,Mailed check,No
4273-MBHYA,Female,0,No,Yes,1,New Customer,89.35,High Value,89.0,Month-to-month,1,Fiber optic,Electronic check,No
4724-WXVWF,Male,0,No,No,48,Loyal Customer,95.4,High Value,4445.0,Month-to-month,1,Fiber optic,Electronic check,No
5701-GUXDC,Female,0,Yes,No,26,Loyal Customer,35.4,Medium Value,979.0,One year,0,DSL,Credit card (automatic),No
1460-UZPRJ,Male,0,Yes,No,60,Loyal Customer,19.95,Low Value,1258.0,Two year,0,No,Mailed check,No
6082-GLJIX,Male,0,No,No,18,Growing Customer,19.25,Low Value,331.0,Month-to-month,1,No,Mailed check,No
5143-EGQFK,Female,1,No,No,10,New Customer,29.65,Low Value,291.0,Month-to-month,1,DSL,Electronic check,Yes
4919-IKATY,Male,0,Yes,Yes,5,New Customer,84.5,High Value,454.0,Month-to-month,1,Fiber optic,Electronic check,Yes
2495-TTHBQ,Female,0,No,Yes,4,New Customer,20.4,Low Value,85.0,One year,0,No,Mailed check,No
0485-ZBSLN,Male,0,Yes,Yes,65,Loyal Customer,24.75,Low Value,1715.0,Two year,0,No,Credit card (automatic),No
3810-PJUHR,Male,0,Yes,Yes,70,Loyal Customer,25.35,Low Value,1715.0,Two year,0,No,Mailed check,No
9050-QLROH,Male,0,No,No,18,Growing Customer,90.7,High Value,1597.0,Month-to-month,1,Fiber optic,Credit card (automatic),Yes
0847-HGRML,Male,0,No,Yes,62,Loyal Customer,20.0,Low Value,1250.0,Two year,0,No,Bank transfer (automatic),No
8232-CTLKO,Female,0,Yes,Yes,66,Loyal Customer,59.75,Medium Value,3997.0,Two year,0,DSL,Electronic check,No
9227-YBAXE,Female,0,Yes,Yes,65,Loyal Customer,82.5,High Value,5215.0,Two year,0,DSL,Bank transfer (automatic),No
6168-WFVVF,Female,1,No,No,3,New Customer,70.3,High Value,236.0,Month-to-month,1,Fiber optic,Electronic check,Yes
9860-LISIZ,Female,0,No,No,34,Loyal Customer,20.35,Low Value,673.0,Month-to-month,1,No,Mailed check,No
0112-QAWRZ,Male,0,Yes,Yes,16,Growing Customer,90.8,High Value,1442.0,Month-to-month,1,Fiber optic,Bank transfer (automatic),No
0877-SDMBN,Female,0,No,No,54,Loyal Customer,103.95,High Value,5639.0,One year,0,Fiber optic,Bank transfer (automatic),Yes
2786-GCDPI,Female,1,No,No,50,Loyal Customer,104.95,High Value,5222.0,Month-to-month,1,Fiber optic,Electronic check,No
4043-MKDTV,Male,0,Yes,No,71,Loyal Customer,105.25,High Value,7292.0,Two year,0,Fiber optic,Electronic check,No
8065-YKXKD,Female,0,No,No,10,New Customer,74.75,High Value,800.0,Month-to-month,1,Fiber optic,Electronic check,Yes
9637-EIHEQ,Female,0,No,No,1,New Customer,50.8,Medium Value,51.0,Month-to-month,1,DSL,Electronic check,Yes
9229-RQABD,Male,0,No,No,18,Growing Customer,23.75,Low Value,425.0,One year,0,No,Mailed check,No
8313-KTIHG,Male,0,No,No,4,New Customer,61.3,Medium Value,249.0,Month-to-month,1,DSL,Electronic check,No
5320-BRKGK,Female,0,Yes,Yes,58,Loyal Customer,75.8,High Value,4416.0,Two year,0,DSL,Mailed check,No
6284-KMNUF,Female,0,Yes,No,56,Loyal Customer,98.0,High Value,5271.0,One year,0,Fiber optic,Electronic check,No
9689-PTNPG,Male,0,No,No,2,New Customer,80.25,High Value,145.0,Month-to-month,1,Fiber optic,Electronic check,Yes
9465-RWMXL,Male,0,Yes,No,32,Loyal Customer,78.9,High Value,2448.0,Month-to-month,1,Fiber optic,Electronic check,Yes
6229-UOLQL,Male,0,Yes,Yes,56,Loyal Customer,52.0,Medium Value,2885.0,One year,0,DSL,Mailed check,No
2362-IBOOY,Male,0,No,No,36,Loyal Customer,84.75,High Value,3050.0,Month-to-month,1,Fiber optic,Electronic check,Yes
3137-LUPIX,Female,0,No,No,4,New Customer,64.4,Medium Value,253.0,Month-to-month,1,DSL,Mailed check,No
0843-WTBXE,Male,0,No,No,53,Loyal Customer,85.45,High Value,4517.0,Month-to-month,1,Fiber optic,Bank transfer (automatic),Yes
6143-JQKEA,Male,0,No,No,10,New Customer,45.8,Medium Value,436.0,Month-to-month,1,DSL,Credit card (automatic),No
8676-OOQEJ,Male,0,No,No,4,New Customer,30.5,Low Value,118.0,Month-to-month,1,DSL,Electronic check,No
5515-IDEJJ,Male,0,Yes,Yes,1,New Customer,19.9,Low Value,20.0,Month-to-month,1,No,Mailed check,Yes
9701-CDXHR,Female,0,Yes,No,51,Loyal Customer,69.15,Medium Value,3650.0,Month-to-month,1,Fiber optic,Mailed check,No
7450-NWRTR,Male,1,No,No,12,Growing Customer,99.45,High Value,1200.0,Month-to-month,1,Fiber optic,Electronic check,Yes
8124-NZVGJ,Female,0,No,No,6,New Customer,49.25,Medium Value,256.0,One year,0,DSL,Mailed check,No
2162-FRZAA,Male,0,Yes,Yes,63,Loyal Customer,39.35,Medium Value,2395.0,Two year,0,DSL,Bank transfer (automatic),No
5376-DEQCP,Female,0,No,No,1,New Customer,70.6,High Value,71.0,Month-to-month,1,Fiber optic,Electronic check,Yes
5118-MUEYH,Female,0,Yes,No,48,Loyal Customer,105.1,High Value,5084.0,Month-to-month,1,Fiber optic,Credit card (automatic),No
9095-HFAFX,Female,0,No,No,5,New Customer,81.0,High Value,390.0,Month-to-month,1,Fiber optic,Credit card (automatic),Yes
5627-TVBPP,Female,0,No,Yes,35,Loyal Customer,20.1,Low Value,645.0,One year,0,No,Credit card (automatic),No
2379-ENZGV,Male,0,No,No,6,New Customer,84.85,High Value,524.0,Month-to-month,1,Fiber optic,Electronic check,Yes
3936-QQFLL,Male,0,No,No,2,New Customer,19.75,Low Value,39.0,Month-to-month,1,No,Mailed check,No
2589-AYCRP,Female,0,No,No,50,Loyal Customer,19.75,Low Value,989.0,One year,0,No,Bank transfer (automatic),No
4067-HLYQI,Female,0,No,No,33,Loyal Customer,70.4,High Value,2406.0,Month-to-month,1,Fiber optic,Bank transfer (automatic),No
5124-EOGYE,Male,0,No,No,31,Loyal Customer,20.45,Low Value,639.0,Two year,0,No,Mailed check,No
5057-RKGLH,Female,0,Yes,Yes,9,New Customer,20.35,Low Value,191.0,Two year,0,No,Mailed check,No
0292-WEGCH,Female,0,Yes,Yes,54,Loyal Customer,86.2,High Value,4524.0,Month-to-month,1,DSL,Electronic check,No
8910-ICHIU,Female,0,No,No,46,Loyal Customer,95.65,High Value,4664.0,One year,0,Fiber optic,Credit card (automatic),No
4097-YODCF,Male,0,No,Yes,34,Loyal Customer,103.8,High Value,3471.0,One year,0,Fiber optic,Electronic check,No
9715-WZCLW,Male,0,Yes,Yes,71,Loyal Customer,97.2,High Value,6910.0,Two year,0,Fiber optic,Electronic check,No
9786-YWNHU,Female,0,Yes,Yes,63,Loyal Customer,63.55,Medium Value,4014.0,Two year,0,DSL,Mailed check,No
6407-GSJNL,Female,0,No,No,51,Loyal Customer,24.95,Low Value,1288.0,Two year,0,No,Bank transfer (automatic),No
6005-OBZPH,Female,1,No,No,26,Loyal Customer,89.15,High Value,2278.0,Month-to-month,1,Fiber optic,Electronic check,Yes
4049-ZPALD,Female,0,Yes,No,64,Loyal Customer,99.0,High Value,6376.0,Two year,0,Fiber optic,Bank transfer (automatic),No
7932-WPTDS,Female,1,Yes,No,1,New Customer,24.8,Low Value,25.0,Month-to-month,1,DSL,Electronic check,Yes
3733-UOCWF,Male,1,Yes,No,61,Loyal Customer,85.55,High Value,5252.0,One year,0,Fiber optic,Bank transfer (automatic),No
6833-JMZYP,Female,0,No,No,15,Growing Customer,94.0,High Value,1505.0,Month-to-month,1,Fiber optic,Credit card (automatic),No
2722-VOJQL,Male,0,No,No,64,Loyal Customer,105.65,High Value,6903.0,One year,0,Fiber optic,Credit card (automatic),Yes
1310-QRITU,Female,0,No,No,18,Growing Customer,50.3,Medium Value,913.0,Month-to-month,1,DSL,Electronic check,No
8961-QDZZJ,Female,0,Yes,Yes,57,Loyal Customer,95.0,High Value,5536.0,One year,0,Fiber optic,Electronic check,No
9715-SBVSU,Male,0,Yes,Yes,14,Growing Customer,61.4,Medium Value,816.0,Two year,0,DSL,Bank transfer (automatic),No
8490-BXHEO,Male,1,No,No,18,Growing Customer,80.55,High Value,1412.0,Month-to-month,1,Fiber optic,Credit card (automatic),No
7173-TETGO,Female,1,Yes,No,72,Loyal Customer,78.5,High Value,5602.0,Two year,0,Fiber optic,Bank transfer (automatic),No
7929-SKFGK,Male,0,Yes,No,70,Loyal Customer,114.3,High Value,8244.0,Two year,0,Fiber optic,Credit card (automatic),No
2300-RQGOI,Female,0,No,No,38,Loyal Customer,20.05,Low Value,742.0,Two year,0,No,Mailed check,No
3563-SVYLG,Male,0,Yes,Yes,68,Loyal Customer,62.65,Medium Value,4376.0,Two year,0,DSL,Credit card (automatic),No
5228-EXCET,Male,0,No,No,13,Growing Customer,80.85,High Value,1009.0,Month-to-month,1,Fiber optic,Electronic check,Yes
6435-VWCCY,Male,1,Yes,No,65,Loyal Customer,92.7,High Value,5968.0,Two year,0,Fiber optic,Credit card (automatic),No
4998-IKFSE,Female,0,No,No,30,Loyal Customer,100.45,High Value,3097.0,Month-to-month,1,Fiber optic,Electronic check,No
8630-QSGXK,Male,0,Yes,No,51,Loyal Customer,75.2,High Value,3901.0,Two year,0,DSL,Bank transfer (automatic),No
2455-USLMV,Female,0,No,No,31,Loyal Customer,84.75,High Value,2613.0,Month-to-month,1,Fiber optic,Credit card (automatic),No
7394-FKDNK,Female,0,Yes,No,9,New Customer,89.45,High Value,853.0,Month-to-month,1,Fiber optic,Electronic check,Yes
9488-FVZCC,Female,0,Yes,Yes,72,Loyal Customer,79.5,High Value,5662.0,Two year,0,DSL,Bank transfer (automatic),No
6331-LWDTQ,Male,0,No,No,10,New Customer,72.15,High Value,794.0,Month-to-month,1,DSL,Credit card (automatic),Yes
5995-WWKKG,Female,0,No,No,37,Loyal Customer,19.8,Low Value,695.0,One year,0,No,Electronic check,No
1597-FZREH,Female,0,No,No,2,New Customer,76.4,High Value,161.0,Month-to-month,1,DSL,Electronic check,Yes
7879-CGSFV,Male,0,No,No,55,Loyal Customer,100.9,High Value,5552.0,One year,0,Fiber optic,Mailed check,No
9921-EZKBY,Male,0,No,Yes,33,Loyal Customer,95.3,High Value,3275.0,Month-to-month,1,Fiber optic,Bank transfer (automatic),No
7432-FFVAR,Female,0,Yes,Yes,46,Loyal Customer,90.95,High Value,4237.0,One year,0,Fiber optic,Bank transfer (automatic),No
7246-ZGQDF,Female,0,No,Yes,1,New Customer,54.5,Medium Value,55.0,Month-to-month,1,DSL,Electronic check,No
7000-WCEVQ,Female,1,No,No,20,Growing Customer,61.6,Medium Value,1174.0,Month-to-month,1,DSL,Mailed check,Yes
0727-IWKVK,Male,0,Yes,No,9,New Customer,79.9,High Value,742.0,Month-to-month,1,Fiber optic,Electronic check,Yes
5959-BELXA,Male,1,No,No,32,Loyal Customer,96.15,High Value,3019.0,Month-to-month,1,Fiber optic,Credit card (automatic),Yes
4456-RHSNB,Female,0,Yes,Yes,19,Growing Customer,49.6,Medium Value,963.0,Month-to-month,1,DSL,Bank transfer (automatic),No
3512-IZIKN,Female,0,Yes,No,70,Loyal Customer,65.3,Medium Value,4760.0,Two year,0,DSL,Credit card (automatic),Yes
2481-SBOYW,Female,0,No,Yes,61,Loyal Customer,25.0,Low Value,1498.0,Two year,0,No,Credit card (automatic),No
7109-MFBYV,Male,0,No,No,26,Loyal Customer,45.45,Medium Value,1233.0,Month-to-month,1,DSL,Electronic check,No
1833-TCXKK,Male,0,Yes,No,45,Loyal Customer,107.75,High Value,4883.0,Month-to-month,1,Fiber optic,Bank transfer (automatic),No
1832-PEUTS,Male,0,Yes,Yes,62,Loyal Customer,89.1,High Value,5412.0,Two year,0,Fiber optic,Credit card (automatic),No
6141-OOXUQ,Male,0,No,No,1,New Customer,19.65,Low Value,20.0,Month-to-month,1,No,Mailed check,Yes
8660-BUETV,Female,0,No,No,3,New Customer,44.75,Medium Value,148.0,Month-to-month,1,DSL,Mailed check,No
0580-PIQHM,Female,0,Yes,Yes,41,Loyal Customer,101.6,High Value,3931.0,One year,0,Fiber optic,Bank transfer (automatic),No
5696-CEIQJ,Male,0,Yes,Yes,67,Loyal Customer,103.15,High Value,6896.0,Two year,0,Fiber optic,Bank transfer (automatic),No
7503-ZGUZJ,Male,0,No,No,1,New Customer,84.65,High Value,85.0,Month-to-month,1,Fiber optic,Mailed check,Yes
1696-HXOWK,Female,0,Yes,No,71,Loyal Customer,95.65,High Value,6857.0,One year,0,Fiber optic,Mailed check,No
3026-ATZYV,Female,0,Yes,Yes,37,Loyal Customer,75.1,High Value,2659.0,One year,0,DSL,Bank transfer (automatic),No
4012-YCFAI,Male,0,Yes,No,60,Loyal Customer,61.35,Medium Value,3766.0,Two year,0,DSL,Mailed check,No
2506-TNFCO,Female,1,Yes,No,1,New Customer,69.55,Medium Value,70.0,Month-to-month,1,Fiber optic,Electronic check,Yes
9970-QBCDA,Female,0,No,No,6,New Customer,19.7,Low Value,130.0,Month-to-month,1,No,Credit card (automatic),No
8718-PTMEZ,Female,0,No,No,13,Growing Customer,31.05,Low Value,347.0,Month-to-month,1,DSL,Electronic check,Yes
9496-IVVRP,Female,0,Yes,Yes,11,New Customer,51.0,Medium Value,582.0,Month-to-month,1,DSL,Bank transfer (automatic),No
2207-OBZNX,Male,0,No,No,7,New Customer,51.0,Medium Value,354.0,Month-to-month,1,DSL,Mailed check,Yes
2657-VPXTA,Female,0,Yes,Yes,10,New Customer,88.85,High Value,929.0,Month-to-month,1,Fiber optic,Electronic check,No
6551-VLJMV,Male,0,Yes,No,34,Loyal Customer,20.05,Low Value,679.0,Two year,0,No,Credit card (automatic),No
1221-GHZEP,Female,0,No,No,62,Loyal Customer,65.1,Medium Value,3847.0,Two year,0,DSL,Mailed check,No
9289-LBQVU,Male,0,Yes,No,64,Loyal Customer,70.15,High Value,4481.0,One year,0,DSL,Mailed check,No
6142-VSJQO,Female,0,Yes,Yes,1,New Customer,44.35,Medium Value,44.0,Month-to-month,1,DSL,Bank transfer (automatic),Yes
3458-IDMFK,Male,0,No,No,25,Loyal Customer,20.75,Low Value,499.0,Two year,0,No,Mailed check,No
6933-FHBZC,Female,0,No,No,26,Loyal Customer,56.05,Medium Value,1553.0,One year,0,DSL,Mailed check,No
0221-NAUXK,Male,0,No,Yes,10,New Customer,19.95,Low Value,220.0,One year,0,No,Bank transfer (automatic),No
9770-KXGQU,Female,0,No,No,53,Loyal Customer,98.6,High Value,5312.0,One year,0,Fiber optic,Mailed check,No
6437-UKHMV,Female,0,No,No,7,New Customer,79.7,High Value,586.0,Month-to-month,1,Fiber optic,Electronic check,Yes
6538-POCHL,Male,0,No,No,33,Loyal Customer,79.0,High Value,2577.0,Month-to-month,1,Fiber optic,Credit card (automatic),No
6726-NNFWD,Female,1,Yes,No,71,Loyal Customer,89.45,High Value,6435.0,Two year,0,Fiber optic,Credit card (automatic),No
3002-WQZWT,Female,0,No,No,29,Loyal Customer,74.2,High Value,1993.0,Month-to-month,1,Fiber optic,Electronic check,No
4277-UDIEF,Male,0,Yes,Yes,24,Loyal Customer,81.0,High Value,1924.0,Month-to-month,1,DSL,Bank transfer (automatic),No
1208-NBVFH,Male,0,Yes,Yes,20,Growing Customer,49.6,Medium Value,940.0,Month-to-month,1,DSL,Electronic check,No
4912-PIGUY,Female,0,No,No,1,New Customer,84.6,High Value,85.0,Month-to-month,1,Fiber optic,Electronic check,No
1114-CENIM,Male,0,No,Yes,54,Loyal Customer,55.0,Medium Value,3093.0,Month-to-month,1,DSL,Credit card (automatic),Yes
6060-DRTNL,Female,1,No,No,5,New Customer,84.85,High Value,416.0,Month-to-month,1,Fiber optic,Mailed check,Yes
2725-TTRIQ,Female,0,Yes,Yes,72,Loyal Customer,84.2,High Value,5987.0,Two year,0,DSL,Bank transfer (automatic),No
3374-TTZTK,Male,0,Yes,No,52,Loyal Customer,106.3,High Value,5487.0,Two year,0,Fiber optic,Electronic check,No
8990-ZXLSU,Female,0,No,No,9,New Customer,69.05,Medium Value,652.0,Month-to-month,1,Fiber optic,Electronic check,No
2275-RBYQS,Female,0,No,No,1,New Customer,45.4,Medium Value,45.0,Month-to-month,1,DSL,Mailed check,No
8473-VUVJN,Male,1,No,No,1,New Customer,73.65,High Value,74.0,Month-to-month,1,Fiber optic,Electronic check,Yes
6289-CPNLD,Male,0,Yes,Yes,33,Loyal Customer,73.9,High Value,2405.0,One year,0,DSL,Mailed check,Yes
5536-SLHPM,Female,0,Yes,No,55,Loyal Customer,77.75,High Value,4458.0,Month-to-month,1,Fiber optic,Electronic check,Yes
4419-UJMUS,Male,0,Yes,Yes,69,Loyal Customer,99.35,High Value,6856.0,Two year,0,Fiber optic,Electronic check,No
7794-JASDG,Male,0,No,No,1,New Customer,50.75,Medium Value,51.0,Month-to-month,1,DSL,Mailed check,No
7609-YBPXG,Male,0,No,No,54,Loyal Customer,87.1,High Value,4735.0,Two year,0,DSL,Bank transfer (automatic),No
5519-TEEUH,Male,0,No,Yes,33,Loyal Customer,20.15,Low Value,682.0,One year,0,No,Mailed check,No
7856-GANIL,Male,1,Yes,No,45,Loyal Customer,98.7,High Value,4526.0,One year,0,Fiber optic,Bank transfer (automatic),No
0804-XBFBV,Female,0,No,Yes,11,New Customer,25.2,Low Value,321.0,Month-to-month,1,DSL,Electronic check,No
2676-OXPPQ,Male,0,No,No,6,New Customer,55.7,Medium Value,336.0,Month-to-month,1,DSL,Bank transfer (automatic),No
3703-TTEPD,Male,0,No,No,21,Growing Customer,65.35,Medium Value,1424.0,Month-to-month,1,DSL,Bank transfer (automatic),No
2799-TSLAG,Female,0,Yes,Yes,65,Loyal Customer,25.3,Low Value,1749.0,Two year,0,No,Bank transfer (automatic),No
0196-VULGZ,Female,1,Yes,No,6,New Customer,84.35,High Value,475.0,Month-to-month,1,Fiber optic,Electronic check,Yes
8837-VVWLQ,Female,0,No,No,8,New Customer,84.95,High Value,668.0,Month-to-month,1,Fiber optic,Electronic check,Yes
2696-NARTR,Male,0,No,No,11,New Customer,73.85,High Value,926.0,Month-to-month,1,Fiber optic,Electronic check,Yes
2208-NKVVH,Male,0,Yes,Yes,43,Loyal Customer,24.25,Low Value,1078.0,Two year,0,No,Mailed check,No
7614-QVWQL,Male,0,Yes,Yes,49,Loyal Customer,51.8,Medium Value,2541.0,One year,0,DSL,Bank transfer (automatic),Yes
1976-CFOCS,Female,1,Yes,No,1,New Customer,46.0,Medium Value,46.0,Month-to-month,1,DSL,Electronic check,Yes
4631-OACRM,Male,1,No,No,15,Growing Customer,79.4,High Value,1156.0,Month-to-month,1,Fiber optic,Electronic check,Yes
7139-JZFVG,Male,0,Yes,Yes,60,Loyal Customer,60.5,Medium Value,3694.0,Two year,0,DSL,Bank transfer (automatic),No
4987-GQWPO,Male,0,No,No,17,Growing Customer,25.1,Low Value,383.0,Month-to-month,1,DSL,Credit card (automatic),No
3755-JBMNH,Male,1,Yes,No,16,Growing Customer,71.8,High Value,1168.0,Month-to-month,1,Fiber optic,Bank transfer (automatic),Yes
1757-TCATG,Male,0,Yes,Yes,35,Loyal Customer,20.05,Low Value,747.0,One year,0,No,Bank transfer (automatic),No
6345-ULYRW,Male,1,Yes,No,44,Loyal Customer,88.4,High Value,3913.0,One year,0,Fiber optic,Mailed check,Yes
4776-XSKYQ,Female,0,Yes,Yes,12,Growing Customer,30.25,Low Value,369.0,One year,0,DSL,Credit card (automatic),No
8048-DSDFQ,Male,0,No,No,1,New Customer,20.2,Low Value,20.0,Month-to-month,1,No,Mailed check,No
5753-QQWPW,Female,0,No,No,28,Loyal Customer,59.9,Medium Value,1655.0,One year,0,DSL,Electronic check,No
6010-DDPPW,Male,0,Yes,No,70,Loyal Customer,25.15,Low Value,1941.0,Two year,0,No,Bank transfer (automatic),No
1809-DMJHQ,Female,0,No,Yes,5,New Customer,46.0,Medium Value,222.0,Month-to-month,1,DSL,Mailed check,Yes
6693-FRIRW,Male,0,No,No,18,Growing Customer,101.3,High Value,1795.0,Month-to-month,1,Fiber optic,Credit card (automatic),No
6586-MYGKD,Male,0,Yes,No,70,Loyal Customer,76.95,High Value,5290.0,Two year,0,DSL,Credit card (automatic),No
3173-NVMPX,Female,0,Yes,Yes,9,New Customer,55.3,Medium Value,501.0,Month-to-month,1,DSL,Mailed check,No
0248-PGHBZ,Female,1,No,No,67,Loyal Customer,92.45,High Value,6141.0,Two year,0,Fiber optic,Bank transfer (automatic),No
0623-GDISB,Female,0,No,No,1,New Customer,48.45,Medium Value,48.0,Month-to-month,1,DSL,Bank transfer (automatic),No
2892-GESUL,Female,0,Yes,Yes,18,Growing Customer,19.35,Low Value,309.0,Two year,0,No,Mailed check,No
6923-EFPNL,Male,0,No,No,4,New Customer,51.75,Medium Value,201.0,Month-to-month,1,DSL,Credit card (automatic),Yes
7472-EQOAV,Male,1,Yes,Yes,71,Loyal Customer,86.7,High Value,6179.0,One year,0,Fiber optic,Bank transfer (automatic),No
9574-RKJIF,Male,0,Yes,Yes,30,Loyal Customer,94.4,High Value,2839.0,Month-to-month,1,Fiber optic,Electronic check,Yes
2043-WVTQJ,Male,0,Yes,No,1,New Customer,55.7,Medium Value,56.0,Month-to-month,1,DSL,Mailed check,No
8034-RYTVV,Female,0,No,No,55,Loyal Customer,84.25,High Value,4590.0,One year,0,Fiber optic,Credit card (automatic),No
3863-QSTYI,Male,0,No,No,59,Loyal Customer,64.65,Medium Value,3735.0,Month-to-month,1,DSL,Electronic check,No
2619-WFQWU,Female,0,No,No,1,New Customer,70.15,High Value,70.0,Month-to-month,1,Fiber optic,Mailed check,Yes
5044-LRQAQ,Female,0,Yes,No,7,New Customer,69.2,Medium Value,478.0,Month-to-month,1,Fiber optic,Bank transfer (automatic),No
1716-LSAMB,Male,0,Yes,Yes,45,Loyal Customer,54.65,Medium Value,2554.0,Two year,0,DSL,Bank transfer (automatic),No
1333-PBMXB,Female,0,Yes,Yes,54,Loyal Customer,24.75,Low Value,1342.0,One year,0,No,Bank transfer (automatic),No
6546-OPBBH,Male,0,Yes,Yes,51,Loyal Customer,23.95,Low Value,1216.0,One year,0,No,Mailed check,No
5985-BEHZK,Female,1,Yes,No,72,Loyal Customer,105.0,High Value,7578.0,One year,0,Fiber optic,Credit card (automatic),No
9127-QRZMH,Male,0,Yes,No,44,Loyal Customer,59.85,Medium Value,2604.0,One year,0,DSL,Bank transfer (automatic),No
5919-VCZYM,Male,0,No,No,2,New Customer,20.05,Low Value,43.0,Month-to-month,1,No,Mailed check,No
9644-KVCNC,Female,0,No,No,66,Loyal Customer,92.15,High Value,6057.0,One year,0,Fiber optic,Bank transfer (automatic),No
2137-DQMEV,Male,0,Yes,Yes,68,Loyal Customer,44.8,Medium Value,2984.0,One year,0,DSL,Mailed check,No
8174-LNWMW,Female,0,No,No,31,Loyal Customer,20.9,Low Value,689.0,Two year,0,No,Credit card (automatic),No
9279-CJEOJ,Female,1,No,No,21,Growing Customer,95.4,High Value,2025.0,Month-to-month,1,Fiber optic,Bank transfer (automatic),No
7964-VEXDG,Male,0,No,Yes,21,Growing Customer,80.35,High Value,1747.0,Month-to-month,1,Fiber optic,Electronic check,No
2404-JIBFC,Female,0,Yes,Yes,55,Loyal Customer,85.1,High Value,4658.0,Two year,0,DSL,Bank transfer (automatic),No
0778-NELLA,Male,0,No,No,9,New Customer,34.7,Low Value,296.0,Month-to-month,1,DSL,Credit card (automatic),Yes
8029-XYPWT,Male,1,Yes,No,71,Loyal Customer,115.05,High Value,8017.0,Two year,0,Fiber optic,Bank transfer (automatic),No
4614-NUVZD,Female,0,No,No,1,New Customer,81.1,High Value,81.0,Month-to-month,1,Fiber optic,Electronic check,Yes
4632-PAOYU,Male,0,Yes,Yes,22,Growing Customer,19.95,Low Value,434.0,One year,0,No,Mailed check,No
3803-KMQFW,Female,0,Yes,Yes,1,New Customer,20.55,Low Value,21.0,Month-to-month,1,No,Mailed check,Yes
6804-GDMOI,Female,0,No,No,61,Loyal Customer,106.6,High Value,6428.0,Two year,0,Fiber optic,Electronic check,Yes
2990-OGYTD,Female,0,Yes,No,67,Loyal Customer,86.15,High Value,5884.0,Two year,0,DSL,Bank transfer (automatic),No
6646-JPPHA,Female,1,No,No,14,Growing Customer,78.85,High Value,1044.0,Month-to-month,1,Fiber optic,Electronic check,No
9572-MTILT,Male,0,Yes,No,59,Loyal Customer,106.75,High Value,6253.0,Month-to-month,1,Fiber optic,Electronic check,Yes
7658-UYUQS,Male,1,Yes,No,21,Growing Customer,86.55,High Value,1857.0,Month-to-month,1,Fiber optic,Bank transfer (automatic),No
7880-XSOJX,Male,0,No,No,4,New Customer,42.4,Medium Value,146.0,Month-to-month,1,DSL,Mailed check,No
9611-CTWIH,Female,0,No,No,3,New Customer,89.45,High Value,240.0,Month-to-month,1,Fiber optic,Electronic check,Yes
4589-IUAJB,Male,0,Yes,No,70,Loyal Customer,24.25,Low Value,1724.0,Two year,0,No,Bank transfer (automatic),No
0329-GTIAJ,Female,0,No,No,3,New Customer,97.9,High Value,315.0,Month-to-month,1,Fiber optic,Electronic check,Yes
8746-BFOAJ,Male,1,No,No,21,Growing Customer,20.5,Low Value,430.0,One year,0,No,Bank transfer (automatic),No
8457-XIGKN,Male,0,No,No,20,Growing Customer,19.6,Low Value,356.0,Month-to-month,1,No,Credit card (automatic),No
6072-NUQCB,Male,0,Yes,Yes,22,Growing Customer,20.25,Low Value,488.0,One year,0,No,Bank transfer (automatic),No
6629-CZTTH,Male,0,No,No,1,New Customer,55.7,Medium Value,56.0,Month-to-month,1,DSL,Mailed check,Yes
8838-GPHZP,Female,0,No,No,63,Loyal Customer,20.6,Low Value,1299.0,Two year,0,No,Mailed check,No
8750-QWZAJ,Female,0,Yes,Yes,70,Loyal Customer,19.8,Low Value,1379.0,Two year,0,No,Bank transfer (automatic),No
5364-EVNIB,Male,0,No,No,13,Growing Customer,79.8,High Value,973.0,Month-to-month,1,Fiber optic,Electronic check,Yes
6918-UMQCG,Female,0,No,No,5,New Customer,80.2,High Value,384.0,Month-to-month,1,Fiber optic,Electronic check,No
0675-NCDYU,Female,0,Yes,Yes,72,Loyal Customer,116.4,High Value,8543.0,Two year,0,Fiber optic,Credit card (automatic),No
6339-DKLMK,Female,0,No,No,13,Growing Customer,31.65,Low Value,390.0,Month-to-month,1,DSL,Electronic check,No
1346-PJWTK,Male,0,Yes,No,61,Loyal Customer,94.15,High Value,5732.0,Month-to-month,1,Fiber optic,Credit card (automatic),No
5088-QZLRL,Male,0,No,No,1,New Customer,20.65,Low Value,21.0,Month-to-month,1,No,Electronic check,No
8023-QHAIO,Female,1,Yes,No,56,Loyal Customer,76.85,High Value,4276.0,Month-to-month,1,Fiber optic,Bank transfer (automatic),No
4397-FRLTA,Female,0,No,No,4,New Customer,20.15,Low Value,85.0,Month-to-month,1,No,Mailed check,No
3057-VJJQE,Male,0,No,No,35,Loyal Customer,55.25,Medium Value,1924.0,Two year,0,DSL,Mailed check,No
5087-SUURX,Female,0,Yes,No,18,Growing Customer,39.05,Medium Value,670.0,Month-to-month,1,DSL,Electronic check,Yes
2302-OUZXB,Male,0,Yes,No,72,Loyal Customer,82.15,High Value,5784.0,Two year,0,DSL,Bank transfer (automatic),No
8133-ANHHJ,Female,1,No,No,49,Loyal Customer,103.0,High Value,5166.0,One year,0,Fiber optic,Bank transfer (automatic),No
2270-CHBFN,Female,0,Yes,No,44,Loyal Customer,95.1,High Value,4061.0,Month-to-month,1,Fiber optic,Credit card (automatic),No
0013-EXCHZ,Female,1,Yes,No,3,New Customer,83.9,High Value,267.0,Month-to-month,1,Fiber optic,Mailed check,Yes
5982-FPVQN,Female,0,Yes,Yes,37,Loyal Customer,95.15,High Value,3533.0,Month-to-month,1,Fiber optic,Electronic check,No
9107-UKCKY,Male,0,Yes,No,61,Loyal Customer,79.8,High Value,4915.0,One year,0,DSL,Electronic check,No
4654-ULTTN,Male,0,Yes,No,70,Loyal Customer,74.8,High Value,5316.0,Two year,0,DSL,Credit card (automatic),No
5550-VFRLC,Female,1,No,No,1,New Customer,69.85,Medium Value,70.0,Month-to-month,1,Fiber optic,Electronic check,Yes
5546-BYZSM,Female,0,No,No,41,Loyal Customer,20.45,Low Value,776.0,Month-to-month,1,No,Electronic check,No
1492-KGETH,Male,0,Yes,Yes,70,Loyal Customer,78.35,High Value,5446.0,One year,0,DSL,Bank transfer (automatic),No
4929-BSTRX,Female,0,No,No,1,New Customer,53.55,Medium Value,54.0,Month-to-month,1,DSL,Mailed check,Yes
4163-HFTUK,Male,0,No,No,51,Loyal Customer,19.1,Low Value,1008.0,One year,0,No,Electronic check,No
8215-NGSPE,Female,0,Yes,Yes,42,Loyal Customer,20.0,Low Value,834.0,Two year,0,No,Mailed check,No
2225-ZRGSG,Female,0,Yes,Yes,70,Loyal Customer,93.9,High Value,6579.0,Two year,0,Fiber optic,Bank transfer (automatic),Yes
8859-YSTWS,Male,0,No,No,48,Loyal Customer,19.95,Low Value,1005.0,One year,0,No,Bank transfer (automatic),No
5271-YNWVR,Male,0,Yes,Yes,68,Loyal Customer,113.15,High Value,7856.0,Two year,0,Fiber optic,Electronic check,Yes
7601-DHFWZ,Female,0,No,No,48,Loyal Customer,24.0,Low Value,1183.0,Two year,0,No,Credit card (automatic),No
2657-ALMWY,Female,1,Yes,No,26,Loyal Customer,84.95,High Value,2170.0,Month-to-month,1,Fiber optic,Electronic check,Yes
6330-JKLPC,Male,0,Yes,No,11,New Customer,80.5,High Value,897.0,Month-to-month,1,Fiber optic,Bank transfer (automatic),Yes
4667-OHGKG,Male,0,No,No,1,New Customer,19.3,Low Value,19.0,Month-to-month,1,No,Mailed check,Yes
1998-VHJHK,Female,0,No,No,27,Loyal Customer,19.15,Low Value,501.0,One year,0,No,Mailed check,No
1707-HABPF,Female,1,No,No,46,Loyal Customer,91.3,High Value,4126.0,One year,0,Fiber optic,Bank transfer (automatic),No
1660-HSOOQ,Male,0,No,No,1,New Customer,49.65,Medium Value,50.0,Month-to-month,1,DSL,Mailed check,Yes
7253-UVNDW,Female,0,No,No,46,Loyal Customer,54.35,Medium Value,2460.0,Two year,0,DSL,Credit card (automatic),Yes
0487-VVUVK,Male,0,Yes,Yes,25,Loyal Customer,19.15,Low Value,478.0,Month-to-month,1,No,Mailed check,No
7228-OMTPN,Male,0,No,No,4,New Customer,88.45,High Value,371.0,Month-to-month,1,Fiber optic,Electronic check,Yes
5063-IUOKK,Male,0,No,No,13,Growing Customer,19.75,Low Value,266.0,Two year,0,No,Mailed check,No
4508-OEBEY,Male,0,Yes,No,31,Loyal Customer,75.5,High Value,2424.0,One year,0,DSL,Credit card (automatic),No
0027-KWYKW,Female,0,Yes,Yes,23,Growing Customer,83.75,High Value,1850.0,Month-to-month,1,Fiber optic,Electronic check,No
2308-STERM,Female,0,No,No,2,New Customer,19.4,Low Value,61.0,Month-to-month,1,No,Mailed check,No
5982-XMDEX,Female,0,No,No,65,Loyal Customer,26.5,Low Value,1699.0,Two year,0,No,Bank transfer (automatic),No
6284-AHOOQ,Male,1,No,No,22,Growing Customer,90.5,High Value,1911.0,Month-to-month,1,Fiber optic,Bank transfer (automatic),Yes
6051-PTVNS,Female,0,Yes,Yes,55,Loyal Customer,19.15,Low Value,998.0,One year,0,No,Credit card (automatic),No
2344-JMOGN,Male,0,Yes,No,9,New Customer,94.85,High Value,891.0,Month-to-month,1,Fiber optic,Mailed check,Yes
3799-ISUZQ,Male,0,Yes,Yes,7,New Customer,69.95,Medium Value,530.0,Month-to-month,1,Fiber optic,Bank transfer (automatic),Yes
2877-VDUER,Female,0,Yes,Yes,35,Loyal Customer,40.9,Medium Value,1384.0,One year,0,DSL,Mailed check,No
9152-AMKAK,Male,0,No,No,6,New Customer,80.25,High Value,493.0,Two year,0,DSL,Mailed check,No
1794-HBQTJ,Female,0,No,No,1,New Customer,48.6,Medium Value,49.0,Month-to-month,1,DSL,Credit card (automatic),Yes
9432-VOFYX,Male,0,No,No,17,Growing Customer,70.8,High Value,1207.0,Month-to-month,1,Fiber optic,Electronic check,No
8049-WJCLQ,Male,0,Yes,Yes,10,New Customer,60.2,Medium Value,564.0,Month-to-month,1,DSL,Mailed check,No
6586-PSJOX,Male,0,No,Yes,15,Growing Customer,55.2,Medium Value,865.0,One year,0,DSL,Credit card (automatic),No
2460-FPSYH,Female,1,No,No,40,Loyal Customer,55.8,Medium Value,2109.0,Month-to-month,1,DSL,Electronic check,Yes
9705-ZJBCG,Female,0,Yes,Yes,13,Growing Customer,54.15,Medium Value,701.0,One year,0,DSL,Bank transfer (automatic),No
4818-DRBQT,Male,0,Yes,No,29,Loyal Customer,80.15,High Value,2265.0,Month-to-month,1,Fiber optic,Bank transfer (automatic),Yes
1320-HTRDR,Female,0,No,No,3,New Customer,75.5,High Value,221.0,Month-to-month,1,Fiber optic,Electronic check,Yes
6847-KJLTS,Female,1,Yes,No,58,Loyal Customer,100.4,High Value,5750.0,Month-to-month,1,Fiber optic,Bank transfer (automatic),No
9670-BPNXF,Female,0,No,No,45,Loyal Customer,62.55,Medium Value,2796.0,One year,0,DSL,Credit card (automatic),No
3913-FCUUW,Female,0,Yes,Yes,72,Loyal Customer,70.45,High Value,5166.0,Two year,0,DSL,Bank transfer (automatic),No
3301-VKTGC,Male,0,Yes,Yes,68,Loyal Customer,85.5,High Value,5697.0,One year,0,Fiber optic,Bank transfer (automatic),No
1493-AMTIE,Male,0,No,No,1,New Customer,20.2,Low Value,20.0,Month-to-month,1,No,Bank transfer (automatic),Yes
9555-SAHUZ,Female,0,Yes,Yes,38,Loyal Customer,54.5,Medium Value,2076.0,Month-to-month,1,DSL,Electronic check,No
0816-TSPHQ,Male,0,No,No,2,New Customer,20.75,Low Value,44.0,Month-to-month,1,No,Mailed check,No
9932-WBWIK,Male,0,No,No,11,New Customer,20.35,Low Value,215.0,Month-to-month,1,No,Mailed check,No
4619-EVPHY,Female,1,Yes,No,20,Growing Customer,91.0,High Value,1860.0,One year,0,Fiber optic,Bank transfer (automatic),No
5286-YHCVC,Male,0,Yes,No,72,Loyal Customer,104.8,High Value,7470.0,Two year,0,Fiber optic,Bank transfer (automatic),No
6424-ELEYH,Female,0,Yes,No,3,New Customer,74.75,High Value,230.0,Month-to-month,1,Fiber optic,Credit card (automatic),Yes
4391-RESHN,Male,0,No,No,23,Growing Customer,104.05,High Value,2470.0,Month-to-month,1,Fiber optic,Mailed check,Yes
9115-YQHGA,Male,0,No,No,40,Loyal Customer,51.1,Medium Value,2093.0,Month-to-month,1,DSL,Electronic check,No
4462-CYWMH,Male,1,Yes,No,62,Loyal Customer,89.8,High Value,5630.0,Month-to-month,1,Fiber optic,Bank transfer (automatic),No
8963-MQVYN,Female,0,No,Yes,22,Growing Customer,20.55,Low Value,470.0,Month-to-month,1,No,Electronic check,No
2458-EOMRE,Female,0,No,No,11,New Customer,64.05,Medium Value,734.0,Month-to-month,1,DSL,Bank transfer (automatic),No
9334-GWGOW,Male,1,Yes,No,7,New Customer,74.85,High Value,485.0,Month-to-month,1,Fiber optic,Electronic check,No
6821-BUXUX,Female,0,No,No,13,Growing Customer,96.65,High Value,1245.0,Month-to-month,1,Fiber optic,Electronic check,Yes
5028-HTLJB,Male,1,No,No,1,New Customer,20.05,Low Value,20.0,Month-to-month,1,No,Mailed check,Yes
9801-GDWGV,Female,0,No,No,39,Loyal Customer,103.45,High Value,3994.0,Month-to-month,1,Fiber optic,Electronic check,Yes
6542-LWGXJ,Male,0,Yes,No,3,New Customer,25.0,Low Value,78.0,Month-to-month,1,DSL,Mailed check,No
5567-GZKQY,Male,0,No,No,58,Loyal Customer,20.3,Low Value,1132.0,Two year,0,No,Credit card (automatic),No
1222-LRYKO,Male,0,No,Yes,6,New Customer,26.35,Low Value,184.0,Month-to-month,1,No,Mailed check,No
2320-JRSDE,Female,0,Yes,Yes,1,New Customer,19.9,Low Value,20.0,Month-to-month,1,No,Electronic check,Yes
2087-QAREY,Female,0,Yes,No,22,Growing Customer,54.7,Medium Value,1179.0,Month-to-month,1,DSL,Mailed check,No
0601-WZHJF,Male,0,Yes,No,14,Growing Customer,46.35,Medium Value,668.0,Month-to-month,1,DSL,Electronic check,Yes
4423-JWZJN,Male,0,Yes,Yes,64,Loyal Customer,90.25,High Value,5629.0,One year,0,Fiber optic,Credit card (automatic),No
5143-WMWOG,Male,0,No,No,1,New Customer,19.95,Low Value,20.0,Month-to-month,1,No,Electronic check,Yes
6490-FGZAT,Male,0,No,No,6,New Customer,20.65,Low Value,109.0,Month-to-month,1,No,Mailed check,No
5393-RXQSZ,Male,0,No,No,1,New Customer,79.6,High Value,80.0,Month-to-month,1,Fiber optic,Electronic check,Yes
7452-FOLON,Male,0,No,Yes,39,Loyal Customer,25.45,Low Value,958.0,One year,0,No,Bank transfer (automatic),No
2320-TZRRH,Female,0,No,No,20,Growing Customer,19.5,Low Value,403.0,One year,0,No,Mailed check,No
0231-LXVAP,Male,0,No,No,1,New Customer,75.9,High Value,76.0,Month-to-month,1,Fiber optic,Electronic check,Yes
9444-JTXHZ,Male,0,Yes,No,1,New Customer,76.2,High Value,76.0,Month-to-month,1,Fiber optic,Electronic check,Yes
4942-VZZOM,Male,0,Yes,No,64,Loyal Customer,66.15,Medium Value,4393.0,One year,0,DSL,Credit card (automatic),No
5510-BOIUJ,Male,0,No,Yes,1,New Customer,19.25,Low Value,19.0,Month-to-month,1,No,Mailed check,Yes
7502-BNYGS,Female,0,Yes,No,46,Loyal Customer,69.1,Medium Value,3168.0,Month-to-month,1,DSL,Credit card (automatic),No
4291-HYEBC,Female,1,Yes,Yes,28,Loyal Customer,39.1,Medium Value,1097.0,One year,0,DSL,Electronic check,No
6147-CBCRA,Female,0,Yes,No,33,Loyal Customer,20.05,Low Value,669.0,Month-to-month,1,No,Mailed check,No
6047-SUHPR,Male,0,Yes,Yes,39,Loyal Customer,59.8,Medium Value,2344.0,One year,0,DSL,Electronic check,No
4471-KXAUH,Female,0,Yes,No,42,Loyal Customer,84.3,High Value,3588.0,Month-to-month,1,Fiber optic,Electronic check,Yes
9752-ZNQUT,Female,0,No,No,1,New Customer,48.6,Medium Value,49.0,Month-to-month,1,DSL,Electronic check,No
7638-QVMVY,Female,0,No,No,7,New Customer,79.0,High Value,523.0,Month-to-month,1,Fiber optic,Electronic check,Yes
1576-PFZIW,Male,1,Yes,No,70,Loyal Customer,105.35,High Value,7512.0,Two year,0,Fiber optic,Credit card (automatic),No
5666-MBJPT,Male,0,No,No,65,Loyal Customer,25.1,Low Value,1725.0,Two year,0,No,Bank transfer (automatic),No
7312-XSBAT,Male,0,No,No,1,New Customer,49.75,Medium Value,50.0,Month-to-month,1,DSL,Electronic check,No
3096-GKWEB,Male,0,Yes,No,18,Growing Customer,94.75,High Value,1692.0,Month-to-month,1,Fiber optic,Electronic check,No
2371-JQHZZ,Male,0,Yes,No,24,Loyal Customer,93.0,High Value,2248.0,Month-to-month,1,Fiber optic,Electronic check,No
0674-GCDXG,Male,0,No,No,63,Loyal Customer,71.9,High Value,4479.0,Two year,0,DSL,Bank transfer (automatic),No
1121-QSIVB,Female,0,No,Yes,44,Loyal Customer,77.55,High Value,3471.0,One year,0,DSL,Mailed check,No
4396-KLSEH,Male,0,No,No,4,New Customer,19.85,Low Value,63.0,Month-to-month,1,No,Electronic check,No
3244-DCJWY,Female,0,No,No,1,New Customer,70.25,High Value,70.0,Month-to-month,1,Fiber optic,Electronic check,Yes
2824-MYYBN,Female,0,Yes,Yes,37,Loyal Customer,95.25,High Value,3314.0,Month-to-month,1,Fiber optic,Electronic check,No
0875-CABNR,Female,1,No,No,10,New Customer,84.6,High Value,866.0,Month-to-month,1,Fiber optic,Credit card (automatic),Yes
6345-HOVES,Male,0,No,No,34,Loyal Customer,25.05,Low Value,853.0,Month-to-month,1,DSL,Bank transfer (automatic),No
8318-LCNBW,Male,0,Yes,No,35,Loyal Customer,53.15,Medium Value,1931.0,One year,0,DSL,Credit card (automatic),No
6469-QJKZW,Female,0,Yes,No,4,New Customer,20.15,Low Value,91.0,Month-to-month,1,No,Electronic check,No
0147-ESWWR,Female,1,Yes,No,39,Loyal Customer,101.25,High Value,3949.0,Month-to-month,1,Fiber optic,Electronic check,No
1217-VASWC,Male,1,Yes,No,43,Loyal Customer,100.55,High Value,4304.0,One year,0,Fiber optic,Bank transfer (automatic),No
7812-FZHPE,Female,0,Yes,Yes,17,Growing Customer,24.1,Low Value,410.0,Month-to-month,1,No,Mailed check,Yes
6370-ZVHDV,Female,0,Yes,No,61,Loyal Customer,25.3,Low Value,1555.0,Two year,0,No,Bank transfer (automatic),No
5915-DGNVC,Female,0,Yes,No,49,Loyal Customer,71.8,High Value,3472.0,One year,0,DSL,Electronic check,No
6260-XLACS,Male,0,No,No,4,New Customer,19.7,Low Value,118.0,One year,0,No,Mailed check,No
3566-CAAYU,Female,0,Yes,Yes,64,Loyal Customer,49.85,Medium Value,3210.0,Two year,0,DSL,Electronic check,No
4983-CCWMC,Male,0,No,No,3,New Customer,69.6,Medium Value,207.0,Month-to-month,1,Fiber optic,Mailed check,No
9103-CXVOK,Male,0,Yes,Yes,1,New Customer,19.75,Low Value,20.0,Month-to-month,1,No,Electronic check,No
2896-TBNBE,Male,0,Yes,No,40,Loyal Customer,80.8,High Value,3133.0,One year,0,Fiber optic,Electronic check,No
4797-AXPXK,Female,0,No,Yes,1,New Customer,60.0,Medium Value,60.0,Month-to-month,1,DSL,Electronic check,Yes
5229-PRWKT,Male,0,No,No,8,New Customer,86.55,High Value,650.0,Month-to-month,1,Fiber optic,Electronic check,Yes
6982-UQZLY,Female,1,Yes,No,1,New Customer,20.85,Low Value,21.0,Month-to-month,1,No,Mailed check,Yes
2522-WLNSF,Female,1,Yes,No,34,Loyal Customer,64.2,Medium Value,2106.0,One year,0,DSL,Bank transfer (automatic),No
3841-CONLJ,Female,0,Yes,No,1,New Customer,35.0,Medium Value,35.0,Month-to-month,1,DSL,Electronic check,No
5057-LCOUI,Female,0,No,No,39,Loyal Customer,50.75,Medium Value,2011.0,Month-to-month,1,DSL,Electronic check,Yes
0193-ESZXP,Female,1,Yes,No,58,Loyal Customer,105.5,High Value,6206.0,One year,0,Fiber optic,Credit card (automatic),Yes
4475-NVTLU,Male,0,Yes,Yes,45,Loyal Customer,19.2,Low Value,904.0,Two year,0,No,Electronic check,No
4369-HTUIF,Male,1,No,No,6,New Customer,85.15,High Value,504.0,Month-to-month,1,Fiber optic,Bank transfer (automatic),Yes
9386-LDCZR,Male,0,No,No,43,Loyal Customer,90.65,High Value,3882.0,One year,0,Fiber optic,Credit card (automatic),No
9585-KKMFD,Male,0,Yes,Yes,41,Loyal Customer,20.0,Low Value,880.0,Two year,0,No,Mailed check,No
5399-ZIMKF,Male,0,No,No,5,New Customer,74.65,High Value,384.0,Month-to-month,1,Fiber optic,Electronic check,No
0336-KXKFK,Male,0,No,No,72,Loyal Customer,61.2,Medium Value,4390.0,Two year,0,DSL,Credit card (automatic),No
5619-XZZKR,Male,0,No,No,4,New Customer,19.95,Low Value,68.0,One year,0,No,Mailed check,No
3948-FVVRP,Male,0,Yes,Yes,9,New Customer,54.8,Medium Value,453.0,Month-to-month,1,DSL,Mailed check,No
5327-XOKKY,Male,1,Yes,No,72,Loyal Customer,73.45,High Value,5329.0,Two year,0,DSL,Credit card (automatic),No
0983-TATYJ,Female,0,Yes,No,33,Loyal Customer,51.45,Medium Value,1759.0,One year,0,DSL,Mailed check,No
1813-JYWTO,Female,0,Yes,No,72,Loyal Customer,80.45,High Value,5738.0,Two year,0,Fiber optic,Bank transfer (automatic),No
0156-FVPTA,Male,0,Yes,No,22,Growing Customer,54.2,Medium Value,1153.0,Month-to-month,1,DSL,Electronic check,Yes
1984-FCOWB,Female,0,Yes,No,70,Loyal Customer,109.5,High Value,7675.0,One year,0,Fiber optic,Electronic check,Yes
0654-HMSHN,Male,0,Yes,Yes,21,Growing Customer,104.4,High Value,2158.0,Month-to-month,1,Fiber optic,Electronic check,Yes
6719-OXYBR,Male,0,No,No,15,Growing Customer,85.3,High Value,1220.0,Month-to-month,1,Fiber optic,Electronic check,No
3312-ZWLGF,Male,1,Yes,No,29,Loyal Customer,79.3,High Value,2415.0,Month-to-month,1,Fiber optic,Electronic check,No
6476-YHMGA,Female,0,Yes,Yes,15,Growing Customer,76.5,High Value,1156.0,Month-to-month,1,DSL,Bank transfer (automatic),No
5287-QWLKY,Male,1,Yes,Yes,71,Loyal Customer,105.1,High Value,7548.0,Month-to-month,1,Fiber optic,Credit card (automatic),Yes
0795-XCCTE,Male,1,No,No,72,Loyal Customer,25.4,Low Value,1809.0,Two year,0,No,Bank transfer (automatic),No
0168-XZKBB,Female,0,Yes,No,19,Growing Customer,86.85,High Value,1564.0,Month-to-month,1,Fiber optic,Electronic check,No
3785-NRHYR,Male,0,No,No,1,New Customer,19.65,Low Value,20.0,Month-to-month,1,No,Mailed check,No
5196-SGOAK,Female,0,No,No,1,New Customer,75.7,High Value,76.0,Month-to-month,1,Fiber optic,Electronic check,Yes
4537-DKTAL,Female,0,No,No,2,New Customer,45.55,Medium Value,84.0,Month-to-month,1,DSL,Electronic check,No
7072-MBHEV,Female,1,Yes,Yes,11,New Customer,78.1,High Value,865.0,Month-to-month,1,Fiber optic,Credit card (automatic),No
5602-BVFMK,Female,0,No,No,12,Growing Customer,19.3,Low Value,229.0,One year,0,No,Mailed check,No
6297-NOOPG,Female,0,Yes,No,70,Loyal Customer,110.5,High Value,7752.0,Two year,0,Fiber optic,Electronic check,No
1891-UAWWU,Female,1,Yes,No,20,Growing Customer,90.8,High Value,1951.0,Month-to-month,1,Fiber optic,Electronic check,Yes
8204-TIFGJ,Female,0,No,No,23,Growing Customer,20.3,Low Value,471.0,Month-to-month,1,No,Bank transfer (automatic),No
8050-DVOJX,Male,1,No,No,49,Loyal Customer,81.35,High Value,4061.0,Two year,0,DSL,Credit card (automatic),No
6108-OQZDQ,Female,0,Yes,Yes,4,New Customer,97.95,High Value,385.0,Month-to-month,1,Fiber optic,Electronic check,Yes
0363-QJVFX,Male,0,No,No,32,Loyal Customer,108.15,High Value,3433.0,Month-to-month,1,Fiber optic,Credit card (automatic),Yes
8903-XEBGX,Male,0,No,Yes,2,New Customer,55.3,Medium Value,109.0,Month-to-month,1,DSL,Electronic check,No
8169-SAEJD,Male,1,Yes,No,69,Loyal Customer,56.55,Medium Value,3953.0,Two year,0,DSL,Credit card (automatic),No
9840-DVNDC,Male,0,No,No,6,New Customer,80.5,High Value,463.0,Month-to-month,1,Fiber optic,Credit card (automatic),Yes
1089-XZWHH,Female,0,Yes,Yes,24,Loyal Customer,19.7,Low Value,494.0,Two year,0,No,Mailed check,No
2325-WINES,Female,0,No,No,32,Loyal Customer,104.05,High Value,3417.0,One year,0,Fiber optic,Credit card (automatic),No
6064-ZATLR,Female,0,No,No,27,Loyal Customer,52.85,Medium Value,1499.0,Two year,0,DSL,Bank transfer (automatic),No
3096-JRDSO,Female,1,Yes,No,27,Loyal Customer,104.3,High Value,2868.0,Month-to-month,1,Fiber optic,Bank transfer (automatic),Yes
7824-PANSQ,Male,0,No,No,58,Loyal Customer,80.65,High Value,4807.0,Month-to-month,1,Fiber optic,Bank transfer (automatic),No
8042-JVNFH,Male,0,No,No,1,New Customer,71.35,High Value,71.0,Month-to-month,1,Fiber optic,Mailed check,Yes
9648-BCHKM,Female,0,Yes,Yes,18,Growing Customer,24.65,Low Value,471.0,Two year,0,No,Credit card (automatic),No
2888-ADFAO,Female,0,Yes,Yes,47,Loyal Customer,21.3,Low Value,1042.0,Two year,0,No,Bank transfer (automatic),No
8707-HOEDG,Female,0,Yes,Yes,70,Loyal Customer,110.2,High Value,7690.0,Two year,0,Fiber optic,Electronic check,No
3374-LXDEV,Female,0,No,No,13,Growing Customer,89.4,High Value,1132.0,Month-to-month,1,Fiber optic,Electronic check,Yes
4072-IPYLT,Female,0,Yes,Yes,36,Loyal Customer,51.05,Medium Value,1815.0,Month-to-month,1,DSL,Credit card (automatic),No
7167-PCEYD,Male,0,No,No,67,Loyal Customer,19.8,Low Value,1311.0,Two year,0,No,Mailed check,No
4936-YPJNK,Female,0,No,No,10,New Customer,19.9,Low Value,199.0,Month-to-month,1,No,Mailed check,No
1580-BMCMR,Male,1,No,No,19,Growing Customer,87.3,High Value,1637.0,Month-to-month,1,Fiber optic,Electronic check,No
4817-KEQSP,Female,0,Yes,Yes,71,Loyal Customer,19.85,Low Value,1326.0,Two year,0,No,Bank transfer (automatic),No
6408-WHTEF,Male,0,Yes,Yes,72,Loyal Customer,89.4,High Value,6377.0,Two year,0,DSL,Mailed check,No
9251-AWQGT,Female,0,Yes,Yes,48,Loyal Customer,20.0,Low Value,936.0,Two year,0,No,Mailed check,No
8749-CLJXC,Male,0,No,No,1,New Customer,20.05,Low Value,20.0,Month-to-month,1,No,Mailed check,No
7989-VCQOH,Male,0,Yes,Yes,18,Growing Customer,83.25,High Value,1611.0,Month-to-month,1,DSL,Electronic check,No
5049-GLYVG,Male,0,No,No,1,New Customer,20.6,Low Value,21.0,Month-to-month,1,No,Mailed check,Yes
4199-QHJNM,Male,1,Yes,No,67,Loyal Customer,102.9,High Value,6990.0,Two year,0,Fiber optic,Bank transfer (automatic),No
8882-TLVRW,Male,0,Yes,Yes,69,Loyal Customer,39.1,Medium Value,2780.0,Two year,0,DSL,Mailed check,No
5883-GTGVD,Male,0,No,No,19,Growing Customer,99.95,High Value,1932.0,Month-to-month,1,Fiber optic,Electronic check,Yes
5135-GRQJV,Male,1,Yes,No,72,Loyal Customer,114.5,High Value,8332.0,Two year,0,Fiber optic,Mailed check,No
2384-OVPSA,Female,1,No,No,38,Loyal Customer,20.2,Low Value,736.0,Two year,0,No,Mailed check,No
1371-WEPDS,Male,1,Yes,No,40,Loyal Customer,55.8,Medium Value,2283.0,One year,0,DSL,Electronic check,No
3580-GICBM,Female,0,Yes,Yes,61,Loyal Customer,24.2,Low Value,1445.0,Two year,0,No,Mailed check,No
4817-QRJSX,Female,0,No,No,10,New Customer,81.0,High Value,818.0,Month-to-month,1,Fiber optic,Credit card (automatic),Yes
9730-DRTMJ,Male,0,Yes,No,32,Loyal Customer,72.8,High Value,2333.0,One year,0,DSL,Credit card (automatic),No
4686-UXDML,Female,0,No,No,21,Growing Customer,99.85,High Value,1993.0,Month-to-month,1,Fiber optic,Credit card (automatic),No
3349-ANQNH,Female,1,No,No,59,Loyal Customer,99.5,High Value,5890.0,One year,0,Fiber optic,Electronic check,No
2398-YPMUR,Female,1,Yes,No,13,Growing Customer,70.15,High Value,917.0,Month-to-month,1,Fiber optic,Electronic check,Yes
0932-YIXYU,Female,0,No,No,47,Loyal Customer,20.25,Low Value,1030.0,Two year,0,No,Credit card (automatic),No
7480-SPLEF,Male,0,Yes,Yes,69,Loyal Customer,26.0,Low Value,1797.0,Two year,0,No,Bank transfer (automatic),No
7636-XUHWW,Male,0,No,No,2,New Customer,19.9,Low Value,34.0,Month-to-month,1,No,Credit card (automatic),No
1431-CYWMH,Female,0,Yes,Yes,22,Growing Customer,19.05,Low Value,454.0,Month-to-month,1,No,Bank transfer (automatic),No
5937-EORGB,Male,1,Yes,No,15,Growing Customer,96.5,High Value,1392.0,Month-to-month,1,Fiber optic,Electronic check,No
6349-JDHQP,Female,0,No,No,53,Loyal Customer,19.85,Low Value,1050.0,Two year,0,No,Credit card (automatic),No
5539-HIVAK,Female,1,Yes,No,28,Loyal Customer,25.7,Low Value,735.0,Month-to-month,1,No,Mailed check,No
5847-MXBEO,Male,0,No,No,22,Growing Customer,20.3,Low Value,475.0,One year,0,No,Mailed check,No
9985-MWVIX,Female,0,No,No,1,New Customer,70.15,High Value,70.0,Month-to-month,1,Fiber optic,Mailed check,Yes
4583-PARNH,Male,1,Yes,No,16,Growing Customer,91.55,High Value,1540.0,Month-to-month,1,Fiber optic,Electronic check,No
1116-FRYVH,Female,0,Yes,Yes,48,Loyal Customer,39.4,Medium Value,1979.0,Two year,0,DSL,Mailed check,No
1421-HCERK,Male,1,Yes,No,30,Loyal Customer,105.7,High Value,3182.0,Month-to-month,1,Fiber optic,Bank transfer (automatic),No
9633-XQABV,Female,0,No,No,3,New Customer,70.25,High Value,230.0,Month-to-month,1,Fiber optic,Electronic check,No
0716-BQNDX,Male,1,No,No,57,Loyal Customer,93.75,High Value,5626.0,Two year,0,Fiber optic,Electronic check,No
1265-XTECC,Female,1,Yes,No,68,Loyal Customer,96.55,High Value,6582.0,One year,0,Fiber optic,Credit card (automatic),Yes
1183-CANVH,Female,0,Yes,No,23,Growing Customer,60.0,Medium Value,1347.0,One year,0,DSL,Bank transfer (automatic),No
1972-XMUWV,Female,0,Yes,No,65,Loyal Customer,59.8,Medium Value,3808.0,Two year,0,DSL,Credit card (automatic),No
8679-LZBMD,Male,0,Yes,No,44,Loyal Customer,90.65,High Value,3974.0,One year,0,Fiber optic,Bank transfer (automatic),No
3407-JMJQQ,Female,0,Yes,Yes,71,Loyal Customer,109.0,High Value,7662.0,Two year,0,Fiber optic,Bank transfer (automatic),No
6252-DFGTK,Female,0,Yes,No,37,Loyal Customer,68.1,Medium Value,2479.0,One year,0,DSL,Credit card (automatic),No
1539-LNKHM,Female,0,No,No,12,Growing Customer,20.4,Low Value,267.0,Month-to-month,1,No,Mailed check,No
8645-KOMJQ,Male,0,Yes,Yes,69,Loyal Customer,81.95,High Value,5601.0,Two year,0,DSL,Bank transfer (automatic),No
0289-IVARM,Female,0,No,No,35,Loyal Customer,60.55,Medium Value,1983.0,Month-to-month,1,DSL,Electronic check,No
9761-XUJWD,Male,0,No,No,5,New Customer,65.6,Medium Value,340.0,Month-to-month,1,DSL,Bank transfer (automatic),No
4057-FKCZK,Male,0,Yes,Yes,58,Loyal Customer,82.5,High Value,4828.0,Two year,0,Fiber optic,Bank transfer (automatic),No
4291-TPNFG,Male,0,Yes,No,72,Loyal Customer,82.3,High Value,5981.0,Two year,0,DSL,Bank transfer (automatic),No
6087-YPWHO,Male,0,Yes,No,72,Loyal Customer,68.15,Medium Value,4809.0,Two year,0,DSL,Mailed check,No
3090-QFUVD,Female,0,No,No,1,New Customer,20.3,Low Value,20.0,Month-to-month,1,No,Credit card (automatic),No
2237-ZFSMY,Female,0,No,No,39,Loyal Customer,95.55,High Value,3693.0,One year,0,Fiber optic,Electronic check,Yes
1722-LDZJS,Male,0,Yes,Yes,53,Loyal Customer,20.2,Low Value,1068.0,One year,0,No,Credit card (automatic),No
1818-ESQMW,Female,0,No,No,27,Loyal Customer,89.2,High Value,2384.0,Month-to-month,1,Fiber optic,Electronic check,No
4871-JTKJF,Female,1,No,No,1,New Customer,69.65,Medium Value,70.0,Month-to-month,1,Fiber optic,Electronic check,Yes
1415-YFWLT,Female,1,No,No,1,New Customer,89.3,High Value,89.0,Month-to-month,1,Fiber optic,Electronic check,Yes
7401-RUBNK,Female,0,Yes,No,18,Growing Customer,74.8,High Value,1438.0,Month-to-month,1,Fiber optic,Electronic check,No
0506-YLVKJ,Male,0,Yes,Yes,46,Loyal Customer,20.2,Low Value,917.0,Two year,0,No,Mailed check,No
8661-BOYNW,Female,0,Yes,No,72,Loyal Customer,84.4,High Value,6096.0,Two year,0,DSL,Credit card (automatic),No
6711-VTNRE,Female,0,No,No,36,Loyal Customer,87.55,High Value,3078.0,Month-to-month,1,Fiber optic,Electronic check,Yes
4815-GBTCD,Female,0,Yes,No,4,New Customer,25.15,Low Value,100.0,Month-to-month,1,DSL,Electronic check,No
2805-AUFQN,Female,0,No,No,25,Loyal Customer,19.8,Low Value,475.0,Two year,0,No,Credit card (automatic),No
0980-PVMRC,Female,0,Yes,Yes,40,Loyal Customer,50.85,Medium Value,2037.0,Month-to-month,1,DSL,Electronic check,No
7233-DRTRF,Male,0,Yes,No,63,Loyal Customer,102.4,High Value,6444.0,Month-to-month,1,Fiber optic,Electronic check,No
3500-RMZLT,Female,1,No,No,15,Growing Customer,96.3,High Value,1427.0,Month-to-month,1,Fiber optic,Mailed check,Yes
3873-NFTGI,Male,0,No,No,14,Growing Customer,55.5,Medium Value,768.0,Month-to-month,1,DSL,Credit card (automatic),No
1162-ECVII,Male,1,Yes,No,72,Loyal Customer,109.75,High Value,7933.0,Two year,0,Fiber optic,Bank transfer (automatic),No
7048-GXDAY,Male,0,No,No,39,Loyal Customer,106.4,High Value,4041.0,Month-to-month,1,Fiber optic,Electronic check,No
8571-ZCMCX,Female,0,Yes,Yes,47,Loyal Customer,60.0,Medium Value,2769.0,Two year,0,DSL,Credit card (automatic),No
1169-WCVAK,Male,0,Yes,No,19,Growing Customer,88.8,High Value,1672.0,Month-to-month,1,Fiber optic,Credit card (automatic),No
4548-SDBKE,Female,0,No,No,5,New Customer,85.2,High Value,475.0,Month-to-month,1,Fiber optic,Electronic check,Yes
8066-POXGX,Female,0,No,No,13,Growing Customer,35.1,Medium Value,446.0,Month-to-month,1,DSL,Electronic check,Yes
7129-CAKJW,Female,0,No,No,17,Growing Customer,80.05,High Value,1346.0,Month-to-month,1,Fiber optic,Bank transfer (automatic),No
8695-ARGXZ,Male,1,Yes,No,34,Loyal Customer,75.55,High Value,2425.0,Month-to-month,1,Fiber optic,Electronic check,No
3570-YUEKJ,Female,0,No,No,42,Loyal Customer,49.55,Medium Value,2078.0,Month-to-month,1,DSL,Electronic check,No
4143-OOBWZ,Male,0,Yes,No,5,New Customer,81.3,High Value,416.0,Month-to-month,1,Fiber optic,Electronic check,Yes
1555-HAPSU,Female,0,Yes,Yes,71,Loyal Customer,23.9,Low Value,1664.0,Two year,0,No,Credit card (automatic),No
1697-NVVGY,Male,1,Yes,No,19,Growing Customer,66.4,Medium Value,1286.0,Month-to-month,1,DSL,Bank transfer (automatic),No
7854-EKTJL,Female,0,No,Yes,2,New Customer,19.6,Low Value,36.0,Month-to-month,1,No,Electronic check,Yes
8464-EETCQ,Male,0,No,No,57,Loyal Customer,18.8,Low Value,1094.0,Two year,0,No,Credit card (automatic),No
2419-FSORS,Male,0,Yes,No,72,Loyal Customer,108.4,High Value,7720.0,Two year,0,Fiber optic,Electronic check,No
8132-YPVBX,Female,0,No,No,6,New Customer,85.95,High Value,515.0,Month-to-month,1,Fiber optic,Mailed check,No
9102-IAYHT,Female,0,Yes,Yes,17,Growing Customer,85.45,High Value,1452.0,Month-to-month,1,Fiber optic,Electronic check,Yes
6754-LZUKA,Male,0,Yes,No,61,Loyal Customer,80.9,High Value,4933.0,Two year,0,DSL,Bank transfer (automatic),No
3422-LYEPQ,Male,0,Yes,Yes,1,New Customer,71.0,High Value,71.0,Month-to-month,1,Fiber optic,Electronic check,Yes
8099-MZPUJ,Male,0,Yes,Yes,48,Loyal Customer,111.8,High Value,5444.0,Two year,0,Fiber optic,Credit card (automatic),No
0787-LHDYT,Male,0,No,No,16,Growing Customer,20.6,Low Value,330.0,Month-to-month,1,No,Credit card (automatic),No
2642-DTVCO,Male,1,No,No,9,New Customer,85.05,High Value,747.0,Month-to-month,1,Fiber optic,Electronic check,Yes
0374-IOEGQ,Female,0,No,No,3,New Customer,44.6,Medium Value,123.0,Month-to-month,1,DSL,Electronic check,No
4361-JEIVL,Male,0,No,Yes,1,New Customer,44.4,Medium Value,44.0,Month-to-month,1,DSL,Electronic check,Yes
3197-NNYNB,Male,0,No,No,65,Loyal Customer,105.1,High Value,6632.0,Two year,0,Fiber optic,Credit card (automatic),No
3396-DKDEL,Female,0,Yes,Yes,70,Loyal Customer,115.15,High Value,8250.0,Two year,0,Fiber optic,Credit card (automatic),No
1752-OZXFY,Male,0,Yes,No,60,Loyal Customer,59.8,Medium Value,3561.0,One year,0,DSL,Mailed check,No
9066-QRSDU,Female,0,Yes,No,69,Loyal Customer,26.3,Low Value,1764.0,One year,0,No,Electronic check,No
9112-WSNPU,Female,1,No,No,35,Loyal Customer,70.55,High Value,2419.0,Month-to-month,1,Fiber optic,Electronic check,No
9867-NNXLC,Female,0,No,No,22,Growing Customer,20.05,Low Value,470.0,Month-to-month,1,No,Mailed check,No
5321-NTRKC,Male,0,Yes,Yes,66,Loyal Customer,79.85,High Value,5235.0,Two year,0,DSL,Bank transfer (automatic),No
1363-TXLSL,Male,1,Yes,No,1,New Customer,70.3,High Value,70.0,Month-to-month,1,Fiber optic,Electronic check,Yes
9507-EXLTT,Female,0,Yes,No,1,New Customer,79.35,High Value,79.0,Month-to-month,1,Fiber optic,Bank transfer (automatic),Yes
3161-GETRM,Male,0,Yes,Yes,34,Loyal Customer,90.05,High Value,3097.0,Month-to-month,1,Fiber optic,Credit card (automatic),No
0402-OAMEN,Female,0,Yes,Yes,72,Loyal Customer,24.45,Low Value,1709.0,Two year,0,No,Bank transfer (automatic),No
6933-VLYFX,Male,0,Yes,Yes,31,Loyal Customer,59.95,Medium Value,1849.0,One year,0,DSL,Electronic check,No
6754-WKSHP,Male,0,No,Yes,30,Loyal Customer,25.35,Low Value,723.0,One year,0,No,Bank transfer (automatic),No
9846-GKXAS,Female,0,No,No,9,New Customer,90.8,High Value,810.0,Month-to-month,1,Fiber optic,Bank transfer (automatic),Yes
6017-PPLPX,Male,0,Yes,Yes,20,Growing Customer,70.45,High Value,1471.0,Month-to-month,1,Fiber optic,Electronic check,Yes
4976-LNFVV,Male,1,Yes,No,19,Growing Customer,34.3,Low Value,577.0,Month-to-month,1,DSL,Credit card (automatic),No
5055-MGMGF,Female,0,Yes,No,65,Loyal Customer,105.05,High Value,6915.0,Month-to-month,1,Fiber optic,Electronic check,No
4641-FROLU,Female,0,Yes,Yes,30,Loyal Customer,19.3,Low Value,603.0,Two year,0,No,Mailed check,No
2862-JVEOY,Male,0,No,No,6,New Customer,19.15,Low Value,124.0,One year,0,No,Mailed check,No
2969-QWUBZ,Female,0,No,No,2,New Customer,51.4,Medium Value,97.0,Month-to-month,1,DSL,Electronic check,No
9822-BIIGN,Male,0,Yes,Yes,53,Loyal Customer,71.85,High Value,3828.0,Month-to-month,1,DSL,Electronic check,No
2077-MPJQO,Male,1,Yes,No,7,New Customer,75.4,High Value,533.0,Month-to-month,1,Fiber optic,Electronic check,No
1534-OULXE,Female,0,Yes,Yes,61,Loyal Customer,49.7,Medium Value,2961.0,One year,0,DSL,Bank transfer (automatic),No
7136-RVDTZ,Male,1,No,No,70,Loyal Customer,45.25,Medium Value,3264.0,One year,0,DSL,Electronic check,Yes
2971-SGAFL,Female,0,No,No,13,Growing Customer,78.75,High Value,995.0,Month-to-month,1,DSL,Electronic check,No
1480-IVEVR,Male,1,Yes,No,35,Loyal Customer,81.6,High Value,2815.0,One year,0,Fiber optic,Bank transfer (automatic),No
2905-KFQUV,Female,0,Yes,No,2,New Customer,70.4,High Value,155.0,Month-to-month,1,Fiber optic,Credit card (automatic),No
4581-SSPWD,Female,0,No,No,3,New Customer,75.8,High Value,246.0,Month-to-month,1,Fiber optic,Electronic check,Yes
3370-HXOPH,Female,0,No,No,3,New Customer,76.1,High Value,258.0,Month-to-month,1,Fiber optic,Electronic check,No
9391-YZEJW,Female,0,No,No,62,Loyal Customer,94.0,High Value,5757.0,One year,0,Fiber optic,Bank transfer (automatic),No
9958-MEKUC,Male,0,Yes,Yes,72,Loyal Customer,103.95,High Value,7518.0,Two year,0,Fiber optic,Credit card (automatic),No
0281-CNTZX,Male,0,Yes,No,63,Loyal Customer,19.95,Low Value,1235.0,Two year,0,No,Bank transfer (automatic),No
6927-WTFIV,Male,1,No,No,20,Growing Customer,71.3,High Value,1389.0,Month-to-month,1,Fiber optic,Credit card (automatic),Yes
4118-CEVPF,Female,1,No,No,35,Loyal Customer,110.8,High Value,3836.0,One year,0,Fiber optic,Bank transfer (automatic),No
3398-ZOUAA,Male,1,Yes,No,21,Growing Customer,69.1,Medium Value,1475.0,Month-to-month,1,Fiber optic,Electronic check,Yes
9114-VEPUF,Male,0,Yes,No,62,Loyal Customer,96.1,High Value,6001.0,One year,0,Fiber optic,Electronic check,No
7876-BEUTG,Female,0,No,No,15,Growing Customer,48.8,Medium Value,720.0,Month-to-month,1,DSL,Mailed check,No
2338-BQEZT,Female,0,No,No,55,Loyal Customer,50.55,Medium Value,2833.0,Month-to-month,1,DSL,Credit card (automatic),No
9873-MNDKV,Female,0,No,No,11,New Customer,44.65,Medium Value,472.0,Month-to-month,1,DSL,Mailed check,No
0378-NHQXU,Female,0,Yes,Yes,17,Growing Customer,88.25,High Value,1461.0,Month-to-month,1,Fiber optic,Electronic check,Yes
8241-JUIQO,Female,0,No,No,61,Loyal Customer,19.45,Low Value,1336.0,One year,0,No,Bank transfer (automatic),No
2194-IIQOF,Female,0,Yes,No,71,Loyal Customer,89.3,High Value,6389.0,Two year,0,DSL,Credit card (automatic),No
4512-ZUIYL,Female,0,No,No,2,New Customer,70.0,High Value,153.0,Month-to-month,1,Fiber optic,Bank transfer (automatic),Yes
9631-RXVJM,Male,0,No,No,35,Loyal Customer,19.25,Low Value,678.0,Two year,0,No,Mailed check,No
9584-EXCDZ,Female,0,No,No,17,Growing Customer,70.5,High Value,1166.0,Month-to-month,1,Fiber optic,Bank transfer (automatic),No
7969-AULMZ,Female,0,No,No,21,Growing Customer,97.35,High Value,2120.0,Month-to-month,1,Fiber optic,Electronic check,Yes
5093-FEGLU,Female,0,Yes,No,47,Loyal Customer,19.65,Low Value,922.0,Two year,0,No,Bank transfer (automatic),No
2621-UDNLU,Female,0,Yes,No,3,New Customer,20.85,Low Value,72.0,Month-to-month,1,No,Mailed check,No
7526-IVLYU,Male,0,No,No,3,New Customer,19.65,Low Value,68.0,Month-to-month,1,No,Mailed check,No
2428-HYUNX,Male,1,Yes,No,44,Loyal Customer,19.35,Low Value,847.0,Two year,0,No,Credit card (automatic),No
9214-EKVXR,Female,0,No,No,1,New Customer,44.0,Medium Value,44.0,Month-to-month,1,DSL,Mailed check,No
3410-MHHUM,Female,0,Yes,Yes,44,Loyal Customer,94.4,High Value,4295.0,One year,0,Fiber optic,Electronic check,No
0568-ONFPC,Male,0,Yes,Yes,5,New Customer,25.9,Low Value,135.0,Month-to-month,1,No,Bank transfer (automatic),Yes
0733-VUNUW,Male,0,No,No,24,Loyal Customer,55.65,Medium Value,1401.0,Month-to-month,1,DSL,Bank transfer (automatic),Yes
4550-EVXNY,Female,0,No,Yes,1,New Customer,69.65,Medium Value,70.0,Month-to-month,1,Fiber optic,Electronic check,Yes
2122-YWVYA,Female,0,No,No,18,Growing Customer,75.4,High Value,1380.0,Month-to-month,1,Fiber optic,Electronic check,No
2968-SSGAA,Female,0,No,No,10,New Customer,100.6,High Value,1060.0,Month-to-month,1,Fiber optic,Electronic check,Yes
2296-DKZFP,Female,0,Yes,No,65,Loyal Customer,71.0,High Value,4386.0,Two year,0,DSL,Bank transfer (automatic),No
4844-JJWUY,Female,1,No,No,1,New Customer,86.0,High Value,86.0,Month-to-month,1,Fiber optic,Electronic check,Yes
6777-TGHTM,Female,0,No,No,53,Loyal Customer,106.95,High Value,5786.0,One year,0,Fiber optic,Credit card (automatic),Yes
8909-BOLNL,Male,0,No,No,3,New Customer,21.2,Low Value,52.0,One year,0,No,Mailed check,No
6603-YRDCJ,Male,0,Yes,No,33,Loyal Customer,61.05,Medium Value,2018.0,Two year,0,DSL,Mailed check,No
3538-WZPHD,Male,0,No,No,3,New Customer,29.6,Low Value,79.0,Month-to-month,1,DSL,Electronic check,Yes
3229-USWAR,Female,0,No,No,34,Loyal Customer,79.95,High Value,2727.0,One year,0,DSL,Bank transfer (automatic),No
2138-VFAPZ,Female,0,Yes,Yes,14,Growing Customer,19.7,Low Value,264.0,Two year,0,No,Mailed check,No
6131-JLWZM,Female,0,No,No,13,Growing Customer,20.3,Low Value,275.0,Month-to-month,1,No,Mailed check,No
4785-QRJHC,Male,1,Yes,No,46,Loyal Customer,59.9,Medium Value,2817.0,One year,0,DSL,Bank transfer (automatic),Yes
0269-XFESX,Male,0,Yes,Yes,23,Growing Customer,24.35,Low Value,539.0,One year,0,No,Mailed check,No
1709-EJDOX,Female,0,Yes,Yes,47,Loyal Customer,19.75,Low Value,949.0,Two year,0,No,Mailed check,No
4316-XCSLJ,Male,0,No,Yes,17,Growing Customer,50.3,Medium Value,847.0,Month-to-month,1,DSL,Mailed check,No
8610-WFCJF,Female,0,Yes,Yes,49,Loyal Customer,95.6,High Value,4784.0,Month-to-month,1,Fiber optic,Electronic check,Yes
9693-XMUOB,Male,1,Yes,No,59,Loyal Customer,50.25,Medium Value,2997.0,Month-to-month,1,DSL,Electronic check,No
0383-CLDDA,Female,0,No,No,69,Loyal Customer,85.35,High Value,5897.0,Two year,0,DSL,Credit card (automatic),No
4905-JEFDW,Male,0,No,No,11,New Customer,41.6,Medium Value,471.0,One year,0,DSL,Electronic check,Yes
2709-UQGNP,Male,0,No,No,10,New Customer,51.65,Medium Value,525.0,Month-to-month,1,DSL,Mailed check,No
3549-ZTMNH,Male,0,Yes,Yes,12,Growing Customer,24.0,Low Value,270.0,Two year,0,No,Bank transfer (automatic),No
7881-INRLC,Male,0,No,No,45,Loyal Customer,100.85,High Value,4740.0,Month-to-month,1,Fiber optic,Credit card (automatic),Yes
8033-ATFAS,Female,0,Yes,Yes,39,Loyal Customer,59.85,Medium Value,2342.0,Month-to-month,1,DSL,Mailed check,No
1635-NZATJ,Male,1,Yes,No,71,Loyal Customer,25.45,Low Value,1790.0,Two year,0,No,Credit card (automatic),No
0562-HKHML,Male,0,Yes,Yes,71,Loyal Customer,23.9,Low Value,1626.0,Two year,0,No,Credit card (automatic),No
8277-RVRSV,Female,0,Yes,Yes,33,Loyal Customer,24.15,Low Value,800.0,One year,0,No,Credit card (automatic),No
9943-VSZUV,Male,1,No,No,67,Loyal Customer,75.7,High Value,5061.0,Month-to-month,1,Fiber optic,Mailed check,No
0117-LFRMW,Male,0,Yes,Yes,37,Loyal Customer,40.2,Medium Value,1449.0,Month-to-month,1,DSL,Bank transfer (automatic),Yes
6172-FECYY,Male,0,Yes,Yes,49,Loyal Customer,84.5,High Value,4255.0,Month-to-month,1,Fiber optic,Electronic check,Yes
7054-ENNGU,Female,0,Yes,No,9,New Customer,50.85,Medium Value,467.0,Month-to-month,1,DSL,Mailed check,No
1455-HFBXA,Male,0,Yes,No,52,Loyal Customer,91.6,High Value,4628.0,Two year,0,Fiber optic,Credit card (automatic),No
9402-CXWPL,Female,0,No,No,70,Loyal Customer,98.9,High Value,6839.0,One year,0,Fiber optic,Electronic check,No
1628-BIZYP,Male,0,No,No,1,New Customer,85.0,High Value,85.0,Month-to-month,1,Fiber optic,Electronic check,No
1965-AKTSX,Female,1,No,No,14,Growing Customer,78.95,High Value,1102.0,Month-to-month,1,Fiber optic,Electronic check,Yes
0082-LDZUE,Male,0,No,No,1,New Customer,44.3,Medium Value,44.0,Month-to-month,1,DSL,Mailed check,No
4786-UKSNZ,Male,0,No,No,1,New Customer,20.2,Low Value,20.0,Month-to-month,1,No,Mailed check,Yes
5343-SGUBI,Female,0,No,No,52,Loyal Customer,80.2,High Value,4298.0,One year,0,Fiber optic,Mailed check,No
0856-NAOES,Male,0,No,No,6,New Customer,60.9,Medium Value,414.0,Month-to-month,1,DSL,Mailed check,No
1976-AZZPJ,Male,0,Yes,No,7,New Customer,34.2,Low Value,257.0,Month-to-month,1,DSL,Mailed check,No
7248-VZQLC,Female,1,No,No,47,Loyal Customer,85.2,High Value,3969.0,Month-to-month,1,Fiber optic,Bank transfer (automatic),Yes
6156-UZDLF,Female,0,No,No,26,Loyal Customer,87.15,High Value,2274.0,One year,0,Fiber optic,Credit card (automatic),No
3099-OONVS,Male,0,Yes,Yes,25,Loyal Customer,54.3,Medium Value,1297.0,Month-to-month,1,DSL,Electronic check,No
9500-WBGRP,Male,0,No,No,69,Loyal Customer,19.1,Low Value,1269.0,Two year,0,No,Mailed check,No
5183-KLYEM,Female,0,No,No,72,Loyal Customer,112.75,High Value,8193.0,Two year,0,Fiber optic,Credit card (automatic),No
5144-PQCDZ,Male,0,No,No,4,New Customer,19.95,Low Value,59.0,Month-to-month,1,No,Mailed check,No
8514-VZHEB,Male,0,Yes,Yes,59,Loyal Customer,19.5,Low Value,1148.0,Two year,0,No,Mailed check,No
6625-IUTTT,Male,0,No,No,67,Loyal Customer,65.55,Medium Value,4362.0,Two year,0,DSL,Bank transfer (automatic),No
9355-NPPFS,Female,1,No,No,26,Loyal Customer,78.8,High Value,2006.0,Month-to-month,1,Fiber optic,Electronic check,No
0068-FIGTF,Female,0,No,No,27,Loyal Customer,78.2,High Value,2079.0,One year,0,DSL,Mailed check,No
5965-GGPRW,Male,0,Yes,Yes,72,Loyal Customer,105.25,High Value,7610.0,Two year,0,Fiber optic,Bank transfer (automatic),No
8035-PWSEV,Female,0,No,No,6,New Customer,89.25,High Value,487.0,Month-to-month,1,Fiber optic,Electronic check,No
2236-HILPA,Male,0,Yes,Yes,62,Loyal Customer,20.65,Low Value,1218.0,Two year,0,No,Credit card (automatic),No
1840-BIUOG,Male,0,No,No,20,Growing Customer,68.7,Medium Value,1416.0,One year,0,DSL,Electronic check,No
1356-MKYSK,Male,0,No,No,6,New Customer,78.65,High Value,483.0,Month-to-month,1,DSL,Credit card (automatic),No
6080-LNESI,Male,0,No,No,51,Loyal Customer,24.75,Low Value,1235.0,Two year,0,No,Mailed check,No
1830-IPXVJ,Female,0,Yes,Yes,61,Loyal Customer,19.75,Low Value,1312.0,Two year,0,No,Credit card (automatic),No
5828-DWPIL,Male,1,Yes,No,62,Loyal Customer,89.1,High Value,5618.0,Month-to-month,1,Fiber optic,Electronic check,No
8398-TBIYD,Female,0,No,No,72,Loyal Customer,84.7,High Value,6185.0,Two year,0,Fiber optic,Bank transfer (automatic),No
0011-IGKFF,Male,1,Yes,No,13,Growing Customer,98.0,High Value,1238.0,Month-to-month,1,Fiber optic,Electronic check,Yes
4192-GORJT,Male,0,Yes,No,5,New Customer,94.45,High Value,498.0,Month-to-month,1,Fiber optic,Electronic check,Yes
6496-SLWHQ,Male,1,No,No,3,New Customer,105.0,High Value,294.0,Month-to-month,1,Fiber optic,Electronic check,Yes
9912-GVSEQ,Female,1,Yes,No,26,Loyal Customer,93.85,High Value,2382.0,Month-to-month,1,Fiber optic,Electronic check,Yes
2931-FSOHN,Male,1,No,No,13,Growing Customer,59.9,Medium Value,788.0,Month-to-month,1,DSL,Electronic check,No
9418-RUKPH,Female,0,Yes,Yes,38,Loyal Customer,19.95,Low Value,756.0,Two year,0,No,Mailed check,No
5383-MMTWC,Female,1,Yes,No,8,New Customer,84.0,High Value,613.0,Month-to-month,1,Fiber optic,Electronic check,Yes
9971-ZWPBF,Male,1,Yes,Yes,34,Loyal Customer,108.9,High Value,3625.0,Month-to-month,1,Fiber optic,Electronic check,No
4712-AUQZO,Male,0,No,No,18,Growing Customer,33.6,Low Value,550.0,Month-to-month,1,DSL,Mailed check,No
9711-FJTBX,Male,0,Yes,Yes,56,Loyal Customer,85.85,High Value,4794.0,One year,0,Fiber optic,Mailed check,No
2908-ZTPNF,Female,0,No,No,36,Loyal Customer,34.85,Low Value,1267.0,Month-to-month,1,DSL,Bank transfer (automatic),No
7240-ETPTR,Female,0,Yes,No,9,New Customer,48.75,Medium Value,442.0,Month-to-month,1,DSL,Electronic check,Yes
2202-CUYXZ,Male,0,No,No,1,New Customer,84.85,High Value,85.0,Month-to-month,1,Fiber optic,Electronic check,Yes
5995-OIGLP,Male,0,No,No,12,Growing Customer,56.65,Medium Value,655.0,Month-to-month,1,DSL,Mailed check,Yes
8421-WZOOW,Female,1,Yes,Yes,57,Loyal Customer,95.3,High Value,5567.0,Month-to-month,1,Fiber optic,Credit card (automatic),No
6261-RCVNS,Female,0,No,No,42,Loyal Customer,73.9,High Value,3161.0,One year,0,DSL,Credit card (automatic),Yes
7951-QKZPL,Female,0,Yes,Yes,33,Loyal Customer,24.5,Low Value,740.0,Two year,0,No,Mailed check,Yes
1414-YADCW,Male,0,Yes,No,70,Loyal Customer,84.6,High Value,5706.0,Two year,0,Fiber optic,Bank transfer (automatic),No
8756-RDDLT,Female,0,No,No,68,Loyal Customer,44.95,Medium Value,3085.0,Month-to-month,1,DSL,Electronic check,No
2862-PFNIK,Male,0,No,Yes,1,New Customer,24.7,Low Value,25.0,Month-to-month,1,DSL,Electronic check,No
5816-QVHRX,Female,0,No,No,37,Loyal Customer,100.3,High Value,3541.0,Month-to-month,1,Fiber optic,Credit card (automatic),No
4430-YHXGG,Female,0,No,Yes,4,New Customer,25.45,Low Value,84.0,Month-to-month,1,No,Mailed check,No
6888-SBYAI,Male,0,No,No,1,New Customer,50.7,Medium Value,51.0,Month-to-month,1,DSL,Mailed check,No
7395-XWZOY,Male,0,No,No,20,Growing Customer,55.0,Medium Value,1166.0,Month-to-month,1,DSL,Credit card (automatic),No
7169-YWAMK,Male,0,Yes,Yes,72,Loyal Customer,68.4,Medium Value,4855.0,Two year,0,DSL,Bank transfer (automatic),No
3640-PHQXK,Female,0,No,No,31,Loyal Customer,89.9,High Value,2807.0,Month-to-month,1,Fiber optic,Electronic check,Yes
6877-LGWXO,Male,1,Yes,No,18,Growing Customer,78.55,High Value,1423.0,Month-to-month,1,Fiber optic,Electronic check,Yes
6859-RKMZJ,Male,0,Yes,No,11,New Customer,55.05,Medium Value,608.0,Month-to-month,1,DSL,Bank transfer (automatic),No
2729-VNVAP,Female,0,Yes,Yes,33,Loyal Customer,19.8,Low Value,641.0,Two year,0,No,Credit card (automatic),No
2957-JIRMN,Female,1,No,No,62,Loyal Customer,84.45,High Value,4959.0,One year,0,Fiber optic,Electronic check,No
2049-BAFNW,Female,0,No,No,1,New Customer,35.9,Medium Value,36.0,Month-to-month,1,DSL,Mailed check,No
3842-QTGDL,Male,0,Yes,No,16,Growing Customer,80.75,High Value,1321.0,Month-to-month,1,Fiber optic,Bank transfer (automatic),No
7163-OCEQI,Male,0,Yes,Yes,22,Growing Customer,78.65,High Value,1664.0,One year,0,DSL,Mailed check,No
9782-LGXMC,Female,0,Yes,Yes,49,Loyal Customer,61.75,Medium Value,3024.0,Month-to-month,1,DSL,Bank transfer (automatic),No
5975-BAICR,Male,0,Yes,Yes,36,Loyal Customer,63.7,Medium Value,2189.0,One year,0,DSL,Credit card (automatic),No
8019-ENHXU,Male,0,Yes,No,42,Loyal Customer,99.45,High Value,4138.0,Month-to-month,1,Fiber optic,Electronic check,Yes
5167-GBFRE,Male,1,No,No,4,New Customer,25.2,Low Value,103.0,Month-to-month,1,DSL,Bank transfer (automatic),Yes
9033-EOXWV,Female,0,No,No,12,Growing Customer,74.05,High Value,873.0,One year,0,DSL,Mailed check,Yes
4673-KKSLS,Female,0,No,No,31,Loyal Customer,87.6,High Value,2724.0,Month-to-month,1,Fiber optic,Electronic check,No
4853-OITSN,Male,0,Yes,No,5,New Customer,89.15,High Value,413.0,Month-to-month,1,Fiber optic,Electronic check,No
9800-OUIGR,Male,0,Yes,Yes,66,Loyal Customer,20.0,Low Value,1374.0,Two year,0,No,Credit card (automatic),No
1324-NLTJE,Female,1,No,No,15,Growing Customer,55.0,Medium Value,757.0,Month-to-month,1,DSL,Credit card (automatic),Yes
2324-EFHVG,Male,0,No,No,64,Loyal Customer,104.4,High Value,6693.0,Two year,0,Fiber optic,Bank transfer (automatic),No
7094-MSZAO,Male,0,Yes,Yes,10,New Customer,20.05,Low Value,219.0,Month-to-month,1,No,Credit card (automatic),No
1522-VVDMG,Male,0,Yes,Yes,7,New Customer,89.75,High Value,609.0,Month-to-month,1,Fiber optic,Electronic check,Yes
6907-CQGPN,Male,0,No,No,29,Loyal Customer,34.3,Low Value,1005.0,Month-to-month,1,DSL,Electronic check,No
0780-XNZFN,Male,0,No,No,57,Loyal Customer,20.65,Low Value,1126.0,Two year,0,No,Bank transfer (automatic),No
0239-OXEXL,Female,0,No,No,46,Loyal Customer,84.25,High Value,3848.0,Month-to-month,1,Fiber optic,Mailed check,No
2675-IJRGJ,Male,0,No,No,53,Loyal Customer,19.65,Low Value,978.0,Two year,0,No,Bank transfer (automatic),No
7049-GKVZY,Female,0,No,No,17,Growing Customer,79.85,High Value,1387.0,One year,0,DSL,Credit card (automatic),No
8577-QSOCG,Female,0,Yes,Yes,38,Loyal Customer,20.2,Low Value,746.0,Two year,0,No,Mailed check,No
3721-CNZHX,Male,0,No,No,15,Growing Customer,19.8,Low Value,305.0,One year,0,No,Mailed check,No
0212-ISBBF,Female,0,No,No,22,Growing Customer,50.35,Medium Value,1099.0,Month-to-month,1,DSL,Electronic check,No
9185-TQCVP,Male,0,Yes,No,14,Growing Customer,85.15,High Value,1139.0,Month-to-month,1,Fiber optic,Electronic check,Yes
3585-YNADK,Female,0,Yes,No,57,Loyal Customer,74.6,High Value,4369.0,One year,0,DSL,Bank transfer (automatic),No
5271-DBYSJ,Male,1,No,No,11,New Customer,79.15,High Value,828.0,Month-to-month,1,Fiber optic,Credit card (automatic),No
1099-GODLO,Female,0,Yes,Yes,1,New Customer,20.35,Low Value,20.0,Two year,0,No,Mailed check,No
6828-HMKWP,Male,0,Yes,Yes,12,Growing Customer,21.05,Low Value,262.0,Two year,0,No,Bank transfer (automatic),No
5567-WSELE,Male,1,Yes,No,3,New Customer,94.6,High Value,280.0,Month-to-month,1,Fiber optic,Electronic check,Yes
1472-TNCWL,Male,0,No,Yes,36,Loyal Customer,94.7,High Value,3513.0,Month-to-month,1,Fiber optic,Electronic check,No
8063-RJYNF,Male,0,No,No,16,Growing Customer,94.25,High Value,1483.0,Month-to-month,1,Fiber optic,Electronic check,Yes
0687-ZVTHB,Male,0,Yes,Yes,65,Loyal Customer,72.45,High Value,4654.0,One year,0,DSL,Credit card (automatic),Yes
2080-GKCWQ,Male,0,No,No,2,New Customer,74.95,High Value,152.0,Month-to-month,1,Fiber optic,Electronic check,No
9661-ACXBS,Female,0,No,No,42,Loyal Customer,105.2,High Value,4401.0,Month-to-month,1,Fiber optic,Electronic check,Yes
2193-SFWQW,Male,0,Yes,Yes,72,Loyal Customer,111.95,High Value,8033.0,Two year,0,Fiber optic,Bank transfer (automatic),No
5656-JAMLX,Male,0,No,No,62,Loyal Customer,19.85,Low Value,1254.0,Two year,0,No,Bank transfer (automatic),No
3462-BJQQA,Female,0,No,No,6,New Customer,89.75,High Value,553.0,Month-to-month,1,Fiber optic,Electronic check,No
0442-TDYUO,Male,0,Yes,No,48,Loyal Customer,20.05,Low Value,1036.0,Two year,0,No,Mailed check,No
6733-LRIZX,Male,0,No,No,35,Loyal Customer,108.95,High Value,4026.0,Two year,0,Fiber optic,Electronic check,No
9503-XJUME,Male,0,No,Yes,52,Loyal Customer,19.65,Low Value,928.0,One year,0,No,Credit card (automatic),No
4367-NHWMM,Female,0,No,No,1,New Customer,24.9,Low Value,25.0,Month-to-month,1,DSL,Mailed check,No
3727-RJMEO,Male,0,Yes,No,6,New Customer,82.85,High Value,460.0,Month-to-month,1,Fiber optic,Electronic check,Yes
3779-OSWCF,Female,0,Yes,No,71,Loyal Customer,93.2,High Value,6506.0,Two year,0,DSL,Credit card (automatic),No
6736-DHUQI,Female,0,Yes,Yes,67,Loyal Customer,84.8,High Value,5598.0,One year,0,Fiber optic,Bank transfer (automatic),No
3915-ODIYG,Male,1,No,No,60,Loyal Customer,71.75,High Value,4375.0,One year,0,DSL,Electronic check,No
1360-RCYRT,Male,0,Yes,Yes,23,Growing Customer,30.35,Low Value,679.0,Month-to-month,1,DSL,Bank transfer (automatic),No
2724-FJDYW,Male,0,No,Yes,39,Loyal Customer,54.85,Medium Value,2192.0,One year,0,DSL,Bank transfer (automatic),No
4451-RWASJ,Male,0,Yes,Yes,15,Growing Customer,19.5,Low Value,240.0,One year,0,No,Mailed check,No
6646-VRFOL,Male,1,Yes,No,53,Loyal Customer,103.85,High Value,5486.0,Month-to-month,1,Fiber optic,Electronic check,Yes
3460-TJBWI,Male,0,Yes,Yes,24,Loyal Customer,24.2,Low Value,609.0,Two year,0,No,Mailed check,No
5917-HBSDW,Female,0,Yes,Yes,37,Loyal Customer,19.35,Low Value,684.0,Month-to-month,1,No,Electronic check,No
5685-IIXLY,Female,0,Yes,Yes,5,New Customer,83.6,High Value,404.0,Month-to-month,1,Fiber optic,Electronic check,Yes
5671-UUNXD,Female,1,Yes,No,50,Loyal Customer,100.65,High Value,5190.0,One year,0,Fiber optic,Electronic check,No
0956-ACVZC,Female,0,No,No,54,Loyal Customer,94.1,High Value,5061.0,One year,0,Fiber optic,Credit card (automatic),No
2325-NBPZG,Female,0,No,No,3,New Customer,74.55,High Value,234.0,Month-to-month,1,Fiber optic,Electronic check,No
4250-ZBWLV,Male,0,No,No,68,Loyal Customer,108.45,High Value,7177.0,One year,0,Fiber optic,Electronic check,Yes
4482-FTFFX,Male,0,No,No,5,New Customer,56.15,Medium Value,291.0,Month-to-month,1,DSL,Electronic check,No
8859-DZTGQ,Male,0,No,No,33,Loyal Customer,20.35,Low Value,690.0,Two year,0,No,Mailed check,No
0440-MOGPM,Female,0,No,No,41,Loyal Customer,80.55,High Value,3264.0,One year,0,DSL,Electronic check,No
0020-JDNXP,Female,0,Yes,Yes,34,Loyal Customer,61.25,Medium Value,1993.0,One year,0,DSL,Mailed check,No
3752-CQSJI,Female,0,Yes,Yes,13,Growing Customer,20.45,Low Value,255.0,Month-to-month,1,No,Mailed check,No
5025-GOOKI,Female,0,No,No,20,Growing Customer,18.9,Low Value,348.0,Month-to-month,1,No,Credit card (automatic),No
4698-KVLLG,Female,1,No,No,51,Loyal Customer,19.6,Low Value,968.0,Two year,0,No,Credit card (automatic),No
5095-AESKG,Female,0,Yes,No,3,New Customer,91.5,High Value,243.0,Month-to-month,1,Fiber optic,Credit card (automatic),Yes
2887-JPYLU,Female,0,No,Yes,41,Loyal Customer,45.2,Medium Value,1842.0,Month-to-month,1,DSL,Bank transfer (automatic),No
4770-QAZXN,Female,0,No,No,13,Growing Customer,19.45,Low Value,232.0,Month-to-month,1,No,Credit card (automatic),No
4896-CPRPF,Male,0,Yes,Yes,35,Loyal Customer,25.45,Low Value,809.0,Two year,0,No,Bank transfer (automatic),No
1871-MOWRM,Male,0,Yes,No,12,Growing Customer,80.85,High Value,866.0,Month-to-month,1,Fiber optic,Bank transfer (automatic),Yes
9714-EDSUC,Male,0,No,No,4,New Customer,94.9,High Value,361.0,Month-to-month,1,Fiber optic,Mailed check,No
2027-OAQQC,Female,0,No,No,43,Loyal Customer,49.05,Medium Value,2076.0,Month-to-month,1,DSL,Bank transfer (automatic),Yes
0282-NVSJS,Female,1,Yes,Yes,12,Growing Customer,29.3,Low Value,356.0,Month-to-month,1,DSL,Mailed check,No
9090-SGQXL,Male,1,Yes,No,68,Loyal Customer,105.3,High Value,7300.0,Month-to-month,1,Fiber optic,Electronic check,Yes
6595-YGXIT,Male,1,No,No,25,Loyal Customer,88.95,High Value,2291.0,Month-to-month,1,Fiber optic,Electronic check,Yes
7353-YOWFP,Female,0,No,No,7,New Customer,20.25,Low Value,129.0,One year,0,No,Mailed check,No
9835-ZIITK,Male,1,Yes,No,66,Loyal Customer,110.85,High Value,7492.0,One year,0,Fiber optic,Electronic check,Yes
8008-ESFLK,Female,0,Yes,No,53,Loyal Customer,110.5,High Value,5836.0,One year,0,Fiber optic,Electronic check,No
7537-CBQUZ,Male,1,No,No,63,Loyal Customer,109.4,High Value,7031.0,Month-to-month,1,Fiber optic,Bank transfer (automatic),No
1555-DJEQW,Female,0,Yes,Yes,70,Loyal Customer,114.2,High Value,7724.0,Two year,0,Fiber optic,Bank transfer (automatic),Yes
5649-TJHOV,Male,1,Yes,No,27,Loyal Customer,36.5,Medium Value,1032.0,Month-to-month,1,DSL,Bank transfer (automatic),Yes
0519-XUZJU,Female,0,No,No,1,New Customer,70.75,High Value,71.0,Month-to-month,1,Fiber optic,Mailed check,Yes
3363-EWLGO,Female,0,No,No,5,New Customer,19.95,Low Value,110.0,Month-to-month,1,No,Mailed check,No
4750-UKWJK,Female,1,Yes,No,37,Loyal Customer,19.6,Low Value,728.0,One year,0,No,Mailed check,No
6338-AVWCY,Male,0,No,No,3,New Customer,40.15,Medium Value,131.0,Month-to-month,1,DSL,Mailed check,Yes
1689-YQBYY,Female,0,No,Yes,12,Growing Customer,76.6,High Value,893.0,Month-to-month,1,Fiber optic,Electronic check,No
4487-ZYJZK,Female,0,Yes,Yes,38,Loyal Customer,19.6,Low Value,763.0,One year,0,No,Credit card (automatic),No
2959-FENLU,Female,0,No,No,9,New Customer,85.3,High Value,781.0,Month-to-month,1,Fiber optic,Credit card (automatic),No
0708-LGSMF,Male,0,Yes,No,13,Growing Customer,65.85,Medium Value,902.0,Month-to-month,1,DSL,Electronic check,No
9253-QXKBE,Male,1,Yes,No,29,Loyal Customer,94.45,High Value,2654.0,Month-to-month,1,Fiber optic,Electronic check,Yes
7634-HLQJR,Female,0,Yes,Yes,47,Loyal Customer,20.05,Low Value,1017.0,Two year,0,No,Credit card (automatic),No
0487-RPVUM,Male,0,Yes,No,61,Loyal Customer,99.4,High Value,5944.0,Month-to-month,1,Fiber optic,Bank transfer (automatic),No
4079-ULGFR,Male,0,No,No,16,Growing Customer,20.0,Low Value,276.0,Month-to-month,1,No,Mailed check,No
2516-XSJKX,Female,0,Yes,Yes,41,Loyal Customer,78.45,High Value,3126.0,Two year,0,DSL,Electronic check,No
0057-QBUQH,Female,0,No,Yes,43,Loyal Customer,25.1,Low Value,1070.0,Two year,0,No,Electronic check,No
9445-SZLCH,Female,0,Yes,Yes,36,Loyal Customer,97.35,High Value,3458.0,Month-to-month,1,Fiber optic,Bank transfer (automatic),Yes
6599-SFQVE,Female,0,No,No,6,New Customer,55.0,Medium Value,340.0,Month-to-month,1,DSL,Electronic check,No
8331-ZXFOE,Female,0,No,No,58,Loyal Customer,71.1,High Value,4299.0,One year,0,DSL,Credit card (automatic),No
4003-FUSHP,Male,0,No,No,19,Growing Customer,61.55,Medium Value,1093.0,Month-to-month,1,DSL,Credit card (automatic),No
0356-ERHVT,Male,0,Yes,No,11,New Customer,45.9,Medium Value,522.0,Month-to-month,1,DSL,Bank transfer (automatic),No
7325-ENZFI,Female,0,No,No,39,Loyal Customer,40.3,Medium Value,1630.0,One year,0,DSL,Bank transfer (automatic),No
4884-ZTHVF,Female,1,No,No,8,New Customer,87.1,High Value,714.0,Month-to-month,1,Fiber optic,Electronic check,No
3920-HIHMQ,Female,0,No,Yes,26,Loyal Customer,49.5,Medium Value,1266.0,Month-to-month,1,DSL,Mailed check,No
3055-OYMSE,Female,1,No,No,53,Loyal Customer,73.8,High Value,4004.0,Month-to-month,1,Fiber optic,Credit card (automatic),No
0613-WUXUM,Female,0,Yes,Yes,70,Loyal Customer,19.2,Low Value,1401.0,Two year,0,No,Mailed check,No
7568-PODML,Male,0,No,No,1,New Customer,45.3,Medium Value,45.0,Month-to-month,1,DSL,Mailed check,Yes
4458-KVRBJ,Male,0,No,No,59,Loyal Customer,25.0,Low Value,1511.0,Two year,0,No,Mailed check,No
5349-IECLD,Male,0,No,No,2,New Customer,94.95,High Value,178.0,Month-to-month,1,Fiber optic,Electronic check,Yes
1397-XKKWR,Male,0,No,No,7,New Customer,35.3,Medium Value,265.0,One year,0,DSL,Mailed check,No
3945-GFWQL,Female,0,No,Yes,12,Growing Customer,44.55,Medium Value,481.0,Month-to-month,1,DSL,Electronic check,Yes
8097-OMULG,Male,0,Yes,Yes,59,Loyal Customer,76.75,High Value,4542.0,One year,0,DSL,Credit card (automatic),No
6013-BHCAW,Male,0,Yes,Yes,61,Loyal Customer,81.0,High Value,4976.0,Two year,0,DSL,Bank transfer (automatic),No
0401-WDBXM,Male,0,Yes,Yes,72,Loyal Customer,105.55,High Value,7542.0,Two year,0,Fiber optic,Bank transfer (automatic),No
3387-PLKUI,Female,0,Yes,Yes,13,Growing Customer,18.8,Low Value,251.0,Month-to-month,1,No,Mailed check,No
6096-EGVTU,Female,0,Yes,Yes,64,Loyal Customer,24.9,Low Value,1596.0,One year,0,No,Mailed check,No
3797-VTIDR,Male,0,Yes,No,1,New Customer,23.45,Low Value,23.0,Month-to-month,1,DSL,Electronic check,Yes
5081-NWSUP,Female,0,No,No,10,New Customer,64.9,Medium Value,686.0,One year,0,DSL,Mailed check,No
2580-ATZSQ,Female,0,Yes,Yes,65,Loyal Customer,61.35,Medium Value,3874.0,One year,0,DSL,Bank transfer (automatic),No
8085-MSNLK,Female,0,Yes,No,62,Loyal Customer,113.95,High Value,6891.0,Two year,0,Fiber optic,Mailed check,No
9691-HKOVS,Female,0,Yes,No,55,Loyal Customer,90.15,High Value,4917.0,One year,0,DSL,Electronic check,No
9881-VCZEP,Female,0,Yes,No,25,Loyal Customer,54.1,Medium Value,1373.0,Month-to-month,1,DSL,Electronic check,No
9526-BIHHD,Male,0,No,No,1,New Customer,29.7,Low Value,30.0,Month-to-month,1,DSL,Mailed check,Yes
8757-TFHHJ,Male,0,No,No,1,New Customer,49.8,Medium Value,50.0,Month-to-month,1,DSL,Credit card (automatic),No
4523-WXCEF,Female,0,Yes,No,59,Loyal Customer,101.1,High Value,6040.0,Month-to-month,1,Fiber optic,Electronic check,Yes
1468-DEFNC,Male,1,Yes,Yes,64,Loyal Customer,24.4,Low Value,1549.0,Two year,0,No,Bank transfer (automatic),No
5119-KEPFY,Male,0,Yes,No,36,Loyal Customer,95.0,High Value,3440.0,Month-to-month,1,Fiber optic,Bank transfer (automatic),No
8364-TRMMK,Female,0,No,No,3,New Customer,50.65,Medium Value,151.0,Month-to-month,1,DSL,Mailed check,Yes
0916-KNFAJ,Male,0,Yes,No,61,Loyal Customer,69.9,Medium Value,4227.0,Two year,0,DSL,Mailed check,No
8319-QBEHW,Male,0,No,Yes,26,Loyal Customer,39.95,Medium Value,1024.0,One year,0,DSL,Bank transfer (automatic),No
3063-QFSZL,Female,0,No,No,1,New Customer,55.4,Medium Value,55.0,Month-to-month,1,DSL,Electronic check,Yes
8775-LHDJH,Female,1,Yes,No,1,New Customer,90.6,High Value,91.0,Month-to-month,1,Fiber optic,Electronic check,Yes
9625-QNLUX,Male,0,Yes,Yes,68,Loyal Customer,103.25,High Value,7074.0,Two year,0,Fiber optic,Credit card (automatic),No
3097-NQYSN,Male,1,Yes,No,2,New Customer,86.85,High Value,156.0,Month-to-month,1,Fiber optic,Mailed check,Yes
4024-CSNBY,Female,0,Yes,No,72,Loyal Customer,94.25,High Value,6850.0,Two year,0,Fiber optic,Bank transfer (automatic),No
7110-BDTWG,Female,0,Yes,No,71,Loyal Customer,47.05,Medium Value,3264.0,Two year,0,DSL,Electronic check,No
7493-GVFIO,Male,0,No,No,57,Loyal Customer,20.55,Low Value,1253.0,Two year,0,No,Credit card (automatic),No
0690-SRQID,Male,0,No,No,4,New Customer,19.65,Low Value,68.0,Month-to-month,1,No,Mailed check,No
9605-WGJVW,Female,1,No,No,1,New Customer,70.2,High Value,70.0,Month-to-month,1,Fiber optic,Electronic check,No
9114-DPSIA,Male,0,Yes,Yes,72,Loyal Customer,81.0,High Value,5750.0,Two year,0,DSL,Credit card (automatic),No
4700-UBQMV,Male,0,Yes,Yes,21,Growing Customer,75.9,High Value,1550.0,One year,0,DSL,Bank transfer (automatic),No
7711-GQBZC,Female,0,Yes,Yes,71,Loyal Customer,24.7,Low Value,1811.0,Two year,0,No,Bank transfer (automatic),No
3565-UNOCC,Female,1,Yes,No,29,Loyal Customer,99.05,High Value,2953.0,Month-to-month,1,Fiber optic,Bank transfer (automatic),Yes
4627-MIHJH,Female,1,No,No,69,Loyal Customer,110.25,High Value,7468.0,Two year,0,Fiber optic,Credit card (automatic),No
9795-NREXC,Female,0,Yes,No,64,Loyal Customer,85.0,High Value,5484.0,Two year,0,DSL,Credit card (automatic),No
8573-CGOCC,Male,0,No,No,16,Growing Customer,19.75,Low Value,295.0,Month-to-month,1,No,Credit card (automatic),No
7356-AYNJP,Female,0,No,No,4,New Customer,23.9,Low Value,98.0,One year,0,No,Electronic check,No
9249-FXSCK,Female,0,No,No,52,Loyal Customer,111.25,High Value,5916.0,One year,0,Fiber optic,Credit card (automatic),Yes
5493-SDRDQ,Male,0,No,No,2,New Customer,55.1,Medium Value,113.0,Month-to-month,1,DSL,Mailed check,Yes
6286-SUUWT,Male,0,No,No,1,New Customer,19.95,Low Value,20.0,Month-to-month,1,No,Mailed check,No
4819-HJPIW,Male,0,No,No,18,Growing Customer,25.15,Low Value,477.0,Month-to-month,1,DSL,Mailed check,No
8654-DHAOW,Female,0,No,No,2,New Customer,54.15,Medium Value,102.0,Month-to-month,1,DSL,Mailed check,No
5438-QMDDL,Female,0,Yes,No,19,Growing Customer,59.8,Medium Value,1131.0,Month-to-month,1,DSL,Mailed check,No
9812-GHVRI,Female,0,No,No,40,Loyal Customer,83.85,High Value,3532.0,Month-to-month,1,Fiber optic,Bank transfer (automatic),No
5553-AOINX,Female,1,Yes,Yes,66,Loyal Customer,104.9,High Value,6891.0,One year,0,Fiber optic,Electronic check,No
1228-ZLNBX,Male,0,No,No,21,Growing Customer,75.3,High Value,1571.0,Month-to-month,1,Fiber optic,Mailed check,No
4226-KKDON,Male,0,No,No,8,New Customer,66.65,Medium Value,521.0,Month-to-month,1,DSL,Electronic check,No
3831-YCPUO,Female,0,Yes,Yes,72,Loyal Customer,109.5,High Value,7855.0,Two year,0,Fiber optic,Credit card (automatic),No
7445-WMRBW,Female,0,No,No,48,Loyal Customer,73.85,High Value,3581.0,One year,0,DSL,Bank transfer (automatic),No
3308-DGHKL,Male,0,No,No,69,Loyal Customer,19.3,Low Value,1448.0,Two year,0,No,Bank transfer (automatic),No
9924-JPRMC,Male,0,No,No,72,Loyal Customer,118.2,High Value,8547.0,Two year,0,Fiber optic,Electronic check,No
0080-EMYVY,Female,0,No,No,14,Growing Customer,51.45,Medium Value,728.0,One year,0,DSL,Credit card (automatic),No
6218-KNUBD,Male,0,No,No,6,New Customer,59.45,Medium Value,358.0,Month-to-month,1,DSL,Electronic check,No
7337-CINUD,Female,0,Yes,Yes,8,New Customer,19.5,Low Value,159.0,Two year,0,No,Bank transfer (automatic),No
7609-NRNCA,Female,0,No,No,17,Growing Customer,19.55,Low Value,281.0,One year,0,No,Mailed check,No
0623-EJQEG,Male,0,No,No,65,Loyal Customer,93.55,High Value,6069.0,One year,0,Fiber optic,Electronic check,No
7153-CHRBV,Female,0,Yes,Yes,57,Loyal Customer,59.3,Medium Value,3274.0,One year,0,DSL,Mailed check,No
0871-URUWO,Male,0,Yes,No,13,Growing Customer,102.25,High Value,1359.0,Month-to-month,1,Fiber optic,Credit card (automatic),Yes
9190-MFJLN,Male,1,No,No,19,Growing Customer,95.9,High Value,1778.0,Month-to-month,1,Fiber optic,Credit card (automatic),Yes
6198-PNNSZ,Female,0,Yes,No,56,Loyal Customer,109.8,High Value,6110.0,One year,0,Fiber optic,Bank transfer (automatic),No
3317-VLGQT,Female,0,Yes,No,14,Growing Customer,78.1,High Value,1122.0,Month-to-month,1,Fiber optic,Electronic check,No
4132-POCZS,Male,0,Yes,No,52,Loyal Customer,39.9,Medium Value,2021.0,Month-to-month,1,DSL,Electronic check,No
5614-DNZCE,Female,0,No,No,58,Loyal Customer,64.9,Medium Value,3795.0,Two year,0,DSL,Credit card (automatic),No
1095-JUDTC,Female,1,No,No,47,Loyal Customer,95.05,High Value,4505.0,Month-to-month,1,Fiber optic,Electronic check,Yes
3896-RCYYE,Female,0,No,No,67,Loyal Customer,53.4,Medium Value,3579.0,Month-to-month,1,DSL,Credit card (automatic),No
9638-JIQYA,Male,0,No,No,2,New Customer,24.9,Low Value,50.0,Month-to-month,1,DSL,Credit card (automatic),No
3258-SANFR,Male,1,No,No,6,New Customer,44.7,Medium Value,277.0,Month-to-month,1,DSL,Credit card (automatic),No
3726-TBHQT,Male,0,Yes,Yes,71,Loyal Customer,114.0,High Value,8176.0,Two year,0,Fiber optic,Bank transfer (automatic),No
3190-ITQXP,Female,0,Yes,Yes,46,Loyal Customer,20.25,Low Value,890.0,Two year,0,No,Bank transfer (automatic),No
0870-VEMYL,Female,0,No,No,5,New Customer,53.85,Medium Value,260.0,Month-to-month,1,DSL,Credit card (automatic),Yes
4833-QTJNO,Male,1,Yes,No,67,Loyal Customer,83.85,High Value,5589.0,Month-to-month,1,Fiber optic,Bank transfer (automatic),No
3039-MJSLN,Male,0,No,Yes,3,New Customer,20.2,Low Value,51.0,Month-to-month,1,No,Bank transfer (automatic),No
0178-CIIKR,Female,0,No,No,3,New Customer,19.95,Low Value,58.0,Month-to-month,1,No,Mailed check,No
5385-SUIRI,Male,1,Yes,No,52,Loyal Customer,104.2,High Value,5568.0,Month-to-month,1,Fiber optic,Electronic check,Yes
3982-XWFZQ,Female,0,Yes,No,42,Loyal Customer,50.25,Medium Value,2204.0,Month-to-month,1,DSL,Electronic check,Yes
5774-QPLTF,Male,0,Yes,Yes,50,Loyal Customer,20.35,Low Value,939.0,One year,0,No,Mailed check,No
2322-VCZHZ,Male,1,Yes,No,23,Growing Customer,90.0,High Value,2024.0,Month-to-month,1,Fiber optic,Electronic check,No
5010-IPEAQ,Female,0,Yes,Yes,67,Loyal Customer,54.2,Medium Value,3624.0,Two year,0,DSL,Credit card (automatic),No
4009-ALQFH,Female,0,No,No,25,Loyal Customer,99.5,High Value,2369.0,Month-to-month,1,Fiber optic,Electronic check,Yes
6383-ZTSIW,Female,1,Yes,No,39,Loyal Customer,99.1,High Value,3878.0,One year,0,Fiber optic,Mailed check,No
8990-YOZLV,Female,0,No,No,69,Loyal Customer,66.9,Medium Value,4578.0,Two year,0,DSL,Mailed check,No
3069-SSVSN,Female,0,No,No,1,New Customer,25.85,Low Value,26.0,One year,0,DSL,Mailed check,No
5222-IMUKT,Male,0,No,No,32,Loyal Customer,91.05,High Value,2872.0,Month-to-month,1,Fiber optic,Electronic check,No
3627-FCRDW,Female,0,No,No,9,New Customer,71.0,High Value,673.0,Month-to-month,1,Fiber optic,Electronic check,Yes
7562-GSUHK,Female,0,No,No,16,Growing Customer,93.2,High Value,1574.0,Month-to-month,1,Fiber optic,Credit card (automatic),Yes
6685-XSHHU,Male,0,Yes,Yes,60,Loyal Customer,20.95,Low Value,1271.0,Two year,0,No,Bank transfer (automatic),No
8901-UPRHR,Female,0,Yes,Yes,72,Loyal Customer,109.2,High Value,7711.0,Two year,0,Fiber optic,Bank transfer (automatic),No
4903-UYAVB,Male,0,Yes,No,5,New Customer,19.35,Low Value,126.0,Month-to-month,1,No,Mailed check,Yes
0118-JPNOY,Female,1,No,No,26,Loyal Customer,85.8,High Value,2194.0,Month-to-month,1,Fiber optic,Credit card (automatic),No
6776-TLWOI,Male,0,No,No,3,New Customer,19.85,Low Value,65.0,Month-to-month,1,No,Mailed check,Yes
3845-FXCYS,Male,0,No,No,2,New Customer,19.65,Low Value,31.0,Month-to-month,1,No,Electronic check,No
5857-XRECV,Female,0,No,Yes,2,New Customer,20.5,Low Value,38.0,One year,0,No,Bank transfer (automatic),No
0725-CXOTM,Female,0,No,No,36,Loyal Customer,89.65,High Value,3348.0,One year,0,DSL,Credit card (automatic),No
4343-EJVQB,Male,0,No,No,7,New Customer,74.35,High Value,534.0,Month-to-month,1,Fiber optic,Mailed check,No
9000-PLFUZ,Female,1,Yes,No,60,Loyal Customer,49.45,Medium Value,2908.0,Two year,0,DSL,Credit card (automatic),No
3427-GGZZI,Female,0,Yes,No,19,Growing Customer,89.1,High Value,1621.0,Month-to-month,1,Fiber optic,Electronic check,No
7779-ORAEL,Male,1,Yes,No,45,Loyal Customer,75.15,High Value,3480.0,Two year,0,DSL,Credit card (automatic),No
0644-OQMDK,Male,1,No,No,4,New Customer,70.65,High Value,294.0,Month-to-month,1,Fiber optic,Electronic check,No
4077-CROMM,Female,0,Yes,Yes,31,Loyal Customer,104.2,High Value,3243.0,Month-to-month,1,Fiber optic,Electronic check,Yes
3154-CFSZG,Male,0,Yes,Yes,47,Loyal Customer,90.05,High Value,4137.0,Month-to-month,1,Fiber optic,Electronic check,No
2868-MZAGQ,Male,0,No,No,1,New Customer,79.25,High Value,79.0,Month-to-month,1,Fiber optic,Electronic check,Yes
4847-QNOKA,Female,0,No,No,1,New Customer,44.9,Medium Value,45.0,Month-to-month,1,DSL,Bank transfer (automatic),Yes
2220-IAHLS,Female,0,No,No,1,New Customer,19.4,Low Value,19.0,Month-to-month,1,No,Credit card (automatic),No
1658-XUHBX,Female,1,Yes,Yes,59,Loyal Customer,88.75,High Value,5349.0,Month-to-month,1,Fiber optic,Credit card (automatic),No
6379-RXJRQ,Male,0,Yes,No,10,New Customer,70.1,High Value,660.0,Month-to-month,1,Fiber optic,Electronic check,Yes
2378-HTWFW,Male,1,No,No,35,Loyal Customer,91.0,High Value,3181.0,Month-to-month,1,Fiber optic,Credit card (automatic),No
8650-RHRKE,Male,0,No,No,4,New Customer,29.65,Low Value,119.0,Month-to-month,1,DSL,Electronic check,Yes
4377-VDHYI,Male,0,Yes,Yes,32,Loyal Customer,90.8,High Value,3024.0,One year,0,Fiber optic,Electronic check,No
0475-RIJEP,Male,0,No,No,43,Loyal Customer,77.85,High Value,3366.0,Month-to-month,1,Fiber optic,Electronic check,Yes
1260-TTRXI,Male,0,No,No,4,New Customer,54.3,Medium Value,195.0,Month-to-month,1,DSL,Electronic check,Yes
3719-TDVQB,Female,1,Yes,No,54,Loyal Customer,18.95,Low Value,1031.0,Two year,0,No,Mailed check,No
6328-ZPBGN,Female,1,No,No,11,New Customer,95.15,High Value,998.0,Month-to-month,1,Fiber optic,Bank transfer (automatic),Yes
0201-MIBOL,Female,1,No,No,66,Loyal Customer,102.4,High Value,6472.0,Two year,0,Fiber optic,Bank transfer (automatic),No
4937-QPZPO,Male,0,Yes,Yes,61,Loyal Customer,99.9,High Value,6241.0,One year,0,Fiber optic,Electronic check,No
2925-VDZHY,Male,0,Yes,Yes,72,Loyal Customer,88.7,High Value,6501.0,Two year,0,DSL,Credit card (automatic),No
6981-TDRFT,Male,0,Yes,Yes,44,Loyal Customer,54.3,Medium Value,2317.0,One year,0,DSL,Electronic check,No
3413-CSSTH,Male,0,No,No,41,Loyal Customer,55.7,Medium Value,2238.0,Month-to-month,1,DSL,Bank transfer (automatic),No
8033-VCZGH,Male,0,Yes,No,50,Loyal Customer,103.95,High Value,5231.0,One year,0,Fiber optic,Electronic check,No
4789-KWMXN,Male,0,Yes,No,47,Loyal Customer,110.85,High Value,5276.0,One year,0,Fiber optic,Credit card (automatic),Yes
0224-NIJLP,Male,0,Yes,Yes,8,New Customer,20.15,Low Value,166.0,Two year,0,No,Mailed check,No
7542-CYDDM,Male,0,No,No,18,Growing Customer,20.05,Low Value,359.0,Month-to-month,1,No,Mailed check,No
4718-WXBGI,Male,0,Yes,Yes,72,Loyal Customer,91.95,High Value,6615.0,Two year,0,DSL,Credit card (automatic),No
2867-UIMSS,Male,0,No,No,1,New Customer,80.5,High Value,81.0,Month-to-month,1,Fiber optic,Electronic check,Yes
8495-PRWFH,Female,1,No,No,42,Loyal Customer,55.65,Medium Value,2422.0,Month-to-month,1,DSL,Electronic check,No
0439-IFYUN,Female,1,No,No,18,Growing Customer,74.7,High Value,1295.0,Month-to-month,1,Fiber optic,Electronic check,No
5716-LIBJC,Female,0,No,Yes,13,Growing Customer,104.15,High Value,1299.0,One year,0,Fiber optic,Credit card (automatic),No
2868-LLSKM,Female,0,Yes,Yes,68,Loyal Customer,83.65,High Value,5733.0,One year,0,Fiber optic,Bank transfer (automatic),No
8111-RKSPX,Male,0,No,No,4,New Customer,72.2,High Value,306.0,Month-to-month,1,Fiber optic,Bank transfer (automatic),Yes
2988-QRAJY,Male,0,No,No,69,Loyal Customer,110.05,High Value,7431.0,Two year,0,Fiber optic,Credit card (automatic),No
1585-MQSSU,Male,0,No,No,17,Growing Customer,51.5,Medium Value,901.0,Month-to-month,1,DSL,Mailed check,Yes
0071-NDAFP,Male,0,Yes,Yes,25,Loyal Customer,25.5,Low Value,631.0,Two year,0,No,Credit card (automatic),No
2856-NNASM,Male,1,No,No,43,Loyal Customer,89.55,High Value,3857.0,Month-to-month,1,Fiber optic,Mailed check,Yes
7328-ZJAJO,Female,0,Yes,Yes,59,Loyal Customer,19.5,Low Value,1223.0,Two year,0,No,Credit card (automatic),No
6458-CYIDZ,Female,1,No,No,5,New Customer,80.7,High Value,375.0,Month-to-month,1,Fiber optic,Electronic check,No
8559-CIZFV,Male,0,Yes,Yes,21,Growing Customer,77.5,High Value,1625.0,One year,0,DSL,Mailed check,Yes
1090-PYKCI,Female,0,Yes,Yes,69,Loyal Customer,105.1,High Value,7235.0,One year,0,Fiber optic,Credit card (automatic),No
3058-WQDRE,Male,0,No,No,13,Growing Customer,25.15,Low Value,332.0,Month-to-month,1,DSL,Bank transfer (automatic),No
7547-EKNFS,Male,0,Yes,No,42,Loyal Customer,95.25,High Value,3959.0,Month-to-month,1,Fiber optic,Bank transfer (automatic),Yes
2279-AXJJK,Male,0,Yes,No,52,Loyal Customer,95.65,High Value,5088.0,Month-to-month,1,Fiber optic,Credit card (automatic),No
6769-DYBQN,Male,1,No,No,46,Loyal Customer,85.0,High Value,3969.0,Month-to-month,1,Fiber optic,Electronic check,Yes
0909-SELIE,Male,0,Yes,No,61,Loyal Customer,80.8,High Value,4861.0,Two year,0,DSL,Bank transfer (automatic),No
3417-TSCIC,Male,0,No,No,29,Loyal Customer,24.85,Low Value,788.0,One year,0,DSL,Mailed check,No
1042-HFUCW,Female,0,No,Yes,25,Loyal Customer,54.75,Medium Value,1266.0,One year,0,DSL,Credit card (automatic),No
4439-JMPMT,Female,0,Yes,Yes,5,New Customer,85.75,High Value,471.0,Month-to-month,1,Fiber optic,Electronic check,Yes
6537-OTKMY,Male,0,No,No,15,Growing Customer,50.75,Medium Value,688.0,One year,0,DSL,Electronic check,No
8999-EXMNO,Female,0,Yes,Yes,19,Growing Customer,20.15,Low Value,388.0,Two year,0,No,Mailed check,No
6725-TPKJO,Male,0,No,No,44,Loyal Customer,20.05,Low Value,845.0,Two year,0,No,Mailed check,No
2446-BEGGB,Female,1,No,No,6,New Customer,98.25,High Value,561.0,Month-to-month,1,Fiber optic,Electronic check,Yes
7162-WPHPM,Male,0,Yes,Yes,58,Loyal Customer,71.6,High Value,4230.0,Two year,0,DSL,Credit card (automatic),No
1599-MMYRQ,Male,0,Yes,Yes,62,Loyal Customer,81.45,High Value,4983.0,One year,0,Fiber optic,Credit card (automatic),No
8821-KVZKQ,Female,0,Yes,Yes,70,Loyal Customer,58.4,Medium Value,4113.0,One year,0,DSL,Bank transfer (automatic),No
1496-GGSUK,Female,1,No,No,1,New Customer,25.7,Low Value,26.0,Month-to-month,1,DSL,Mailed check,Yes
6434-TTGJP,Male,0,Yes,Yes,10,New Customer,53.7,Medium Value,521.0,Two year,0,DSL,Credit card (automatic),No
0042-JVWOJ,Male,0,No,No,26,Loyal Customer,19.6,Low Value,472.0,One year,0,No,Bank transfer (automatic),No
0130-SXOUN,Male,0,No,No,66,Loyal Customer,89.4,High Value,5977.0,Month-to-month,1,Fiber optic,Credit card (automatic),No
2575-GFSOE,Female,0,Yes,Yes,7,New Customer,69.0,Medium Value,507.0,Month-to-month,1,Fiber optic,Electronic check,Yes
2330-PQGDQ,Male,0,Yes,Yes,51,Loyal Customer,84.2,High Value,4300.0,One year,0,Fiber optic,Bank transfer (automatic),No
1452-UZOSF,Male,0,Yes,Yes,72,Loyal Customer,106.1,High Value,7549.0,Two year,0,Fiber optic,Credit card (automatic),No
2097-YVPKN,Male,0,No,No,65,Loyal Customer,25.75,Low Value,1655.0,Two year,0,No,Mailed check,No
2842-JTCCU,Male,0,No,No,2,New Customer,46.05,Medium Value,80.0,Month-to-month,1,DSL,Bank transfer (automatic),Yes
8597-CTXVJ,Male,0,No,Yes,70,Loyal Customer,64.95,Medium Value,4552.0,One year,0,DSL,Bank transfer (automatic),No
6631-HMANX,Male,0,Yes,No,72,Loyal Customer,85.45,High Value,6228.0,Two year,0,DSL,Credit card (automatic),No
9962-BFPDU,Female,0,Yes,Yes,1,New Customer,20.05,Low Value,20.0,Month-to-month,1,No,Mailed check,No
3296-SILRA,Female,1,Yes,No,1,New Customer,76.4,High Value,76.0,Month-to-month,1,Fiber optic,Mailed check,Yes
9681-OXGVC,Female,0,No,No,5,New Customer,100.5,High Value,514.0,Month-to-month,1,Fiber optic,Electronic check,Yes
6394-HHHZM,Male,0,No,No,3,New Customer,20.7,Low Value,58.0,Month-to-month,1,No,Mailed check,No
5995-LFTLE,Male,0,No,No,58,Loyal Customer,25.3,Low Value,1474.0,Two year,0,No,Credit card (automatic),No
5180-UCIIQ,Male,1,Yes,Yes,22,Growing Customer,40.05,Medium Value,880.0,Month-to-month,1,DSL,Mailed check,Yes
1932-UEDCX,Male,1,Yes,No,33,Loyal Customer,100.6,High Value,3270.0,Month-to-month,1,Fiber optic,Bank transfer (automatic),No
7153-OANIO,Male,0,No,No,1,New Customer,69.95,Medium Value,70.0,Month-to-month,1,Fiber optic,Electronic check,Yes
5188-HGMLP,Male,1,Yes,No,54,Loyal Customer,74.0,High Value,3919.0,Month-to-month,1,Fiber optic,Bank transfer (automatic),No
0665-XHDJU,Male,0,Yes,No,72,Loyal Customer,99.4,High Value,7286.0,Two year,0,Fiber optic,Electronic check,No
6521-YYTYI,Male,0,No,Yes,1,New Customer,93.3,High Value,93.0,Month-to-month,1,Fiber optic,Electronic check,Yes
8878-HMWBV,Male,0,No,No,3,New Customer,49.15,Medium Value,169.0,Month-to-month,1,DSL,Electronic check,Yes
8265-HKSOW,Female,0,Yes,Yes,72,Loyal Customer,107.45,High Value,7658.0,Two year,0,Fiber optic,Credit card (automatic),No
3544-FBCAS,Female,0,Yes,Yes,72,Loyal Customer,83.6,High Value,5959.0,Two year,0,DSL,Credit card (automatic),No
5331-RGMTT,Male,1,Yes,No,54,Loyal Customer,99.05,High Value,5296.0,Month-to-month,1,Fiber optic,Credit card (automatic),No
4759-PXTAN,Female,0,Yes,No,59,Loyal Customer,80.1,High Value,4693.0,One year,0,DSL,Electronic check,No
7054-DMVAS,Male,0,No,No,54,Loyal Customer,65.3,Medium Value,3513.0,Two year,0,DSL,Bank transfer (automatic),No
3428-MMGUB,Male,0,No,No,60,Loyal Customer,89.55,High Value,5231.0,Two year,0,Fiber optic,Electronic check,No
6549-BTYPG,Female,0,Yes,No,60,Loyal Customer,60.8,Medium Value,3603.0,Two year,0,DSL,Credit card (automatic),No
7823-JSOAG,Male,0,No,No,3,New Customer,74.5,High Value,217.0,Month-to-month,1,Fiber optic,Electronic check,No
3705-RHRFR,Female,0,Yes,No,69,Loyal Customer,99.15,High Value,6875.0,Two year,0,Fiber optic,Bank transfer (automatic),No
9374-YOLBJ,Female,0,Yes,Yes,1,New Customer,19.25,Low Value,19.0,Month-to-month,1,No,Electronic check,No
9074-KGVOX,Male,0,Yes,Yes,50,Loyal Customer,39.45,Medium Value,2021.0,Month-to-month,1,DSL,Credit card (automatic),No
6128-DAFVY,Female,0,No,No,56,Loyal Customer,44.85,Medium Value,2565.0,Month-to-month,1,DSL,Credit card (automatic),No
9933-QRGTX,Female,0,Yes,No,60,Loyal Customer,97.2,High Value,5612.0,Two year,0,Fiber optic,Electronic check,No
4476-OSWTN,Male,1,Yes,No,69,Loyal Customer,110.55,High Value,7610.0,One year,0,Fiber optic,Mailed check,No
3751-KTZEL,Female,0,No,No,1,New Customer,35.05,Medium Value,35.0,Month-to-month,1,DSL,Mailed check,Yes
1977-STDKI,Female,1,No,No,1,New Customer,73.0,High Value,73.0,Month-to-month,1,Fiber optic,Electronic check,Yes
5066-GFJMM,Female,0,Yes,No,3,New Customer,19.9,Low Value,46.0,Month-to-month,1,No,Mailed check,No
2661-GKBTK,Male,0,Yes,Yes,60,Loyal Customer,76.95,High Value,4544.0,Two year,0,DSL,Bank transfer (automatic),No
0458-HEUZG,Female,0,No,No,13,Growing Customer,35.4,Medium Value,450.0,Two year,0,DSL,Mailed check,No
7268-WNTCP,Male,0,Yes,Yes,62,Loyal Customer,20.45,Low Value,1297.0,Two year,0,No,Bank transfer (automatic),No
0824-VWDPO,Female,0,No,No,45,Loyal Customer,96.75,High Value,4443.0,One year,0,Fiber optic,Bank transfer (automatic),No
8409-WQJUX,Female,0,No,No,25,Loyal Customer,54.2,Medium Value,1423.0,One year,0,DSL,Electronic check,No
2578-JQPHZ,Male,0,No,No,44,Loyal Customer,100.1,High Value,4378.0,Two year,0,Fiber optic,Bank transfer (automatic),No
3278-FSIXX,Female,0,No,No,2,New Customer,45.25,Medium Value,74.0,Month-to-month,1,DSL,Mailed check,No
5813-UECBU,Male,1,No,No,33,Loyal Customer,83.85,High Value,2716.0,Month-to-month,1,Fiber optic,Credit card (automatic),Yes
0328-GRPMV,Female,0,No,No,1,New Customer,70.1,High Value,70.0,Month-to-month,1,Fiber optic,Electronic check,Yes
9746-UGFAC,Female,0,No,No,22,Growing Customer,20.85,Low Value,451.0,One year,0,No,Bank transfer (automatic),No
2946-KIQSP,Female,0,No,No,35,Loyal Customer,33.45,Low Value,1176.0,Month-to-month,1,DSL,Mailed check,No
0625-AFOHS,Female,0,Yes,Yes,29,Loyal Customer,20.2,Low Value,559.0,Two year,0,No,Mailed check,No
6726-WEXXK,Male,1,Yes,No,27,Loyal Customer,85.9,High Value,2220.0,One year,0,Fiber optic,Electronic check,No
4636-OLWOE,Male,0,No,Yes,54,Loyal Customer,61.0,Medium Value,3283.0,One year,0,DSL,Electronic check,No
4342-HENTK,Female,1,No,No,2,New Customer,70.65,High Value,142.0,Month-to-month,1,Fiber optic,Electronic check,Yes
4685-ERGHK,Male,0,No,No,57,Loyal Customer,86.9,High Value,4939.0,One year,0,Fiber optic,Electronic check,No
0885-HMGPY,Male,0,No,No,62,Loyal Customer,69.4,Medium Value,4238.0,Two year,0,DSL,Bank transfer (automatic),No
5003-OKNNK,Female,0,Yes,Yes,15,Growing Customer,20.35,Low Value,336.0,One year,0,No,Credit card (automatic),No
4195-SMMNX,Male,0,No,No,2,New Customer,20.35,Low Value,33.0,Month-to-month,1,No,Mailed check,Yes
7208-PSIHR,Female,0,Yes,No,70,Loyal Customer,104.3,High Value,7189.0,Two year,0,Fiber optic,Bank transfer (automatic),No
4012-ZTHBR,Female,0,Yes,Yes,21,Growing Customer,44.95,Medium Value,926.0,Month-to-month,1,DSL,Electronic check,No
0489-WMEMG,Female,0,No,Yes,23,Growing Customer,49.45,Medium Value,1119.0,One year,0,DSL,Electronic check,No
7435-ZNUYY,Male,0,No,No,6,New Customer,20.6,Low Value,117.0,One year,0,No,Mailed check,No
1354-YZFNB,Male,0,Yes,Yes,4,New Customer,19.55,Low Value,69.0,Two year,0,No,Credit card (automatic),No
6956-SMUCM,Female,0,No,No,3,New Customer,99.0,High Value,287.0,Month-to-month,1,Fiber optic,Credit card (automatic),Yes
2985-FMWYF,Female,0,No,No,23,Growing Customer,93.5,High Value,2342.0,Month-to-month,1,Fiber optic,Electronic check,No
2812-ENYMO,Male,0,No,No,26,Loyal Customer,54.55,Medium Value,1363.0,One year,0,DSL,Credit card (automatic),No
2717-HVIZY,Female,0,No,Yes,8,New Customer,20.05,Low Value,164.0,Month-to-month,1,No,Mailed check,No
3223-WZWJM,Male,0,No,No,26,Loyal Customer,83.95,High Value,2254.0,Month-to-month,1,Fiber optic,Electronic check,Yes
3422-GALYP,Male,0,No,No,2,New Customer,79.45,High Value,145.0,Month-to-month,1,Fiber optic,Electronic check,No
9053-JZFKV,Male,0,No,No,67,Loyal Customer,116.2,High Value,7752.0,Two year,0,Fiber optic,Credit card (automatic),Yes
2530-ENDWQ,Female,0,Yes,No,71,Loyal Customer,93.7,High Value,6585.0,Two year,0,Fiber optic,Bank transfer (automatic),Yes
2890-WFBHU,Female,0,No,No,59,Loyal Customer,79.85,High Value,4786.0,One year,0,DSL,Credit card (automatic),No
0327-WFZSY,Male,0,Yes,Yes,39,Loyal Customer,100.0,High Value,3836.0,One year,0,Fiber optic,Electronic check,No
7977-HXJKU,Male,0,No,Yes,21,Growing Customer,19.6,Low Value,397.0,Two year,0,No,Mailed check,No
6615-ZGEDR,Male,0,No,No,1,New Customer,19.7,Low Value,20.0,Month-to-month,1,No,Mailed check,Yes
7033-CLAMM,Female,0,Yes,Yes,48,Loyal Customer,20.2,Low Value,1027.0,Two year,0,No,Bank transfer (automatic),No
4023-RTIQM,Female,1,Yes,No,31,Loyal Customer,50.4,Medium Value,1580.0,One year,0,DSL,Credit card (automatic),No
0864-FVJNJ,Female,0,Yes,Yes,64,Loyal Customer,113.35,High Value,7223.0,One year,0,Fiber optic,Electronic check,No
7356-IWLFW,Male,0,Yes,Yes,46,Loyal Customer,80.0,High Value,3770.0,Month-to-month,1,Fiber optic,Bank transfer (automatic),No
9541-PWTWO,Female,0,No,No,52,Loyal Customer,80.95,High Value,4234.0,Two year,0,DSL,Bank transfer (automatic),No
3967-VQOGC,Female,0,Yes,Yes,67,Loyal Customer,24.9,Low Value,1680.0,Two year,0,No,Mailed check,No
7872-RDDLZ,Female,1,No,No,67,Loyal Customer,54.9,Medium Value,3726.0,Month-to-month,1,DSL,Electronic check,No
9250-WYPLL,Female,0,No,No,5,New Customer,75.55,High Value,414.0,Month-to-month,1,Fiber optic,Electronic check,Yes
6308-CQRBU,Female,0,Yes,No,71,Loyal Customer,109.25,High Value,7708.0,Two year,0,Fiber optic,Electronic check,No
2754-XBHTB,Female,0,No,No,9,New Customer,77.65,High Value,714.0,Month-to-month,1,Fiber optic,Bank transfer (automatic),Yes
1597-LHYNC,Female,1,No,No,26,Loyal Customer,95.0,High Value,2497.0,Month-to-month,1,Fiber optic,Electronic check,Yes
0186-CAERR,Male,0,No,No,71,Loyal Customer,116.3,High Value,8310.0,One year,0,Fiber optic,Bank transfer (automatic),No
3043-SUDUA,Female,0,No,No,32,Loyal Customer,19.9,Low Value,602.0,Month-to-month,1,No,Bank transfer (automatic),No
5442-BHQNG,Female,0,No,No,2,New Customer,70.35,High Value,139.0,Month-to-month,1,Fiber optic,Electronic check,No
2169-RRLFW,Female,0,Yes,No,71,Loyal Customer,25.6,Low Value,1888.0,Two year,0,No,Credit card (automatic),No
5872-OEQNH,Female,0,No,No,60,Loyal Customer,44.45,Medium Value,2774.0,One year,0,DSL,Electronic check,No
3162-KKZXO,Female,1,No,No,55,Loyal Customer,100.15,High Value,5410.0,One year,0,Fiber optic,Electronic check,No
7055-VKGDA,Male,0,No,No,54,Loyal Customer,105.4,High Value,5643.0,One year,0,Fiber optic,Credit card (automatic),Yes
0754-UKWQP,Male,0,No,No,2,New Customer,95.85,High Value,198.0,Month-to-month,1,Fiber optic,Electronic check,Yes
8873-GLDMH,Female,0,No,No,6,New Customer,73.85,High Value,401.0,Month-to-month,1,Fiber optic,Mailed check,No
5696-JVVQY,Female,0,Yes,Yes,48,Loyal Customer,70.1,High Value,3238.0,Two year,0,DSL,Credit card (automatic),No
8946-BFWSG,Male,0,Yes,Yes,63,Loyal Customer,25.25,Low Value,1573.0,Two year,0,No,Mailed check,No
7493-TPUWZ,Male,0,No,No,1,New Customer,79.15,High Value,79.0,Month-to-month,1,Fiber optic,Electronic check,Yes
0547-HURJB,Male,0,No,Yes,12,Growing Customer,21.05,Low Value,236.0,Month-to-month,1,No,Credit card (automatic),No
8904-OPDCK,Male,1,Yes,No,54,Loyal Customer,24.95,Low Value,1365.0,Month-to-month,1,DSL,Bank transfer (automatic),No
8845-LWKGE,Female,0,Yes,Yes,30,Loyal Customer,64.5,Medium Value,1985.0,One year,0,DSL,Electronic check,No
1577-HKTFG,Female,0,Yes,No,30,Loyal Customer,19.65,Low Value,656.0,Month-to-month,1,No,Bank transfer (automatic),Yes
8752-STIVR,Female,0,No,No,4,New Customer,79.0,High Value,303.0,Month-to-month,1,Fiber optic,Electronic check,Yes
0691-NIKRI,Female,0,No,No,40,Loyal Customer,105.95,High Value,4335.0,One year,0,Fiber optic,Credit card (automatic),No
5022-JNQEQ,Female,0,Yes,Yes,9,New Customer,75.85,High Value,648.0,Month-to-month,1,Fiber optic,Electronic check,No
4558-FANTW,Female,0,Yes,Yes,17,Growing Customer,91.85,High Value,1574.0,Month-to-month,1,Fiber optic,Electronic check,Yes
3249-VHRIP,Female,0,No,No,62,Loyal Customer,43.6,Medium Value,2749.0,Two year,0,DSL,Credit card (automatic),No
3736-BLEPA,Male,0,No,No,28,Loyal Customer,91.25,High Value,2484.0,One year,0,Fiber optic,Bank transfer (automatic),No
4701-LKOZD,Female,0,No,No,70,Loyal Customer,89.75,High Value,6367.0,Two year,0,DSL,Credit card (automatic),No
6603-QWSPR,Female,0,No,No,46,Loyal Customer,104.4,High Value,4904.0,Two year,0,Fiber optic,Bank transfer (automatic),No
9921-QFQUL,Female,0,Yes,No,23,Growing Customer,90.15,High Value,2045.0,Month-to-month,1,Fiber optic,Mailed check,No
1929-ZCBHE,Male,0,Yes,Yes,47,Loyal Customer,40.3,Medium Value,1795.0,One year,0,DSL,Electronic check,No
4378-MYPGO,Male,0,Yes,Yes,68,Loyal Customer,105.25,High Value,7173.0,Two year,0,Fiber optic,Bank transfer (automatic),No
8651-ENBZX,Female,1,No,No,60,Loyal Customer,106.0,High Value,6441.0,One year,0,Fiber optic,Electronic check,Yes
4129-LYCOI,Female,0,No,Yes,67,Loyal Customer,104.0,High Value,7039.0,Two year,0,Fiber optic,Electronic check,No
7798-JVXYM,Female,0,No,No,14,Growing Customer,69.65,Medium Value,921.0,Month-to-month,1,DSL,Electronic check,No
8647-SDTWQ,Male,0,Yes,Yes,57,Loyal Customer,74.3,High Value,4018.0,Month-to-month,1,Fiber optic,Electronic check,No
2696-ECXKC,Female,0,Yes,Yes,55,Loyal Customer,100.9,High Value,5449.0,One year,0,Fiber optic,Mailed check,No
2081-KJSQF,Male,0,No,No,1,New Customer,20.25,Low Value,20.0,Month-to-month,1,No,Mailed check,No
7623-TRNQN,Male,0,No,Yes,1,New Customer,49.9,Medium Value,50.0,Month-to-month,1,DSL,Mailed check,Yes
3323-CPBWR,Male,0,No,No,23,Growing Customer,96.9,High Value,2085.0,Month-to-month,1,Fiber optic,Credit card (automatic),No
9330-IJWIO,Female,0,No,No,13,Growing Customer,100.35,High Value,1359.0,Month-to-month,1,Fiber optic,Electronic check,Yes
3384-CTMSF,Male,0,Yes,No,47,Loyal Customer,104.1,High Value,5135.0,Month-to-month,1,Fiber optic,Electronic check,No
0902-RFHOF,Male,0,No,No,38,Loyal Customer,20.1,Low Value,730.0,One year,0,No,Mailed check,No
9286-DOJGF,Female,1,Yes,No,38,Loyal Customer,74.95,High Value,2870.0,Month-to-month,1,Fiber optic,Bank transfer (automatic),Yes
6048-QBXKL,Female,1,No,No,2,New Customer,56.55,Medium Value,118.0,Month-to-month,1,DSL,Credit card (automatic),No
9661-MHUMO,Male,1,Yes,Yes,1,New Customer,49.25,Medium Value,49.0,Month-to-month,1,DSL,Credit card (automatic),Yes
7718-RXDGG,Male,0,Yes,No,15,Growing Customer,68.6,Medium Value,1109.0,Month-to-month,1,Fiber optic,Bank transfer (automatic),No
1025-FALIX,Female,0,No,No,26,Loyal Customer,69.05,Medium Value,1816.0,Month-to-month,1,Fiber optic,Credit card (automatic),No
3451-VAWLI,Female,0,Yes,Yes,35,Loyal Customer,19.7,Low Value,730.0,Two year,0,No,Credit card (automatic),No
3407-QGWLG,Male,0,No,Yes,3,New Customer,20.05,Low Value,75.0,Month-to-month,1,No,Mailed check,No
1842-EZJMK,Male,0,Yes,Yes,50,Loyal Customer,103.7,High Value,5071.0,Month-to-month,1,Fiber optic,Electronic check,Yes
2347-WKKAE,Male,0,Yes,No,42,Loyal Customer,94.4,High Value,4015.0,Month-to-month,1,Fiber optic,Electronic check,No
8735-DCXNF,Male,0,Yes,No,10,New Customer,54.95,Medium Value,569.0,Month-to-month,1,DSL,Credit card (automatic),No
3214-IYUUQ,Female,0,Yes,No,61,Loyal Customer,93.7,High Value,5861.0,One year,0,Fiber optic,Bank transfer (automatic),No
1936-UAFEH,Female,0,No,No,68,Loyal Customer,110.25,High Value,7279.0,Two year,0,Fiber optic,Credit card (automatic),No
3587-PMCOY,Male,0,No,No,10,New Customer,98.9,High Value,1065.0,One year,0,Fiber optic,Electronic check,No
8079-XRJRS,Male,0,Yes,No,65,Loyal Customer,89.75,High Value,5770.0,One year,0,Fiber optic,Electronic check,Yes
1027-LKKQQ,Female,0,Yes,Yes,72,Loyal Customer,80.45,High Value,5887.0,Two year,0,DSL,Bank transfer (automatic),No
7148-XZPHA,Male,0,Yes,Yes,55,Loyal Customer,79.4,High Value,4238.0,Month-to-month,1,Fiber optic,Electronic check,No
8073-IJDCM,Female,0,No,No,1,New Customer,20.3,Low Value,20.0,Month-to-month,1,No,Mailed check,Yes
5309-TAIKL,Female,0,No,No,7,New Customer,62.8,Medium Value,418.0,Month-to-month,1,DSL,Bank transfer (automatic),No
6856-RAURS,Female,0,No,No,2,New Customer,74.9,High Value,136.0,Month-to-month,1,Fiber optic,Mailed check,No
8778-LMWTJ,Female,0,No,No,9,New Customer,74.85,High Value,708.0,Month-to-month,1,Fiber optic,Electronic check,No
9717-IOAAF,Male,0,No,Yes,27,Loyal Customer,25.85,Low Value,789.0,Two year,0,No,Credit card (automatic),No
8884-ADFVN,Male,1,Yes,No,7,New Customer,101.95,High Value,701.0,Month-to-month,1,Fiber optic,Electronic check,Yes
2845-KDHVX,Female,0,Yes,No,64,Loyal Customer,68.3,Medium Value,4379.0,Two year,0,DSL,Mailed check,No
0848-SOMKO,Male,0,No,No,70,Loyal Customer,48.4,Medium Value,3443.0,Two year,0,DSL,Bank transfer (automatic),No
2720-WGKHP,Male,1,No,No,2,New Customer,94.0,High Value,182.0,Month-to-month,1,Fiber optic,Electronic check,Yes
6734-FQAJX,Male,1,No,No,67,Loyal Customer,105.05,High Value,7172.0,Two year,0,Fiber optic,Electronic check,No
2869-ADAWR,Female,0,No,No,45,Loyal Customer,89.3,High Value,4017.0,Month-to-month,1,Fiber optic,Credit card (automatic),Yes
1535-VTJOQ,Female,0,No,No,24,Loyal Customer,25.15,Low Value,553.0,Two year,0,No,Credit card (automatic),No
6368-TZZDT,Male,0,Yes,Yes,4,New Customer,19.5,Low Value,97.0,Two year,0,No,Credit card (automatic),No
0943-ZQPXH,Male,0,Yes,Yes,44,Loyal Customer,92.95,High Value,4123.0,Month-to-month,1,Fiber optic,Bank transfer (automatic),No
1293-BSEUN,Female,0,Yes,Yes,72,Loyal Customer,20.7,Low Value,1482.0,Two year,0,No,Mailed check,No
9894-EZEWG,Female,0,No,No,1,New Customer,74.3,High Value,74.0,Month-to-month,1,Fiber optic,Credit card (automatic),Yes
1302-TPUBN,Male,0,No,No,66,Loyal Customer,19.35,Low Value,1241.0,Two year,0,No,Bank transfer (automatic),No
7851-FLGGQ,Male,0,No,No,1,New Customer,44.65,Medium Value,45.0,Month-to-month,1,DSL,Mailed check,Yes
0637-UBJRP,Male,0,Yes,Yes,13,Growing Customer,84.05,High Value,1095.0,Month-to-month,1,Fiber optic,Electronic check,Yes
0940-OUQEC,Male,0,No,No,10,New Customer,80.7,High Value,789.0,Month-to-month,1,Fiber optic,Bank transfer (automatic),Yes
2378-VTKDH,Male,1,Yes,No,65,Loyal Customer,104.35,High Value,6579.0,Month-to-month,1,Fiber optic,Electronic check,No
0927-CNGRH,Male,0,No,Yes,1,New Customer,19.55,Low Value,20.0,Month-to-month,1,No,Mailed check,No
8608-OZTLB,Male,0,Yes,Yes,38,Loyal Customer,74.05,High Value,2802.0,One year,0,DSL,Electronic check,No
2335-GSODA,Male,0,No,Yes,23,Growing Customer,40.1,Medium Value,858.0,Two year,0,DSL,Mailed check,No
1952-DVVSW,Female,0,Yes,No,10,New Customer,20.1,Low Value,184.0,One year,0,No,Mailed check,No
0702-PGIBZ,Male,0,No,Yes,4,New Customer,101.7,High Value,365.0,Month-to-month,1,Fiber optic,Electronic check,Yes
6656-GULJQ,Male,0,Yes,Yes,72,Loyal Customer,83.55,High Value,6093.0,Two year,0,DSL,Credit card (automatic),No
9853-JFZDU,Female,0,Yes,No,35,Loyal Customer,56.85,Medium Value,1861.0,Month-to-month,1,DSL,Electronic check,No
1963-VAUKV,Female,0,No,No,1,New Customer,20.4,Low Value,20.0,Month-to-month,1,No,Mailed check,Yes
3777-XROBG,Female,0,Yes,Yes,58,Loyal Customer,19.55,Low Value,1080.0,Two year,0,No,Credit card (automatic),No
6994-FGRHH,Male,0,Yes,Yes,70,Loyal Customer,106.15,High Value,7475.0,One year,0,Fiber optic,Electronic check,No
4000-VGMQP,Male,0,Yes,Yes,38,Loyal Customer,78.95,High Value,2863.0,One year,0,DSL,Credit card (automatic),No
3999-WRNGR,Female,0,Yes,Yes,60,Loyal Customer,49.75,Medium Value,3069.0,Month-to-month,1,DSL,Electronic check,No
3466-RITXD,Male,0,No,No,26,Loyal Customer,92.4,High Value,2350.0,Month-to-month,1,Fiber optic,Credit card (automatic),No
2680-XKKNJ,Female,0,No,No,8,New Customer,58.2,Medium Value,469.0,One year,0,DSL,Bank transfer (automatic),No
3058-HJCUY,Male,0,Yes,Yes,41,Loyal Customer,102.6,High Value,4213.0,One year,0,Fiber optic,Electronic check,Yes
2974-GGUXS,Female,1,Yes,No,36,Loyal Customer,91.95,High Value,3301.0,Month-to-month,1,Fiber optic,Credit card (automatic),No
7994-XIRTR,Male,1,No,No,54,Loyal Customer,65.25,Medium Value,3530.0,One year,0,DSL,Bank transfer (automatic),No
3259-FDWOY,Male,0,Yes,Yes,71,Loyal Customer,106.0,High Value,7724.0,Two year,0,Fiber optic,Bank transfer (automatic),Yes
2101-RANCD,Female,0,No,No,55,Loyal Customer,73.1,High Value,4145.0,Month-to-month,1,Fiber optic,Electronic check,No
7921-BEPCI,Female,0,No,No,72,Loyal Customer,59.75,Medium Value,4265.0,Two year,0,DSL,Bank transfer (automatic),No
0807-ZABDG,Female,0,No,Yes,3,New Customer,55.1,Medium Value,155.0,Month-to-month,1,DSL,Mailed check,Yes
8510-TMWYB,Female,0,Yes,Yes,54,Loyal Customer,59.8,Medium Value,3246.0,Two year,0,DSL,Bank transfer (automatic),No
3258-ZKPAI,Male,0,Yes,Yes,72,Loyal Customer,116.6,High Value,8337.0,Two year,0,Fiber optic,Bank transfer (automatic),No
1428-IEDPR,Male,0,No,No,52,Loyal Customer,109.3,High Value,5731.0,Two year,0,Fiber optic,Electronic check,No
5298-GSTLM,Female,1,No,No,60,Loyal Customer,101.4,High Value,6177.0,One year,0,Fiber optic,Bank transfer (automatic),No
4450-YOOHP,Female,0,No,No,39,Loyal Customer,50.65,Medium Value,1905.0,Month-to-month,1,DSL,Credit card (automatic),No
6728-CZFEI,Female,0,No,No,15,Growing Customer,56.15,Medium Value,932.0,One year,0,DSL,Mailed check,No
5748-RNCJT,Male,0,No,No,69,Loyal Customer,106.5,High Value,7349.0,Two year,0,Fiber optic,Bank transfer (automatic),Yes
3653-NCRDJ,Male,0,Yes,Yes,43,Loyal Customer,19.2,Low Value,776.0,One year,0,No,Mailed check,No
6121-TNHBO,Female,1,No,No,63,Loyal Customer,83.0,High Value,5243.0,One year,0,DSL,Bank transfer (automatic),No
5119-NZPTV,Male,1,Yes,No,2,New Customer,70.1,High Value,142.0,Month-to-month,1,Fiber optic,Electronic check,No
6519-ZHPXP,Female,0,Yes,Yes,72,Loyal Customer,108.3,High Value,7680.0,Two year,0,Fiber optic,Bank transfer (automatic),No
7739-LAXOG,Female,0,Yes,Yes,32,Loyal Customer,91.05,High Value,2955.0,Month-to-month,1,Fiber optic,Bank transfer (automatic),Yes
3472-QPRCH,Male,0,Yes,Yes,40,Loyal Customer,25.25,Low Value,1007.0,Two year,0,No,Credit card (automatic),No
8224-UAXBZ,Female,0,Yes,No,58,Loyal Customer,45.35,Medium Value,2540.0,One year,0,DSL,Electronic check,No
9610-WCESF,Male,0,No,No,67,Loyal Customer,43.9,Medium Value,3097.0,Two year,0,DSL,Electronic check,No
9776-CLUJA,Female,1,Yes,No,51,Loyal Customer,77.5,High Value,3807.0,Month-to-month,1,Fiber optic,Electronic check,Yes
2486-WYVVE,Male,0,Yes,No,31,Loyal Customer,79.3,High Value,2484.0,One year,0,DSL,Mailed check,No
3865-ZYKAD,Male,1,Yes,No,69,Loyal Customer,84.9,High Value,5786.0,Month-to-month,1,Fiber optic,Credit card (automatic),No
1422-DGUBX,Male,0,Yes,No,32,Loyal Customer,79.25,High Value,2619.0,One year,0,Fiber optic,Electronic check,No
2999-AANRQ,Female,0,No,No,21,Growing Customer,71.05,High Value,1525.0,Two year,0,DSL,Credit card (automatic),No
8668-KNZTI,Male,0,No,No,52,Loyal Customer,53.75,Medium Value,2791.0,One year,0,DSL,Electronic check,No
0480-KYJVA,Female,0,Yes,Yes,72,Loyal Customer,24.25,Low Value,1785.0,Two year,0,No,Credit card (automatic),No
6034-ZRYCV,Female,0,Yes,No,72,Loyal Customer,54.2,Medium Value,3937.0,Two year,0,DSL,Electronic check,Yes
9746-YKGXB,Male,0,Yes,Yes,52,Loyal Customer,44.25,Medium Value,2276.0,One year,0,DSL,Bank transfer (automatic),No
3926-YZVVX,Female,0,No,No,41,Loyal Customer,50.05,Medium Value,2029.0,One year,0,DSL,Bank transfer (automatic),No
6000-UKLWI,Male,0,No,No,41,Loyal Customer,20.15,Low Value,802.0,Two year,0,No,Mailed check,No
2079-FBMZK,Female,0,No,No,6,New Customer,69.25,Medium Value,418.0,Month-to-month,1,Fiber optic,Mailed check,Yes
6332-FBZRI,Male,0,Yes,Yes,67,Loyal Customer,69.35,Medium Value,4653.0,One year,0,DSL,Credit card (automatic),No
2096-XOTMO,Female,0,Yes,Yes,16,Growing Customer,19.35,Low Value,276.0,Month-to-month,1,No,Mailed check,No
3266-FTKHB,Male,0,No,No,17,Growing Customer,19.15,Low Value,343.0,Two year,0,No,Mailed check,No
8221-EQDGL,Male,0,Yes,No,35,Loyal Customer,61.0,Medium Value,2130.0,Month-to-month,1,DSL,Mailed check,No
2346-LOCWC,Female,0,Yes,Yes,58,Loyal Customer,20.5,Low Value,1191.0,Two year,0,No,Credit card (automatic),No
6608-QQLVK,Male,0,No,No,1,New Customer,50.5,Medium Value,51.0,Month-to-month,1,DSL,Electronic check,Yes
0298-XACET,Male,0,Yes,Yes,52,Loyal Customer,50.2,Medium Value,2554.0,Two year,0,DSL,Mailed check,No
7560-QJAVJ,Female,0,No,No,70,Loyal Customer,79.6,High Value,5589.0,Two year,0,DSL,Bank transfer (automatic),No
2995-YWTCD,Female,0,Yes,Yes,19,Growing Customer,24.9,Low Value,468.0,Two year,0,No,Bank transfer (automatic),No
3551-HUAZH,Male,1,No,No,1,New Customer,74.4,High Value,74.0,Month-to-month,1,Fiber optic,Electronic check,Yes
9137-UIYPG,Female,0,Yes,Yes,35,Loyal Customer,106.9,High Value,3756.0,Month-to-month,1,Fiber optic,Electronic check,No
2809-ZMYOQ,Female,0,No,No,32,Loyal Customer,101.35,High Value,3335.0,Month-to-month,1,Fiber optic,Electronic check,No
5084-OOVCJ,Female,0,Yes,Yes,17,Growing Customer,55.35,Medium Value,921.0,Month-to-month,1,DSL,Credit card (automatic),No
0254-WWRKD,Female,0,Yes,Yes,67,Loyal Customer,50.55,Medium Value,3432.0,One year,0,DSL,Credit card (automatic),No
7727-SHVZV,Female,0,No,No,9,New Customer,19.5,Low Value,150.0,Month-to-month,1,No,Bank transfer (automatic),No
6302-JGYRJ,Male,0,No,Yes,31,Loyal Customer,79.45,High Value,2588.0,One year,0,DSL,Mailed check,Yes
5339-PXDVH,Male,0,No,No,4,New Customer,90.65,High Value,368.0,Month-to-month,1,Fiber optic,Electronic check,No
2205-LPVGL,Male,1,Yes,Yes,58,Loyal Customer,89.85,High Value,5126.0,One year,0,Fiber optic,Bank transfer (automatic),No
8782-NUUOL,Male,0,No,No,60,Loyal Customer,79.0,High Value,4801.0,One year,0,DSL,Mailed check,No
3685-YLCMQ,Male,0,No,No,58,Loyal Customer,104.65,High Value,6220.0,One year,0,Fiber optic,Electronic check,Yes
7601-WFVZV,Male,0,No,No,1,New Customer,19.55,Low Value,20.0,Month-to-month,1,No,Mailed check,No
4609-KNNWG,Female,0,Yes,Yes,27,Loyal Customer,19.9,Low Value,550.0,Two year,0,No,Mailed check,No
4868-AADLV,Male,1,Yes,Yes,66,Loyal Customer,116.25,High Value,7862.0,One year,0,Fiber optic,Electronic check,No
9529-OFXHY,Male,0,No,No,15,Growing Customer,87.75,High Value,1242.0,Month-to-month,1,Fiber optic,Bank transfer (automatic),No
8634-MPHTR,Male,1,Yes,No,47,Loyal Customer,100.05,High Value,4871.0,Month-to-month,1,Fiber optic,Electronic check,Yes
2669-QVCRG,Female,0,No,No,41,Loyal Customer,81.3,High Value,3191.0,Month-to-month,1,Fiber optic,Credit card (automatic),No
2478-EEWWM,Male,0,Yes,No,59,Loyal Customer,44.3,Medium Value,2667.0,Month-to-month,1,DSL,Electronic check,No
9174-IHETN,Female,0,No,Yes,50,Loyal Customer,70.35,High Value,3534.0,Two year,0,Fiber optic,Credit card (automatic),No
2233-TXSIU,Male,0,Yes,Yes,17,Growing Customer,44.45,Medium Value,792.0,One year,0,DSL,Credit card (automatic),No
9644-UMGQA,Male,0,Yes,Yes,6,New Customer,49.15,Medium Value,296.0,Month-to-month,1,DSL,Electronic check,No
3256-EZDBI,Male,1,Yes,No,51,Loyal Customer,29.45,Low Value,1459.0,Month-to-month,1,DSL,Credit card (automatic),No
8761-NSOBC,Male,0,No,No,44,Loyal Customer,100.55,High Value,4398.0,Month-to-month,1,Fiber optic,Electronic check,Yes
0419-YAAPX,Male,0,Yes,No,49,Loyal Customer,85.3,High Value,4298.0,Month-to-month,1,Fiber optic,Credit card (automatic),No
8413-VONUO,Male,0,No,No,2,New Customer,95.65,High Value,167.0,Month-to-month,1,Fiber optic,Electronic check,Yes
0872-CASZJ,Male,0,Yes,No,59,Loyal Customer,69.1,Medium Value,4097.0,One year,0,DSL,Mailed check,No
4726-DLWQN,Male,1,No,No,50,Loyal Customer,70.35,High Value,3455.0,Month-to-month,1,DSL,Bank transfer (automatic),No
8164-OCKUJ,Female,0,Yes,Yes,59,Loyal Customer,20.6,Low Value,1286.0,Two year,0,No,Mailed check,No
3094-JOJAI,Male,0,No,No,18,Growing Customer,74.15,High Value,1387.0,Month-to-month,1,Fiber optic,Mailed check,No
9494-MRNYX,Male,0,No,No,10,New Customer,75.05,High Value,786.0,Month-to-month,1,Fiber optic,Electronic check,No
2599-CZABP,Male,0,Yes,No,14,Growing Customer,44.6,Medium Value,641.0,One year,0,DSL,Electronic check,No
7945-PRBVF,Male,0,No,No,35,Loyal Customer,21.45,Low Value,705.0,Two year,0,No,Bank transfer (automatic),No
4544-RXFMG,Male,0,Yes,Yes,8,New Customer,43.45,Medium Value,346.0,One year,0,DSL,Mailed check,No
0859-YGKFW,Male,0,Yes,Yes,18,Growing Customer,20.05,Low Value,346.0,One year,0,No,Bank transfer (automatic),No
1150-FTQGN,Female,0,Yes,Yes,60,Loyal Customer,94.15,High Value,5812.0,One year,0,Fiber optic,Bank transfer (automatic),No
9223-UCPVT,Female,0,No,No,1,New Customer,94.4,High Value,94.0,Month-to-month,1,Fiber optic,Electronic check,Yes
7196-LIWRH,Female,0,No,No,6,New Customer,19.55,Low Value,124.0,Two year,0,No,Mailed check,No
5448-VWNAM,Female,0,No,Yes,19,Growing Customer,75.9,High Value,1376.0,Month-to-month,1,DSL,Mailed check,No
1177-XZBJL,Male,0,Yes,Yes,53,Loyal Customer,64.15,Medium Value,3492.0,One year,0,DSL,Bank transfer (automatic),No
3518-FSTWG,Male,1,Yes,No,72,Loyal Customer,109.55,High Value,7921.0,Two year,0,Fiber optic,Bank transfer (automatic),No
9330-VOFSZ,Female,0,Yes,No,60,Loyal Customer,110.8,High Value,6641.0,Two year,0,Fiber optic,Credit card (automatic),No
4351-QLCSU,Female,0,No,No,1,New Customer,55.0,Medium Value,55.0,Month-to-month,1,DSL,Credit card (automatic),Yes
0939-EREMR,Female,0,No,Yes,13,Growing Customer,53.45,Medium Value,718.0,Month-to-month,1,DSL,Mailed check,No
9389-ACWBI,Female,0,Yes,Yes,5,New Customer,69.95,Medium Value,320.0,Month-to-month,1,Fiber optic,Credit card (automatic),No
5419-JPRRN,Male,0,No,No,1,New Customer,101.45,High Value,101.0,Month-to-month,1,Fiber optic,Electronic check,Yes
3644-QXEHN,Male,0,Yes,Yes,13,Growing Customer,97.0,High Value,1334.0,Month-to-month,1,Fiber optic,Electronic check,No
2911-IJORQ,Male,0,No,No,37,Loyal Customer,90.6,High Value,3359.0,One year,0,DSL,Bank transfer (automatic),No
5921-NGYRH,Male,0,Yes,No,64,Loyal Customer,73.55,High Value,4764.0,Month-to-month,1,Fiber optic,Mailed check,No
2100-BDNSN,Female,0,Yes,No,5,New Customer,67.95,Medium Value,350.0,Month-to-month,1,DSL,Bank transfer (automatic),Yes
5998-DZLYR,Female,0,Yes,No,61,Loyal Customer,94.35,High Value,5703.0,Two year,0,Fiber optic,Bank transfer (automatic),No
0488-GSLFR,Female,0,No,No,1,New Customer,69.5,Medium Value,70.0,Month-to-month,1,Fiber optic,Electronic check,Yes
9318-NKNFC,Male,0,No,No,1,New Customer,18.85,Low Value,19.0,Month-to-month,1,No,Mailed check,Yes
3985-HOYPM,Male,0,No,No,26,Loyal Customer,19.4,Low Value,526.0,One year,0,No,Mailed check,No
9728-FTTVZ,Female,0,No,No,1,New Customer,69.2,Medium Value,69.0,Month-to-month,1,Fiber optic,Electronic check,Yes
9548-LERKT,Male,0,Yes,No,24,Loyal Customer,19.75,Low Value,483.0,Two year,0,No,Mailed check,No
6576-FBXOJ,Male,0,Yes,No,17,Growing Customer,54.6,Medium Value,935.0,One year,0,DSL,Electronic check,No
4310-KEDTB,Female,0,No,Yes,26,Loyal Customer,29.8,Low Value,787.0,Month-to-month,1,DSL,Mailed check,No
7254-IQWOZ,Male,0,No,No,1,New Customer,69.65,Medium Value,70.0,Month-to-month,1,Fiber optic,Electronic check,Yes
2474-BRUCM,Male,1,Yes,No,40,Loyal Customer,101.85,High Value,4086.0,Month-to-month,1,Fiber optic,Electronic check,Yes
4062-HBMOS,Male,0,No,No,52,Loyal Customer,103.05,High Value,5365.0,Month-to-month,1,Fiber optic,Electronic check,No
0742-NXBGR,Female,0,No,No,1,New Customer,82.3,High Value,82.0,Month-to-month,1,Fiber optic,Electronic check,Yes
2676-ISHSF,Male,0,No,No,1,New Customer,20.3,Low Value,20.0,Month-to-month,1,No,Mailed check,No
9236-NDUCW,Female,0,No,No,21,Growing Customer,35.1,Medium Value,770.0,Two year,0,DSL,Mailed check,No
4753-PADAS,Female,0,Yes,No,67,Loyal Customer,105.7,High Value,6817.0,One year,0,Fiber optic,Bank transfer (automatic),No
6103-QCKFX,Female,0,Yes,Yes,44,Loyal Customer,56.25,Medium Value,2420.0,Month-to-month,1,DSL,Bank transfer (automatic),No
7781-EWARA,Male,0,Yes,Yes,70,Loyal Customer,60.35,Medium Value,4139.0,One year,0,DSL,Electronic check,No
6110-OHIHY,Male,0,No,No,3,New Customer,79.25,High Value,268.0,Month-to-month,1,Fiber optic,Electronic check,Yes
7018-FPXHH,Male,0,Yes,Yes,56,Loyal Customer,59.8,Medium Value,3457.0,Two year,0,DSL,Bank transfer (automatic),No
5889-LFOLL,Female,0,No,No,13,Growing Customer,84.6,High Value,1115.0,Month-to-month,1,Fiber optic,Electronic check,Yes
5708-EVONK,Female,0,Yes,Yes,58,Loyal Customer,93.4,High Value,5436.0,Month-to-month,1,Fiber optic,Bank transfer (automatic),Yes
8708-XPXHZ,Female,0,Yes,Yes,42,Loyal Customer,94.2,High Value,4186.0,Month-to-month,1,Fiber optic,Electronic check,Yes
0616-ATFGB,Male,1,Yes,No,1,New Customer,25.05,Low Value,25.0,Month-to-month,1,DSL,Electronic check,Yes
0572-ZJKLT,Female,0,Yes,Yes,46,Loyal Customer,99.65,High Value,4630.0,Two year,0,Fiber optic,Mailed check,No
5135-RDDQL,Female,0,Yes,Yes,63,Loyal Customer,50.65,Medium Value,3221.0,Two year,0,DSL,Bank transfer (automatic),No
1353-LJWEM,Male,0,No,No,11,New Customer,60.9,Medium Value,689.0,Month-to-month,1,DSL,Electronic check,No
1794-SWWKL,Male,0,Yes,Yes,15,Growing Customer,59.65,Medium Value,867.0,Month-to-month,1,DSL,Bank transfer (automatic),No
6166-YIPFO,Male,0,Yes,No,72,Loyal Customer,64.7,Medium Value,4746.0,Two year,0,DSL,Electronic check,No
7016-BPGEU,Female,0,No,No,29,Loyal Customer,25.1,Low Value,713.0,Month-to-month,1,DSL,Credit card (automatic),Yes
6876-ADESB,Male,0,No,Yes,1,New Customer,48.95,Medium Value,49.0,Month-to-month,1,DSL,Electronic check,Yes
9332-GYWLO,Female,0,Yes,Yes,6,New Customer,54.85,Medium Value,355.0,Month-to-month,1,DSL,Electronic check,No
1963-SVUCV,Male,0,No,No,1,New Customer,45.3,Medium Value,45.0,Month-to-month,1,DSL,Electronic check,Yes
4184-VODJZ,Male,0,Yes,Yes,63,Loyal Customer,91.35,High Value,5765.0,One year,0,Fiber optic,Electronic check,No
0220-EBGCE,Male,0,No,No,2,New Customer,85.85,High Value,167.0,Month-to-month,1,Fiber optic,Electronic check,Yes
1092-WPIVQ,Female,0,Yes,Yes,18,Growing Customer,25.1,Low Value,428.0,Two year,0,No,Mailed check,No
7233-IOQNP,Female,0,Yes,No,43,Loyal Customer,34.0,Low Value,1505.0,Month-to-month,1,DSL,Bank transfer (automatic),No
2834-JKOOW,Female,0,No,No,15,Growing Customer,45.9,Medium Value,693.0,One year,0,DSL,Mailed check,No
2754-VDLTR,Male,0,No,Yes,10,New Customer,95.2,High Value,930.0,Month-to-month,1,Fiber optic,Electronic check,Yes
2400-FEQME,Male,0,Yes,Yes,55,Loyal Customer,20.5,Low Value,1178.0,Two year,0,No,Mailed check,No
3190-XFANI,Male,0,No,Yes,49,Loyal Customer,100.6,High Value,5070.0,One year,0,Fiber optic,Bank transfer (automatic),Yes
7551-DACSP,Male,0,Yes,Yes,6,New Customer,55.3,Medium Value,324.0,Month-to-month,1,DSL,Mailed check,Yes
4957-SREEC,Male,0,Yes,Yes,70,Loyal Customer,20.35,Low Value,1458.0,Two year,0,No,Credit card (automatic),No
7235-NXZCP,Male,1,No,No,2,New Customer,74.85,High Value,156.0,Month-to-month,1,Fiber optic,Mailed check,Yes
0230-UBYPQ,Male,1,Yes,No,63,Loyal Customer,36.1,Medium Value,2299.0,One year,0,DSL,Bank transfer (automatic),No
4923-ADWXJ,Female,0,No,No,25,Loyal Customer,65.8,Medium Value,1680.0,Month-to-month,1,DSL,Bank transfer (automatic),No
1763-KUAAW,Female,1,No,No,18,Growing Customer,20.35,Low Value,370.0,One year,0,No,Bank transfer (automatic),No
1104-TNLZA,Male,1,Yes,No,28,Loyal Customer,105.8,High Value,2998.0,Month-to-month,1,Fiber optic,Electronic check,No
5195-KPUNQ,Female,1,No,No,53,Loyal Customer,96.75,High Value,5207.0,One year,0,Fiber optic,Mailed check,No
0520-FDVVT,Male,0,No,No,35,Loyal Customer,102.35,High Value,3626.0,One year,0,Fiber optic,Bank transfer (automatic),Yes
3439-GVUSX,Male,0,No,No,1,New Customer,24.4,Low Value,24.0,Month-to-month,1,DSL,Mailed check,No
1444-VVSGW,Male,0,Yes,No,70,Loyal Customer,115.65,High Value,7969.0,One year,0,Fiber optic,Credit card (automatic),Yes
5712-PTIWW,Male,0,No,No,2,New Customer,79.85,High Value,152.0,Month-to-month,1,Fiber optic,Electronic check,Yes
5949-HGVJL,Female,0,Yes,No,26,Loyal Customer,73.05,High Value,1960.0,Month-to-month,1,DSL,Electronic check,No
5203-XEHAX,Female,0,No,No,34,Loyal Customer,64.35,Medium Value,2053.0,One year,0,DSL,Electronic check,No
1635-HDGFT,Female,0,No,Yes,19,Growing Customer,20.5,Low Value,399.0,Two year,0,No,Mailed check,No
3315-TOTBP,Male,0,No,No,15,Growing Customer,76.0,High Value,1131.0,Month-to-month,1,Fiber optic,Mailed check,Yes
8050-XGRVL,Female,0,Yes,Yes,62,Loyal Customer,54.75,Medium Value,3425.0,One year,0,DSL,Credit card (automatic),No
6661-HBGWL,Female,1,No,No,42,Loyal Customer,104.75,High Value,4323.0,Month-to-month,1,Fiber optic,Bank transfer (automatic),Yes
1518-VOWAV,Female,0,No,No,9,New Customer,74.65,High Value,704.0,Month-to-month,1,DSL,Electronic check,Yes
9828-QHFBK,Male,0,No,No,24,Loyal Customer,51.15,Medium Value,1276.0,Month-to-month,1,DSL,Electronic check,No
3908-MKIMJ,Male,1,Yes,No,68,Loyal Customer,41.95,Medium Value,2966.0,Two year,0,DSL,Electronic check,No
5012-YSPJJ,Male,0,Yes,Yes,31,Loyal Customer,54.35,Medium Value,1647.0,Month-to-month,1,DSL,Mailed check,No
5909-ECHUI,Female,0,No,No,1,New Customer,56.25,Medium Value,56.0,Month-to-month,1,DSL,Electronic check,Yes
1309-BXVOQ,Male,0,Yes,No,21,Growing Customer,106.1,High Value,2250.0,Month-to-month,1,Fiber optic,Electronic check,Yes
6728-VOIFY,Female,0,Yes,No,63,Loyal Customer,96.0,High Value,6110.0,One year,0,Fiber optic,Electronic check,No
9317-WZPGV,Female,1,No,No,2,New Customer,79.75,High Value,159.0,Month-to-month,1,Fiber optic,Bank transfer (automatic),Yes
4891-NLUBA,Female,0,Yes,Yes,61,Loyal Customer,61.45,Medium Value,3751.0,Two year,0,DSL,Bank transfer (automatic),No
2856-HYAPG,Female,0,No,No,1,New Customer,68.65,Medium Value,69.0,Month-to-month,1,Fiber optic,Electronic check,Yes
8969-PRHFK,Male,0,No,No,18,Growing Customer,19.65,Low Value,411.0,One year,0,No,Mailed check,No
0661-KQHNK,Female,0,Yes,Yes,6,New Customer,19.0,Low Value,106.0,One year,0,No,Credit card (automatic),No
8709-KRDVL,Female,0,No,No,33,Loyal Customer,100.0,High Value,3321.0,Month-to-month,1,Fiber optic,Electronic check,No
4488-PSYCG,Male,0,No,No,16,Growing Customer,20.25,Low Value,327.0,Month-to-month,1,No,Bank transfer (automatic),Yes
1427-VERSM,Female,0,Yes,No,56,Loyal Customer,98.7,High Value,5670.0,Month-to-month,1,Fiber optic,Electronic check,No
9801-NOSHQ,Male,0,No,Yes,23,Growing Customer,19.8,Low Value,465.0,One year,0,No,Mailed check,No
6339-YPSAH,Male,0,No,No,9,New Customer,73.8,High Value,704.0,Month-to-month,1,Fiber optic,Electronic check,No
3621-CEOVK,Female,1,Yes,No,14,Growing Customer,100.2,High Value,1370.0,Month-to-month,1,Fiber optic,Electronic check,Yes
6906-ANDWJ,Male,0,Yes,Yes,15,Growing Customer,74.9,High Value,1107.0,Month-to-month,1,Fiber optic,Bank transfer (automatic),Yes
2159-TURXX,Male,0,No,No,5,New Customer,20.05,Low Value,96.0,Month-to-month,1,No,Credit card (automatic),No
1548-FEHVL,Male,0,Yes,No,61,Loyal Customer,106.2,High Value,6375.0,Month-to-month,1,Fiber optic,Electronic check,No
3795-CAWEX,Male,0,Yes,Yes,70,Loyal Customer,116.55,High Value,8152.0,Two year,0,Fiber optic,Credit card (automatic),No
6215-NQCPY,Male,0,No,No,15,Growing Customer,99.7,High Value,1567.0,Month-to-month,1,Fiber optic,Electronic check,No
5647-URDKA,Male,0,Yes,Yes,8,New Customer,19.7,Low Value,130.0,Two year,0,No,Mailed check,No
2229-DPMBI,Female,0,Yes,Yes,8,New Customer,19.5,Low Value,162.0,Two year,0,No,Mailed check,No
9626-WEQRM,Female,0,No,No,4,New Customer,29.15,Low Value,110.0,Month-to-month,1,DSL,Mailed check,No
2188-SXWVT,Female,0,No,No,34,Loyal Customer,55.0,Medium Value,1885.0,One year,0,DSL,Mailed check,No
6258-PVZWJ,Male,0,Yes,No,68,Loyal Customer,90.8,High Value,6303.0,Two year,0,DSL,Credit card (automatic),No
1094-BKOSX,Female,0,Yes,Yes,45,Loyal Customer,51.0,Medium Value,2265.0,One year,0,DSL,Bank transfer (automatic),No
6969-MVBAI,Female,1,No,No,9,New Customer,90.1,High Value,817.0,Month-to-month,1,Fiber optic,Electronic check,No
2978-XXSOG,Female,0,No,No,22,Growing Customer,59.05,Medium Value,1254.0,Month-to-month,1,DSL,Mailed check,No
2342-CKIAO,Female,0,No,No,2,New Customer,20.3,Low Value,41.0,Month-to-month,1,No,Mailed check,No
6953-PBDIN,Male,0,Yes,No,70,Loyal Customer,72.95,High Value,5266.0,Two year,0,DSL,Bank transfer (automatic),No
3898-BSJYF,Female,0,No,Yes,10,New Customer,73.55,High Value,693.0,One year,0,DSL,Credit card (automatic),No
3938-YFPXD,Male,0,No,No,72,Loyal Customer,84.3,High Value,5997.0,Two year,0,DSL,Credit card (automatic),No
7696-AMHOD,Female,0,Yes,Yes,49,Loyal Customer,78.0,High Value,3824.0,One year,0,DSL,Credit card (automatic),No
2453-SAFNS,Female,1,No,No,54,Loyal Customer,72.1,High Value,3886.0,One year,0,DSL,Mailed check,No
9558-IHEZX,Female,0,No,No,71,Loyal Customer,106.75,High Value,7283.0,Two year,0,Fiber optic,Credit card (automatic),No
9617-UDPEU,Female,0,No,No,22,Growing Customer,19.25,Low Value,413.0,One year,0,No,Mailed check,No
6340-DACFT,Female,0,Yes,Yes,50,Loyal Customer,20.55,Low Value,1070.0,Two year,0,No,Credit card (automatic),No
4955-VCWBI,Female,0,Yes,Yes,43,Loyal Customer,20.0,Low Value,818.0,One year,0,No,Mailed check,No
6813-GZQCG,Female,0,Yes,Yes,45,Loyal Customer,24.65,Low Value,1171.0,Two year,0,No,Credit card (automatic),No
7426-GSWPO,Male,1,No,No,64,Loyal Customer,103.5,High Value,6549.0,Month-to-month,1,Fiber optic,Bank transfer (automatic),No
3389-KTRXV,Female,0,Yes,Yes,23,Growing Customer,23.85,Low Value,626.0,Two year,0,No,Mailed check,No
3118-UHVVQ,Female,0,Yes,No,68,Loyal Customer,25.8,Low Value,1912.0,Two year,0,No,Credit card (automatic),No
1031-IIDEO,Female,0,No,No,1,New Customer,70.85,High Value,71.0,Month-to-month,1,Fiber optic,Electronic check,Yes
5832-XKAES,Male,0,No,No,2,New Customer,69.8,Medium Value,135.0,Month-to-month,1,Fiber optic,Credit card (automatic),Yes
3205-MXZRA,Male,0,No,No,26,Loyal Customer,59.45,Medium Value,1507.0,One year,0,DSL,Credit card (automatic),No
4701-AHWMW,Male,0,Yes,No,55,Loyal Customer,54.55,Medium Value,2978.0,Month-to-month,1,DSL,Bank transfer (automatic),Yes
8317-BVKSO,Male,0,No,No,14,Growing Customer,20.05,Low Value,299.0,Month-to-month,1,No,Electronic check,No
5702-KVQRD,Male,0,Yes,No,71,Loyal Customer,82.55,High Value,5833.0,Two year,0,DSL,Electronic check,No
0083-PIVIK,Male,0,No,No,64,Loyal Customer,81.25,High Value,5568.0,One year,0,DSL,Electronic check,No
9210-IAHGH,Female,0,No,No,7,New Customer,70.75,High Value,451.0,Month-to-month,1,DSL,Credit card (automatic),Yes
6169-PGNCD,Female,0,No,No,57,Loyal Customer,74.3,High Value,4166.0,Two year,0,DSL,Credit card (automatic),No
0023-XUOPT,Female,0,Yes,No,13,Growing Customer,94.1,High Value,1216.0,Month-to-month,1,Fiber optic,Electronic check,Yes
4592-IWTJI,Female,0,Yes,Yes,3,New Customer,29.7,Low Value,92.0,Month-to-month,1,DSL,Credit card (automatic),Yes
4909-JOUPP,Male,1,Yes,No,72,Loyal Customer,109.7,High Value,7898.0,Two year,0,Fiber optic,Credit card (automatic),No
4657-FWVFY,Female,0,Yes,Yes,40,Loyal Customer,96.35,High Value,3915.0,Month-to-month,1,Fiber optic,Credit card (automatic),No
2257-BOVXD,Male,0,Yes,No,14,Growing Customer,66.6,Medium Value,980.0,Month-to-month,1,DSL,Credit card (automatic),No
7729-JTEEC,Male,0,Yes,Yes,2,New Customer,44.5,Medium Value,90.0,Month-to-month,1,DSL,Electronic check,No
7632-MNYOY,Male,1,No,No,66,Loyal Customer,110.9,High Value,7432.0,One year,0,Fiber optic,Credit card (automatic),Yes
6518-LGAOV,Female,0,Yes,No,38,Loyal Customer,105.0,High Value,4026.0,Month-to-month,1,Fiber optic,Electronic check,Yes
7242-QZLXF,Male,0,No,Yes,1,New Customer,25.3,Low Value,25.0,Month-to-month,1,DSL,Electronic check,Yes
4576-CSAJH,Male,0,No,No,22,Growing Customer,55.15,Medium Value,1193.0,One year,0,DSL,Credit card (automatic),Yes
1000-AJSLD,Male,0,No,No,1,New Customer,20.1,Low Value,20.0,Month-to-month,1,No,Mailed check,Yes
9696-RMYBA,Male,0,No,No,5,New Customer,80.1,High Value,399.0,Month-to-month,1,Fiber optic,Mailed check,No
8690-UPCZI,Male,0,Yes,Yes,29,Loyal Customer,69.05,Medium Value,1958.0,One year,0,DSL,Bank transfer (automatic),No
1062-LHZOD,Male,0,Yes,Yes,1,New Customer,69.9,Medium Value,70.0,Month-to-month,1,Fiber optic,Mailed check,Yes
9770-LXDBK,Female,0,No,No,3,New Customer,20.4,Low Value,63.0,Month-to-month,1,No,Mailed check,No
4086-WITJG,Male,0,Yes,Yes,71,Loyal Customer,19.7,Low Value,1301.0,Two year,0,No,Credit card (automatic),No
8344-WFMFH,Male,0,No,Yes,9,New Customer,50.1,Medium Value,484.0,Month-to-month,1,DSL,Electronic check,No
9600-NAXZN,Male,0,No,No,43,Loyal Customer,101.4,High Value,4528.0,Month-to-month,1,Fiber optic,Electronic check,Yes
8822-KNBHV,Female,0,No,No,48,Loyal Customer,83.45,High Value,3888.0,One year,0,DSL,Credit card (automatic),No
8404-FYDIB,Male,0,No,No,26,Loyal Customer,86.65,High Value,2209.0,Month-to-month,1,Fiber optic,Credit card (automatic),No
2791-SFVEW,Female,0,No,No,9,New Customer,20.15,Low Value,238.0,Month-to-month,1,No,Bank transfer (automatic),No
6457-USBER,Male,0,No,No,1,New Customer,80.8,High Value,81.0,Month-to-month,1,Fiber optic,Electronic check,Yes
6762-NSODU,Female,0,Yes,Yes,46,Loyal Customer,19.4,Low Value,958.0,Two year,0,No,Credit card (automatic),No
4662-EKDPQ,Male,0,No,No,2,New Customer,62.05,Medium Value,118.0,Month-to-month,1,DSL,Bank transfer (automatic),Yes
9248-OJYKK,Male,1,No,No,1,New Customer,76.45,High Value,76.0,Month-to-month,1,Fiber optic,Electronic check,Yes
9888-ZCUMM,Male,0,Yes,Yes,64,Loyal Customer,60.05,Medium Value,3845.0,Two year,0,DSL,Bank transfer (automatic),No
3398-FSHON,Female,1,No,No,12,Growing Customer,91.3,High Value,1095.0,Month-to-month,1,Fiber optic,Electronic check,Yes
3319-DWOEP,Male,1,Yes,No,6,New Customer,95.75,High Value,574.0,Month-to-month,1,Fiber optic,Electronic check,Yes
1074-WVEVG,Female,0,Yes,No,59,Loyal Customer,20.35,Low Value,1267.0,One year,0,No,Mailed check,No
9979-RGMZT,Female,0,No,No,7,New Customer,94.05,High Value,633.0,One year,0,Fiber optic,Mailed check,No
6437-UDQJM,Female,1,Yes,No,72,Loyal Customer,84.1,High Value,6130.0,Two year,0,DSL,Credit card (automatic),No
1226-IENZN,Male,1,No,No,16,Growing Customer,78.75,High Value,1218.0,Month-to-month,1,Fiber optic,Electronic check,No
2108-GLPQB,Male,0,Yes,No,25,Loyal Customer,55.55,Medium Value,1405.0,Month-to-month,1,DSL,Credit card (automatic),No
9259-PACGQ,Female,0,Yes,No,34,Loyal Customer,62.65,Medium Value,2275.0,Month-to-month,1,DSL,Electronic check,Yes
4415-IJZTP,Female,0,No,No,1,New Customer,74.5,High Value,75.0,Month-to-month,1,Fiber optic,Electronic check,Yes
1465-VINDH,Female,0,Yes,Yes,10,New Customer,102.1,High Value,1069.0,Month-to-month,1,Fiber optic,Credit card (automatic),Yes
5474-LAMUQ,Male,0,Yes,No,24,Loyal Customer,20.1,Low Value,534.0,One year,0,No,Mailed check,No
3468-DRVQJ,Female,0,Yes,Yes,10,New Customer,70.3,High Value,676.0,One year,0,DSL,Electronic check,No
1122-YJBCS,Male,0,Yes,No,69,Loyal Customer,53.65,Medium Value,3804.0,One year,0,DSL,Credit card (automatic),No
4990-ALDGW,Male,0,No,No,57,Loyal Customer,20.75,Low Value,1119.0,Two year,0,No,Mailed check,No
4816-OKWNX,Male,0,Yes,Yes,50,Loyal Customer,103.4,High Value,5236.0,One year,0,Fiber optic,Bank transfer (automatic),No
3315-IKYZQ,Male,0,Yes,Yes,28,Loyal Customer,50.8,Medium Value,1387.0,One year,0,DSL,Mailed check,No
2810-FTLEM,Female,0,No,No,16,Growing Customer,50.15,Medium Value,762.0,Month-to-month,1,DSL,Electronic check,Yes
4747-LCAQL,Male,0,No,No,25,Loyal Customer,79.0,High Value,1902.0,Month-to-month,1,DSL,Mailed check,No
3411-WLRSQ,Female,1,Yes,No,3,New Customer,74.6,High Value,239.0,Month-to-month,1,Fiber optic,Bank transfer (automatic),No
0898-XCGTF,Male,0,Yes,No,61,Loyal Customer,96.5,High Value,5674.0,One year,0,Fiber optic,Bank transfer (automatic),No
8006-PYCSW,Female,0,No,No,2,New Customer,20.1,Low Value,40.0,Month-to-month,1,No,Mailed check,No
8249-THVEC,Male,0,Yes,Yes,51,Loyal Customer,19.4,Low Value,998.0,One year,0,No,Mailed check,No
8722-PRFDV,Female,0,Yes,Yes,71,Loyal Customer,77.55,High Value,5574.0,Two year,0,DSL,Credit card (automatic),No
2164-SOQXL,Female,0,Yes,Yes,20,Growing Customer,20.05,Low Value,406.0,Month-to-month,1,No,Mailed check,No
4020-KIUDI,Male,0,Yes,Yes,6,New Customer,19.85,Low Value,139.0,Month-to-month,1,No,Credit card (automatic),No
5850-BDWCY,Female,0,No,No,6,New Customer,20.2,Low Value,124.0,Month-to-month,1,No,Mailed check,No
2038-YSEZE,Female,0,No,No,29,Loyal Customer,67.45,Medium Value,1801.0,Month-to-month,1,DSL,Mailed check,No
0827-ITJPH,Male,0,No,No,36,Loyal Customer,18.55,Low Value,689.0,Two year,0,No,Credit card (automatic),No
8799-OXZMD,Female,0,No,No,28,Loyal Customer,29.75,Low Value,791.0,Month-to-month,1,DSL,Mailed check,No
1925-TIBLE,Female,0,Yes,No,7,New Customer,86.5,High Value,583.0,Month-to-month,1,Fiber optic,Electronic check,Yes
1705-GUHPV,Female,0,No,No,63,Loyal Customer,24.2,Low Value,1618.0,Two year,0,No,Mailed check,No
4779-ZGICK,Male,0,Yes,Yes,48,Loyal Customer,23.55,Low Value,1173.0,Two year,0,No,Mailed check,No
0048-PIHNL,Female,0,Yes,No,49,Loyal Customer,20.45,Low Value,901.0,One year,0,No,Bank transfer (automatic),No
0818-OCPZO,Male,1,No,No,27,Loyal Customer,81.45,High Value,2122.0,Month-to-month,1,Fiber optic,Electronic check,Yes
3967-KXAPS,Male,0,Yes,No,72,Loyal Customer,92.3,High Value,6720.0,Two year,0,DSL,Credit card (automatic),No
1447-GIQMR,Male,0,Yes,No,1,New Customer,69.15,Medium Value,69.0,Month-to-month,1,Fiber optic,Electronic check,Yes
3704-IEAXF,Female,0,Yes,Yes,72,Loyal Customer,53.65,Medium Value,3784.0,Two year,0,DSL,Credit card (automatic),No
6810-VCAEX,Female,0,No,No,47,Loyal Customer,39.65,Medium Value,1799.0,One year,0,DSL,Credit card (automatic),No
0674-EYYZV,Female,0,No,No,1,New Customer,54.65,Medium Value,55.0,Month-to-month,1,DSL,Electronic check,No
4480-MBMLB,Female,0,No,No,36,Loyal Customer,104.8,High Value,3886.0,One year,0,Fiber optic,Bank transfer (automatic),No
1395-OFUWC,Male,0,Yes,Yes,43,Loyal Customer,29.3,Low Value,1224.0,Month-to-month,1,DSL,Credit card (automatic),No
0822-QGCXA,Female,1,Yes,No,27,Loyal Customer,83.85,High Value,2310.0,Month-to-month,1,DSL,Electronic check,No
0872-NXJYS,Female,0,No,No,9,New Customer,79.55,High Value,723.0,Month-to-month,1,Fiber optic,Electronic check,Yes
2832-KJCRD,Female,0,No,No,38,Loyal Customer,103.65,High Value,3989.0,Month-to-month,1,Fiber optic,Electronic check,No
3588-WSTTJ,Female,1,No,No,35,Loyal Customer,99.05,High Value,3555.0,Month-to-month,1,Fiber optic,Electronic check,No
4075-WKNIU,Female,0,Yes,Yes,0,New Customer,73.35,High Value,,Two year,0,DSL,Mailed check,No
5090-EMGTC,Female,0,Yes,No,59,Loyal Customer,100.05,High Value,6035.0,Two year,0,Fiber optic,Mailed check,No
2346-CZYIL,Male,0,No,No,27,Loyal Customer,20.35,Low Value,532.0,Two year,0,No,Credit card (automatic),No
3798-EPWRR,Female,1,No,No,2,New Customer,43.95,Medium Value,85.0,Month-to-month,1,DSL,Electronic check,No
6258-NGCNG,Male,0,No,No,7,New Customer,23.5,Low Value,173.0,Month-to-month,1,No,Mailed check,No
4186-ZBUEW,Female,0,No,No,36,Loyal Customer,70.7,High Value,2512.0,One year,0,DSL,Mailed check,No
5274-XHAKY,Female,0,Yes,Yes,41,Loyal Customer,94.3,High Value,3894.0,Month-to-month,1,Fiber optic,Bank transfer (automatic),No
1442-BQPVU,Female,0,No,No,13,Growing Customer,29.15,Low Value,357.0,Month-to-month,1,DSL,Electronic check,No
3978-YNKDD,Male,0,No,Yes,19,Growing Customer,20.85,Low Value,468.0,Two year,0,No,Credit card (automatic),No
4940-KHCWD,Female,0,Yes,No,60,Loyal Customer,37.7,Medium Value,2289.0,Two year,0,DSL,Bank transfer (automatic),No
9412-ARGBX,Female,0,No,Yes,48,Loyal Customer,95.5,High Value,4628.0,Two year,0,Fiber optic,Mailed check,Yes
1389-CXMLU,Male,1,No,No,3,New Customer,91.05,High Value,289.0,Month-to-month,1,Fiber optic,Electronic check,Yes
9589-ABEPT,Male,0,Yes,No,69,Loyal Customer,92.45,High Value,6461.0,Two year,0,Fiber optic,Mailed check,No
9388-ZEYVT,Male,0,No,No,43,Loyal Customer,44.15,Medium Value,1931.0,One year,0,DSL,Electronic check,No
0305-SQECB,Female,0,No,Yes,11,New Customer,36.05,Medium Value,403.0,One year,0,DSL,Mailed check,No
7605-SNLQG,Female,0,Yes,No,45,Loyal Customer,50.25,Medium Value,2222.0,Month-to-month,1,DSL,Credit card (automatic),No
4670-TABXH,Male,0,Yes,No,72,Loyal Customer,109.75,High Value,7759.0,Two year,0,Fiber optic,Credit card (automatic),No
5561-NWEVX,Female,1,Yes,No,2,New Customer,79.2,High Value,173.0,Month-to-month,1,Fiber optic,Electronic check,Yes
0064-SUDOG,Female,0,Yes,Yes,12,Growing Customer,20.3,Low Value,225.0,Two year,0,No,Bank transfer (automatic),No
8561-NMTBD,Female,0,Yes,Yes,67,Loyal Customer,112.35,High Value,7388.0,One year,0,Fiber optic,Credit card (automatic),No
5161-XEUVX,Male,0,Yes,No,37,Loyal Customer,94.3,High Value,3461.0,Two year,0,Fiber optic,Mailed check,No
8292-FRFZQ,Female,0,No,No,39,Loyal Customer,41.15,Medium Value,1701.0,One year,0,DSL,Bank transfer (automatic),No
8591-NXRCV,Female,0,No,No,41,Loyal Customer,74.65,High Value,3091.0,Month-to-month,1,DSL,Bank transfer (automatic),No
7895-VONWT,Female,0,No,No,25,Loyal Customer,48.25,Medium Value,1294.0,Month-to-month,1,DSL,Electronic check,No
4526-RMTLL,Male,0,Yes,Yes,8,New Customer,76.15,High Value,646.0,Two year,0,DSL,Credit card (automatic),No
6253-GNHWH,Female,0,Yes,Yes,71,Loyal Customer,71.1,High Value,5225.0,Two year,0,DSL,Mailed check,No
4566-NECEV,Male,0,No,No,5,New Customer,96.55,High Value,500.0,Month-to-month,1,Fiber optic,Electronic check,No
8080-POTJR,Female,0,No,No,30,Loyal Customer,79.3,High Value,2427.0,One year,0,DSL,Credit card (automatic),No
6906-MPARY,Male,0,No,No,40,Loyal Customer,89.6,High Value,3488.0,One year,0,Fiber optic,Credit card (automatic),No
3662-FXJFO,Female,0,No,No,54,Loyal Customer,20.5,Low Value,1036.0,Two year,0,No,Mailed check,No
8107-RZLNV,Male,0,Yes,No,72,Loyal Customer,106.3,High Value,7565.0,Two year,0,Fiber optic,Bank transfer (automatic),No
0516-OOHAR,Male,0,Yes,Yes,28,Loyal Customer,100.35,High Value,2799.0,One year,0,Fiber optic,Bank transfer (automatic),No
2027-CWDNU,Male,0,Yes,Yes,18,Growing Customer,85.6,High Value,1602.0,Month-to-month,1,Fiber optic,Electronic check,No
2737-WFVYW,Female,0,No,No,2,New Customer,45.25,Medium Value,86.0,Month-to-month,1,DSL,Electronic check,Yes
9912-OMZDS,Female,0,Yes,Yes,59,Loyal Customer,106.15,High Value,6256.0,One year,0,Fiber optic,Electronic check,No
3733-ZEECP,Male,0,Yes,Yes,22,Growing Customer,51.1,Medium Value,1233.0,Month-to-month,1,DSL,Electronic check,No
7878-RTCZG,Female,0,No,No,1,New Customer,19.9,Low Value,20.0,Month-to-month,1,No,Mailed check,No
2452-MRMZF,Female,1,Yes,No,72,Loyal Customer,25.7,Low Value,1937.0,Two year,0,No,Credit card (automatic),No
2272-QAGFO,Female,1,No,No,14,Growing Customer,74.3,High Value,1096.0,Month-to-month,1,Fiber optic,Electronic check,Yes
7103-IPXPJ,Male,0,Yes,No,50,Loyal Customer,99.4,High Value,5060.0,One year,0,Fiber optic,Electronic check,No
4342-HFXWS,Female,0,Yes,Yes,48,Loyal Customer,69.7,Medium Value,3024.0,One year,0,DSL,Bank transfer (automatic),No
3545-CNWRG,Female,0,Yes,Yes,49,Loyal Customer,98.35,High Value,4889.0,Month-to-month,1,Fiber optic,Electronic check,No
1785-BPHTP,Male,0,Yes,Yes,28,Loyal Customer,85.45,High Value,2290.0,Month-to-month,1,Fiber optic,Electronic check,No
4989-LIXVT,Male,1,No,No,68,Loyal Customer,95.9,High Value,6503.0,Month-to-month,1,Fiber optic,Electronic check,No
7315-WYOAW,Male,0,No,No,13,Growing Customer,100.75,High Value,1313.0,Month-to-month,1,Fiber optic,Electronic check,No
1173-XZPYF,Female,0,No,No,11,New Customer,89.2,High Value,990.0,Month-to-month,1,Fiber optic,Electronic check,No
9850-OWRHQ,Female,0,Yes,No,3,New Customer,74.1,High Value,228.0,Month-to-month,1,Fiber optic,Credit card (automatic),Yes
3768-NLUBH,Male,1,Yes,No,57,Loyal Customer,100.6,High Value,5746.0,Month-to-month,1,Fiber optic,Electronic check,Yes
8676-TRMJS,Male,0,No,No,3,New Customer,75.0,High Value,209.0,Month-to-month,1,Fiber optic,Mailed check,Yes
2509-TFPJU,Male,0,Yes,No,72,Loyal Customer,25.75,Low Value,1864.0,Two year,0,No,Credit card (automatic),No
9530-GRMJG,Male,0,Yes,Yes,70,Loyal Customer,84.1,High Value,5980.0,Two year,0,DSL,Electronic check,No
6898-RBTLU,Female,0,Yes,Yes,49,Loyal Customer,79.3,High Value,3902.0,Two year,0,DSL,Bank transfer (automatic),No
5481-NTDOH,Female,1,Yes,No,67,Loyal Customer,107.05,High Value,7143.0,One year,0,Fiber optic,Credit card (automatic),No
2068-WWXQZ,Male,0,No,No,46,Loyal Customer,20.05,Low Value,902.0,Two year,0,No,Bank transfer (automatic),No
7359-SSBJK,Female,1,No,No,64,Loyal Customer,70.2,High Value,4481.0,Two year,0,DSL,Credit card (automatic),Yes
2061-VVFST,Female,0,Yes,No,37,Loyal Customer,19.5,Low Value,805.0,Month-to-month,1,No,Bank transfer (automatic),No
0685-MLYYM,Female,1,No,No,2,New Customer,70.75,High Value,155.0,Month-to-month,1,Fiber optic,Electronic check,Yes
0749-IRGQE,Female,1,Yes,No,13,Growing Customer,45.3,Medium Value,528.0,Month-to-month,1,DSL,Electronic check,No
2380-DAMQP,Female,0,Yes,No,72,Loyal Customer,115.15,High Value,8350.0,Two year,0,Fiber optic,Electronic check,No
2256-YLYLP,Male,0,Yes,Yes,68,Loyal Customer,72.95,High Value,4953.0,Two year,0,DSL,Bank transfer (automatic),No
1272-ILHFG,Male,0,Yes,Yes,15,Growing Customer,19.65,Low Value,333.0,One year,0,No,Mailed check,No
0164-XAIRP,Female,0,No,No,24,Loyal Customer,19.55,Low Value,470.0,Two year,0,No,Bank transfer (automatic),No
5666-CYCYZ,Female,0,No,No,24,Loyal Customer,89.55,High Value,2259.0,Month-to-month,1,Fiber optic,Electronic check,No
4011-ARPHK,Male,0,No,No,27,Loyal Customer,50.35,Medium Value,1411.0,Month-to-month,1,DSL,Mailed check,No
8182-PNAGI,Male,0,No,No,12,Growing Customer,50.25,Medium Value,594.0,Month-to-month,1,DSL,Bank transfer (automatic),Yes
6365-HITVU,Female,0,Yes,Yes,71,Loyal Customer,87.25,High Value,6329.0,Two year,0,DSL,Credit card (automatic),No
7558-IMLMT,Male,0,Yes,Yes,67,Loyal Customer,20.8,Low Value,1412.0,Two year,0,No,Mailed check,No
9488-FYQAU,Female,0,Yes,No,63,Loyal Customer,109.25,High Value,6841.0,Two year,0,Fiber optic,Bank transfer (automatic),No
3590-TCXTB,Male,0,No,No,1,New Customer,20.35,Low Value,20.0,Month-to-month,1,No,Mailed check,No
6994-KERXL,Male,0,No,No,4,New Customer,55.9,Medium Value,239.0,Month-to-month,1,DSL,Electronic check,No
7957-RYHQD,Female,1,No,No,40,Loyal Customer,79.2,High Value,3234.0,Month-to-month,1,Fiber optic,Credit card (automatic),Yes
2180-DXNEG,Female,0,No,No,12,Growing Customer,96.0,High Value,1062.0,Month-to-month,1,Fiber optic,Electronic check,Yes
1960-UOTYM,Male,0,Yes,Yes,52,Loyal Customer,79.2,High Value,4016.0,Two year,0,DSL,Electronic check,No
2740-JFBOK,Male,0,No,No,10,New Customer,24.0,Low Value,227.0,Month-to-month,1,No,Electronic check,No
6500-JVEGC,Male,0,No,No,68,Loyal Customer,101.35,High Value,7111.0,One year,0,Fiber optic,Bank transfer (automatic),No
5515-AKOAJ,Female,0,No,No,54,Loyal Customer,100.1,High Value,5441.0,Month-to-month,1,Fiber optic,Electronic check,Yes
8976-OQHGT,Female,0,Yes,Yes,4,New Customer,56.5,Medium Value,235.0,Month-to-month,1,DSL,Mailed check,Yes
5245-VDBUR,Female,0,Yes,No,52,Loyal Customer,35.45,Medium Value,1959.0,One year,0,DSL,Mailed check,No
6230-BSUXY,Female,1,No,No,1,New Customer,85.0,High Value,85.0,Month-to-month,1,Fiber optic,Electronic check,Yes
8469-SNFFH,Male,0,Yes,No,70,Loyal Customer,79.4,High Value,5529.0,One year,0,DSL,Bank transfer (automatic),No
2144-ESWKO,Male,0,No,No,43,Loyal Customer,35.2,Medium Value,1464.0,One year,0,DSL,Credit card (automatic),No
1241-FPMOF,Male,0,No,No,52,Loyal Customer,19.65,Low Value,1025.0,Two year,0,No,Mailed check,No
9928-BZVLZ,Female,0,No,No,12,Growing Customer,49.85,Medium Value,552.0,Two year,0,DSL,Mailed check,No
4114-QMKVN,Female,0,Yes,Yes,56,Loyal Customer,68.75,Medium Value,3815.0,One year,0,DSL,Bank transfer (automatic),No
2775-SEFEE,Male,0,No,Yes,0,New Customer,61.9,Medium Value,,Two year,0,DSL,Bank transfer (automatic),No
9003-CPATH,Male,0,No,No,42,Loyal Customer,79.9,High Value,3313.0,Month-to-month,1,Fiber optic,Electronic check,No
1754-GKYPY,Male,1,Yes,No,22,Growing Customer,89.75,High Value,1939.0,Month-to-month,1,Fiber optic,Bank transfer (automatic),No
5294-CDGWY,Male,0,Yes,Yes,51,Loyal Customer,59.3,Medium Value,3015.0,One year,0,DSL,Electronic check,Yes
7956-XQWGU,Male,0,No,No,27,Loyal Customer,19.4,Low Value,460.0,Month-to-month,1,No,Credit card (automatic),No
1591-MQJTP,Male,1,Yes,No,51,Loyal Customer,93.65,High Value,4839.0,One year,0,Fiber optic,Bank transfer (automatic),No
5295-PCJOO,Male,0,No,Yes,4,New Customer,49.4,Medium Value,184.0,Month-to-month,1,DSL,Electronic check,Yes
2369-FEVNO,Male,0,No,No,1,New Customer,19.9,Low Value,20.0,Month-to-month,1,No,Mailed check,No
9863-JZAIC,Male,0,No,No,35,Loyal Customer,55.0,Medium Value,2011.0,Month-to-month,1,DSL,Mailed check,Yes
7471-MQPOS,Male,1,Yes,Yes,71,Loyal Customer,72.9,High Value,5140.0,One year,0,DSL,Bank transfer (automatic),No
7660-HDPJV,Female,0,No,No,1,New Customer,69.2,Medium Value,69.0,Month-to-month,1,Fiber optic,Electronic check,Yes
5115-SQAAU,Female,0,Yes,Yes,69,Loyal Customer,25.6,Low Value,1673.0,Two year,0,No,Bank transfer (automatic),No
9845-QOMAD,Male,0,Yes,Yes,14,Growing Customer,19.75,Low Value,309.0,One year,0,No,Mailed check,No
7672-VFMXZ,Male,0,Yes,No,57,Loyal Customer,55.7,Medium Value,3172.0,Month-to-month,1,DSL,Electronic check,No
9739-JLPQJ,Female,0,Yes,Yes,72,Loyal Customer,117.5,High Value,8670.0,Two year,0,Fiber optic,Credit card (automatic),No
9916-AYHTC,Male,0,No,No,48,Loyal Customer,19.85,Low Value,916.0,Two year,0,No,Credit card (automatic),No
3855-ONCAR,Female,0,Yes,Yes,4,New Customer,78.9,High Value,300.0,Month-to-month,1,Fiber optic,Mailed check,No
1488-SYSFC,Male,0,Yes,Yes,31,Loyal Customer,20.65,Low Value,702.0,Month-to-month,1,No,Electronic check,No
7931-PXHFC,Male,0,No,No,38,Loyal Customer,62.3,Medium Value,2355.0,One year,0,DSL,Mailed check,Yes
3990-QYKBE,Male,1,Yes,No,37,Loyal Customer,92.5,High Value,3473.0,Month-to-month,1,Fiber optic,Electronic check,Yes
0970-QXPXW,Female,0,No,No,1,New Customer,19.65,Low Value,20.0,Month-to-month,1,No,Mailed check,No
3259-KNMRR,Male,1,No,No,57,Loyal Customer,79.75,High Value,4438.0,Two year,0,DSL,Bank transfer (automatic),No
6120-RJKLU,Female,1,Yes,No,62,Loyal Customer,79.95,High Value,4820.0,Two year,0,DSL,Credit card (automatic),No
9572-WUKSB,Male,0,Yes,No,3,New Customer,29.9,Low Value,92.0,Month-to-month,1,DSL,Electronic check,No
5893-KCLGT,Female,0,No,Yes,72,Loyal Customer,19.75,Low Value,1567.0,Two year,0,No,Mailed check,No
0076-LVEPS,Male,0,No,Yes,29,Loyal Customer,45.0,Medium Value,1242.0,Month-to-month,1,DSL,Mailed check,No
3640-JQGJG,Male,0,Yes,Yes,13,Growing Customer,44.8,Medium Value,559.0,Month-to-month,1,DSL,Bank transfer (automatic),No
4919-MOAVT,Male,0,No,Yes,3,New Customer,69.65,Medium Value,220.0,Month-to-month,1,Fiber optic,Electronic check,Yes
1596-OQSPS,Female,0,No,No,11,New Customer,51.1,Medium Value,531.0,Month-to-month,1,DSL,Electronic check,No
9867-XOBQA,Female,0,No,Yes,21,Growing Customer,53.15,Medium Value,1183.0,Two year,0,DSL,Mailed check,No
9546-KDTRB,Female,0,No,No,19,Growing Customer,24.7,Low Value,466.0,Month-to-month,1,No,Bank transfer (automatic),No
3090-HAWSU,Male,0,No,No,61,Loyal Customer,111.6,High Value,6876.0,Two year,0,Fiber optic,Credit card (automatic),Yes
9820-RMCQV,Female,0,No,No,11,New Customer,48.55,Medium Value,501.0,Month-to-month,1,DSL,Credit card (automatic),Yes
3174-RKMOW,Male,0,Yes,Yes,35,Loyal Customer,109.95,High Value,3782.0,Month-to-month,1,Fiber optic,Electronic check,No
1760-CAZHT,Male,0,No,Yes,25,Loyal Customer,20.8,Low Value,460.0,Month-to-month,1,No,Mailed check,No
7839-QRKXN,Female,0,No,No,1,New Customer,20.2,Low Value,20.0,Month-to-month,1,No,Mailed check,Yes
8441-SHIPE,Female,0,No,No,67,Loyal Customer,25.6,Low Value,1790.0,Two year,0,No,Bank transfer (automatic),No
5204-QZXPU,Male,0,No,No,19,Growing Customer,39.65,Medium Value,733.0,Month-to-month,1,DSL,Electronic check,Yes
4597-ELFTS,Male,0,No,No,56,Loyal Customer,24.9,Low Value,1334.0,One year,0,No,Electronic check,Yes
1320-GVNHT,Male,0,Yes,Yes,72,Loyal Customer,108.4,High Value,7767.0,Two year,0,Fiber optic,Credit card (automatic),No
1047-RNXZV,Male,0,No,No,43,Loyal Customer,19.55,Low Value,876.0,Two year,0,No,Mailed check,No
3541-ZNUHK,Female,0,Yes,Yes,55,Loyal Customer,85.1,High Value,4601.0,Month-to-month,1,Fiber optic,Electronic check,No
8450-JOVAH,Male,0,Yes,Yes,2,New Customer,56.7,Medium Value,114.0,Month-to-month,1,DSL,Mailed check,Yes
8725-JEDFD,Male,0,No,No,27,Loyal Customer,69.05,Medium Value,1793.0,Month-to-month,1,Fiber optic,Mailed check,No
7562-UXTPG,Female,0,No,No,13,Growing Customer,70.15,High Value,887.0,Month-to-month,1,Fiber optic,Mailed check,No
8071-SBTRN,Female,0,No,No,70,Loyal Customer,111.15,High Value,7738.0,Two year,0,Fiber optic,Mailed check,No
1113-IUJYX,Female,0,Yes,No,14,Growing Customer,105.95,High Value,1349.0,One year,0,Fiber optic,Mailed check,Yes
6668-CNMFP,Female,0,Yes,Yes,19,Growing Customer,89.35,High Value,1687.0,One year,0,Fiber optic,Bank transfer (automatic),No
5626-MGTUK,Female,0,No,No,20,Growing Customer,89.1,High Value,1879.0,Month-to-month,1,Fiber optic,Bank transfer (automatic),No
5681-LLOEI,Male,0,Yes,Yes,43,Loyal Customer,91.25,High Value,4014.0,One year,0,Fiber optic,Credit card (automatic),No
8212-DJRCH,Male,0,Yes,Yes,5,New Customer,90.35,High Value,435.0,Month-to-month,1,Fiber optic,Mailed check,No
4323-OHFOW,Female,1,Yes,No,70,Loyal Customer,105.55,High Value,7195.0,One year,0,Fiber optic,Bank transfer (automatic),No
4933-BSAIP,Female,0,Yes,No,40,Loyal Customer,19.1,Low Value,780.0,Two year,0,No,Mailed check,No
2030-BTZRO,Male,0,Yes,Yes,6,New Customer,20.4,Low Value,108.0,Two year,0,No,Credit card (automatic),No
1116-DXXDF,Male,0,No,No,39,Loyal Customer,100.45,High Value,3802.0,Two year,0,Fiber optic,Electronic check,No
9274-CNFMO,Male,1,Yes,No,4,New Customer,74.95,High Value,309.0,Month-to-month,1,Fiber optic,Electronic check,Yes
7758-XKCBS,Male,0,No,No,15,Growing Customer,29.7,Low Value,438.0,Month-to-month,1,DSL,Electronic check,Yes
8992-JQYUN,Male,0,Yes,No,1,New Customer,50.35,Medium Value,50.0,Month-to-month,1,DSL,Electronic check,Yes
6563-VNPMN,Female,1,No,No,45,Loyal Customer,85.7,High Value,3778.0,Month-to-month,1,Fiber optic,Bank transfer (automatic),No
0617-AQNWT,Female,0,Yes,No,64,Loyal Customer,47.85,Medium Value,3148.0,Two year,0,DSL,Electronic check,Yes
2267-WTPYD,Female,1,Yes,No,57,Loyal Customer,94.0,High Value,5439.0,Month-to-month,1,Fiber optic,Credit card (automatic),No
0270-THENM,Male,0,Yes,Yes,72,Loyal Customer,69.85,Medium Value,5102.0,Two year,0,DSL,Bank transfer (automatic),No
2446-PLQVO,Male,0,No,No,1,New Customer,70.3,High Value,70.0,Month-to-month,1,Fiber optic,Electronic check,Yes
4707-MAXGU,Male,0,Yes,No,72,Loyal Customer,25.85,Low Value,1872.0,Two year,0,No,Credit card (automatic),No
2710-WYVXG,Female,0,No,No,3,New Customer,71.1,High Value,213.0,Two year,0,DSL,Mailed check,No
3005-NFMTA,Male,1,No,No,55,Loyal Customer,98.8,High Value,5618.0,Month-to-month,1,Fiber optic,Electronic check,Yes
6300-BWMJX,Female,0,Yes,No,59,Loyal Customer,93.35,High Value,5387.0,Month-to-month,1,Fiber optic,Electronic check,No
8784-CGILN,Female,0,No,No,18,Growing Customer,99.85,High Value,1777.0,Month-to-month,1,Fiber optic,Bank transfer (automatic),Yes
5389-FFVKB,Male,1,Yes,No,32,Loyal Customer,80.3,High Value,2483.0,Month-to-month,1,Fiber optic,Credit card (automatic),Yes
7009-LGECI,Female,0,No,No,4,New Customer,50.55,Medium Value,236.0,Month-to-month,1,DSL,Bank transfer (automatic),No
8444-WRIDW,Female,1,No,No,66,Loyal Customer,80.45,High Value,5224.0,Month-to-month,1,Fiber optic,Credit card (automatic),Yes
5022-KVDQT,Male,0,No,No,27,Loyal Customer,81.3,High Value,2273.0,Month-to-month,1,Fiber optic,Electronic check,No
7976-CICYS,Male,0,No,No,4,New Customer,20.7,Low Value,84.0,Month-to-month,1,No,Credit card (automatic),No
1036-GUDCL,Male,0,Yes,Yes,60,Loyal Customer,79.05,High Value,4663.0,Month-to-month,1,DSL,Credit card (automatic),No
2005-DWQZJ,Female,0,Yes,Yes,8,New Customer,19.05,Low Value,202.0,Two year,0,No,Mailed check,No
8148-WOCMK,Male,0,Yes,Yes,8,New Customer,19.6,Low Value,125.0,Two year,0,No,Credit card (automatic),No
7815-PDTHL,Male,0,No,No,35,Loyal Customer,20.2,Low Value,684.0,Two year,0,No,Mailed check,No
9451-LPGOO,Male,0,No,No,7,New Customer,86.8,High Value,620.0,Month-to-month,1,Fiber optic,Electronic check,Yes
9173-IVZVP,Female,0,Yes,Yes,53,Loyal Customer,20.9,Low Value,1146.0,Two year,0,No,Mailed check,No
9129-UXERG,Female,1,No,No,18,Growing Customer,103.6,High Value,1806.0,Month-to-month,1,Fiber optic,Credit card (automatic),No
3635-JBPSG,Female,0,No,No,15,Growing Customer,38.8,Medium Value,603.0,Two year,0,DSL,Mailed check,No
7964-ZRKKG,Male,0,Yes,No,67,Loyal Customer,88.4,High Value,5798.0,One year,0,Fiber optic,Bank transfer (automatic),No
5868-YWPDW,Male,1,Yes,No,6,New Customer,84.2,High Value,519.0,Month-to-month,1,Fiber optic,Electronic check,Yes
6229-LSCKB,Male,1,No,No,6,New Customer,79.7,High Value,498.0,Month-to-month,1,Fiber optic,Electronic check,No
2025-JKFWI,Male,0,No,No,13,Growing Customer,99.0,High Value,1302.0,Month-to-month,1,Fiber optic,Mailed check,Yes
4078-SAYYN,Female,0,No,No,11,New Customer,100.75,High Value,1130.0,Month-to-month,1,Fiber optic,Electronic check,Yes
1724-IQWNM,Male,0,No,Yes,1,New Customer,19.3,Low Value,19.0,Month-to-month,1,No,Mailed check,No
8217-QYOHV,Male,0,No,No,5,New Customer,55.75,Medium Value,267.0,Month-to-month,1,DSL,Mailed check,No
5546-QUERU,Male,0,No,No,13,Growing Customer,19.95,Low Value,257.0,One year,0,No,Mailed check,No
9940-HPQPG,Female,0,Yes,No,9,New Customer,91.75,High Value,866.0,Month-to-month,1,Fiber optic,Bank transfer (automatic),Yes
6897-UUBNU,Male,0,No,No,29,Loyal Customer,89.65,High Value,2624.0,Month-to-month,1,Fiber optic,Mailed check,No
6127-IYJOZ,Male,1,No,No,1,New Customer,45.85,Medium Value,46.0,Month-to-month,1,DSL,Mailed check,No
6618-RYATB,Female,0,No,No,1,New Customer,79.55,High Value,80.0,Month-to-month,1,Fiber optic,Mailed check,Yes
8930-XOTDP,Female,0,Yes,Yes,18,Growing Customer,55.95,Medium Value,1083.0,Month-to-month,1,DSL,Mailed check,No
5916-QEWPT,Female,0,Yes,No,2,New Customer,69.0,Medium Value,148.0,Month-to-month,1,DSL,Credit card (automatic),No
5060-TQUQN,Male,0,Yes,Yes,30,Loyal Customer,83.55,High Value,2570.0,Month-to-month,1,Fiber optic,Bank transfer (automatic),No
0531-XBKMM,Male,0,No,Yes,66,Loyal Customer,65.7,Medium Value,4379.0,Two year,0,DSL,Bank transfer (automatic),No
8465-SBRXP,Male,0,Yes,Yes,38,Loyal Customer,94.9,High Value,3616.0,Two year,0,Fiber optic,Bank transfer (automatic),No
2408-PSJVE,Male,0,Yes,Yes,44,Loyal Customer,61.9,Medium Value,2924.0,Month-to-month,1,DSL,Mailed check,No
9079-YEXQJ,Female,0,No,No,54,Loyal Customer,111.1,High Value,6015.0,Month-to-month,1,Fiber optic,Electronic check,Yes
9700-ZCLOT,Male,0,No,No,2,New Customer,20.0,Low Value,33.0,Month-to-month,1,No,Mailed check,No
8738-JOKAR,Female,0,No,No,42,Loyal Customer,67.7,Medium Value,2882.0,One year,0,DSL,Mailed check,No
4534-WGCIR,Female,0,Yes,Yes,58,Loyal Customer,25.15,Low Value,1510.0,Two year,0,No,Credit card (automatic),No
1930-WNXSB,Male,0,Yes,Yes,58,Loyal Customer,92.85,High Value,5305.0,Month-to-month,1,Fiber optic,Electronic check,No
2685-SREOM,Female,0,Yes,Yes,25,Loyal Customer,89.1,High Value,2368.0,Month-to-month,1,Fiber optic,Electronic check,Yes
3508-CFVZL,Female,0,No,No,71,Loyal Customer,111.3,High Value,7986.0,Two year,0,Fiber optic,Mailed check,No
0402-CQAJN,Female,0,No,No,37,Loyal Customer,101.9,High Value,3545.0,Month-to-month,1,Fiber optic,Bank transfer (automatic),Yes
6692-UDPJC,Female,0,Yes,Yes,14,Growing Customer,91.65,High Value,1301.0,Month-to-month,1,Fiber optic,Electronic check,Yes
1273-MTETI,Female,1,No,No,4,New Customer,88.85,High Value,372.0,Month-to-month,1,Fiber optic,Electronic check,Yes
0657-DOGUM,Female,0,Yes,No,48,Loyal Customer,60.6,Medium Value,2985.0,One year,0,DSL,Bank transfer (automatic),No
5480-HPRRX,Female,1,No,No,3,New Customer,25.3,Low Value,78.0,Month-to-month,1,DSL,Electronic check,Yes
8792-AOROI,Female,0,Yes,No,8,New Customer,65.5,Medium Value,564.0,Two year,0,DSL,Mailed check,No
0295-PPHDO,Male,0,No,No,1,New Customer,95.45,High Value,95.0,Month-to-month,1,Fiber optic,Electronic check,Yes
5146-YYFRZ,Male,0,No,No,67,Loyal Customer,19.95,Low Value,1312.0,Two year,0,No,Bank transfer (automatic),No
1195-OIYEJ,Male,0,No,No,13,Growing Customer,91.1,High Value,1136.0,Month-to-month,1,Fiber optic,Electronic check,Yes
5906-CVLHP,Female,0,Yes,Yes,45,Loyal Customer,54.15,Medium Value,2320.0,One year,0,DSL,Credit card (automatic),Yes
3452-SRFEG,Male,0,No,No,49,Loyal Customer,74.6,High Value,3720.0,Month-to-month,1,Fiber optic,Bank transfer (automatic),No
4070-OKWVH,Female,0,Yes,No,52,Loyal Customer,94.6,High Value,5026.0,Month-to-month,1,Fiber optic,Bank transfer (automatic),No
5297-MDOIR,Female,0,Yes,No,63,Loyal Customer,81.15,High Value,5225.0,One year,0,Fiber optic,Credit card (automatic),No
6369-MCAKO,Female,0,Yes,Yes,68,Loyal Customer,89.05,High Value,6186.0,Two year,0,DSL,Bank transfer (automatic),No
4926-UMJZD,Female,0,Yes,No,31,Loyal Customer,49.2,Medium Value,1499.0,Month-to-month,1,DSL,Mailed check,No
6848-HJTXY,Female,0,Yes,No,64,Loyal Customer,19.45,Low Value,1209.0,Two year,0,No,Credit card (automatic),No
6341-AEVKX,Female,0,Yes,No,62,Loyal Customer,104.3,High Value,6614.0,One year,0,Fiber optic,Electronic check,No
4501-EQDRN,Female,0,No,No,1,New Customer,69.7,Medium Value,70.0,Month-to-month,1,Fiber optic,Bank transfer (automatic),Yes
2990-HWIML,Female,0,No,No,6,New Customer,89.5,High Value,573.0,Month-to-month,1,Fiber optic,Electronic check,Yes
0682-USIXD,Female,0,Yes,No,21,Growing Customer,86.05,High Value,1819.0,Month-to-month,1,Fiber optic,Electronic check,No
6976-BWGLQ,Female,0,Yes,Yes,72,Loyal Customer,25.2,Low Value,1787.0,Two year,0,No,Bank transfer (automatic),No
7078-NVFAM,Female,0,Yes,Yes,32,Loyal Customer,35.15,Medium Value,1051.0,Month-to-month,1,DSL,Electronic check,No
8065-QBYTO,Female,1,No,No,71,Loyal Customer,99.65,High Value,7181.0,One year,0,Fiber optic,Credit card (automatic),No
2133-TSRRM,Female,0,No,Yes,34,Loyal Customer,105.35,High Value,3689.0,Month-to-month,1,Fiber optic,Bank transfer (automatic),No
7384-GHBPI,Male,0,Yes,No,3,New Customer,35.15,Medium Value,100.0,Month-to-month,1,DSL,Electronic check,Yes
7603-USHJS,Male,0,No,Yes,12,Growing Customer,73.75,High Value,871.0,Month-to-month,1,Fiber optic,Credit card (automatic),Yes
7234-FECYN,Female,1,No,No,8,New Customer,101.35,High Value,781.0,Month-to-month,1,Fiber optic,Electronic check,Yes
2511-ALLCS,Female,0,Yes,Yes,35,Loyal Customer,24.3,Low Value,822.0,Two year,0,No,Bank transfer (automatic),No
3191-CSNMG,Female,0,Yes,Yes,3,New Customer,80.7,High Value,239.0,Month-to-month,1,Fiber optic,Electronic check,No
7952-OBOYL,Male,0,No,No,3,New Customer,89.85,High Value,244.0,Month-to-month,1,Fiber optic,Mailed check,No
7470-DYNOE,Male,0,No,No,53,Loyal Customer,61.1,Medium Value,3358.0,One year,0,DSL,Electronic check,No
7853-OETYL,Female,0,Yes,No,4,New Customer,29.05,Low Value,130.0,Month-to-month,1,DSL,Electronic check,No
1545-ACTAS,Female,0,Yes,Yes,48,Loyal Customer,99.7,High Value,4977.0,One year,0,Fiber optic,Bank transfer (automatic),No
5876-HZVZM,Female,0,Yes,Yes,6,New Customer,55.9,Medium Value,365.0,Month-to-month,1,DSL,Credit card (automatic),Yes
1400-MMYXY,Male,1,Yes,No,3,New Customer,105.9,High Value,335.0,Month-to-month,1,Fiber optic,Electronic check,Yes
5126-RCXYW,Male,0,Yes,Yes,54,Loyal Customer,46.0,Medium Value,2424.0,Two year,0,DSL,Credit card (automatic),No
3085-QUOZK,Female,0,No,No,1,New Customer,43.95,Medium Value,44.0,Month-to-month,1,DSL,Mailed check,Yes
2363-BJLSL,Male,0,No,No,62,Loyal Customer,80.4,High Value,4981.0,Month-to-month,1,DSL,Bank transfer (automatic),No
1956-YIFGE,Male,0,Yes,Yes,22,Growing Customer,100.05,High Value,2090.0,One year,0,Fiber optic,Mailed check,No
3926-CUQZX,Male,0,No,No,1,New Customer,45.1,Medium Value,45.0,Month-to-month,1,DSL,Bank transfer (automatic),Yes
7921-LMDFQ,Male,1,No,No,51,Loyal Customer,94.0,High Value,4906.0,One year,0,Fiber optic,Bank transfer (automatic),No
2925-MXLSX,Female,0,No,No,30,Loyal Customer,68.95,Medium Value,2039.0,One year,0,DSL,Credit card (automatic),No
5820-PTRYM,Female,1,Yes,No,56,Loyal Customer,68.45,Medium Value,4014.0,One year,0,DSL,Credit card (automatic),No
9609-BENEA,Male,0,Yes,No,35,Loyal Customer,69.0,Medium Value,2442.0,One year,0,DSL,Electronic check,No
6211-WHMYA,Female,1,No,No,64,Loyal Customer,43.85,Medium Value,2751.0,Month-to-month,1,DSL,Electronic check,No
4459-BBGHE,Male,0,No,Yes,30,Loyal Customer,44.5,Medium Value,1308.0,Month-to-month,1,DSL,Electronic check,No
9945-PSVIP,Female,0,Yes,Yes,25,Loyal Customer,18.7,Low Value,384.0,Two year,0,No,Mailed check,No
1041-RXHRA,Female,0,No,No,41,Loyal Customer,70.25,High Value,2868.0,Month-to-month,1,Fiber optic,Bank transfer (automatic),Yes
1750-CSKKM,Male,0,No,Yes,9,New Customer,55.35,Medium Value,450.0,Month-to-month,1,DSL,Electronic check,Yes
9108-EJFJP,Female,0,Yes,No,1,New Customer,53.55,Medium Value,54.0,Month-to-month,1,DSL,Mailed check,No
0530-IJVDB,Male,0,No,Yes,70,Loyal Customer,114.6,High Value,7883.0,Two year,0,Fiber optic,Electronic check,No
0508-SQWPL,Female,0,Yes,Yes,57,Loyal Customer,20.1,Low Value,1088.0,Two year,0,No,Bank transfer (automatic),No
2215-ZAFGX,Male,0,No,No,9,New Customer,85.5,High Value,792.0,Month-to-month,1,Fiber optic,Electronic check,No
8213-TAZPM,Female,0,Yes,Yes,69,Loyal Customer,108.75,High Value,7493.0,One year,0,Fiber optic,Bank transfer (automatic),No
7142-HVGBG,Male,1,Yes,No,43,Loyal Customer,103.0,High Value,4414.0,Month-to-month,1,Fiber optic,Electronic check,Yes
1304-SEGFY,Female,0,Yes,No,72,Loyal Customer,97.85,High Value,6841.0,Two year,0,Fiber optic,Electronic check,No
7242-EDTYC,Male,0,No,Yes,44,Loyal Customer,19.55,Low Value,820.0,Two year,0,No,Bank transfer (automatic),No
2904-GGUAZ,Female,0,Yes,No,72,Loyal Customer,84.05,High Value,6052.0,Two year,0,Fiber optic,Bank transfer (automatic),No
8267-ZNYVZ,Female,0,Yes,No,33,Loyal Customer,103.75,High Value,3361.0,One year,0,Fiber optic,Electronic check,Yes
5136-GFPMB,Male,0,No,No,54,Loyal Customer,89.4,High Value,4870.0,Month-to-month,1,Fiber optic,Credit card (automatic),No
2595-KIWPV,Male,0,No,Yes,27,Loyal Customer,19.7,Low Value,509.0,Two year,0,No,Credit card (automatic),No
5243-SAOTC,Male,0,No,No,54,Loyal Customer,79.85,High Value,4308.0,Month-to-month,1,Fiber optic,Bank transfer (automatic),No
9398-MMQTO,Male,0,No,No,3,New Customer,74.45,High Value,221.0,Month-to-month,1,Fiber optic,Credit card (automatic),No
7619-PLRLP,Female,0,Yes,No,53,Loyal Customer,74.1,High Value,3834.0,One year,0,DSL,Bank transfer (automatic),No
6457-GIRWB,Male,0,No,No,1,New Customer,69.35,Medium Value,69.0,Month-to-month,1,Fiber optic,Electronic check,Yes
6508-NJYRO,Male,0,Yes,No,15,Growing Customer,18.8,Low Value,295.0,One year,0,No,Mailed check,No
1450-SKCVI,Female,0,No,No,56,Loyal Customer,73.85,High Value,4093.0,Month-to-month,1,Fiber optic,Electronic check,Yes
4710-NKCAW,Male,0,Yes,Yes,5,New Customer,64.4,Medium Value,317.0,Month-to-month,1,DSL,Credit card (automatic),No
5306-BVTKJ,Male,0,Yes,Yes,48,Loyal Customer,55.8,Medium Value,2651.0,One year,0,DSL,Credit card (automatic),No
0357-NVCRI,Female,0,No,Yes,25,Loyal Customer,20.05,Low Value,472.0,Month-to-month,1,No,Credit card (automatic),No
5570-PTWEH,Female,0,Yes,No,3,New Customer,75.15,High Value,217.0,Month-to-month,1,Fiber optic,Credit card (automatic),Yes
2371-KFUOG,Male,0,No,No,58,Loyal Customer,99.15,High Value,5721.0,One year,0,Fiber optic,Bank transfer (automatic),No
0463-ZSDNT,Male,0,No,No,10,New Customer,56.75,Medium Value,503.0,Month-to-month,1,DSL,Bank transfer (automatic),No
6502-MJQAE,Male,0,No,No,1,New Customer,69.6,Medium Value,70.0,Month-to-month,1,Fiber optic,Electronic check,Yes
6257-DTAYD,Male,0,Yes,No,71,Loyal Customer,104.15,High Value,7365.0,Two year,0,Fiber optic,Credit card (automatic),No
4616-ULAOA,Female,0,Yes,Yes,65,Loyal Customer,110.8,High Value,7246.0,Two year,0,Fiber optic,Credit card (automatic),No
7693-LCKZL,Male,0,Yes,Yes,5,New Customer,80.15,High Value,385.0,Month-to-month,1,Fiber optic,Electronic check,Yes
7746-AWNQW,Female,0,No,No,28,Loyal Customer,35.75,Medium Value,961.0,Month-to-month,1,DSL,Mailed check,No
5996-EBTKM,Female,0,Yes,Yes,67,Loyal Customer,69.9,Medium Value,4616.0,Two year,0,DSL,Bank transfer (automatic),No
2758-RNWXS,Male,0,No,No,35,Loyal Customer,89.2,High Value,3251.0,One year,0,Fiber optic,Electronic check,No
2314-TNDJQ,Female,0,Yes,Yes,72,Loyal Customer,55.65,Medium Value,3880.0,Two year,0,DSL,Credit card (automatic),No
2405-LBMUW,Female,0,Yes,Yes,61,Loyal Customer,50.7,Medium Value,3089.0,One year,0,DSL,Bank transfer (automatic),No
3454-JFUBC,Male,1,No,No,68,Loyal Customer,20.0,Low Value,1396.0,Two year,0,No,Credit card (automatic),No
0032-PGELS,Female,0,Yes,Yes,1,New Customer,30.5,Low Value,31.0,Month-to-month,1,DSL,Bank transfer (automatic),Yes
9039-ZVJDC,Male,0,No,No,3,New Customer,19.1,Low Value,53.0,Month-to-month,1,No,Mailed check,No
6797-LNAQX,Male,0,Yes,Yes,70,Loyal Customer,98.3,High Value,6860.0,Two year,0,Fiber optic,Bank transfer (automatic),Yes
9013-AQORL,Female,0,No,Yes,48,Loyal Customer,45.55,Medium Value,2108.0,Month-to-month,1,DSL,Credit card (automatic),No
2898-MRKPI,Male,0,Yes,Yes,68,Loyal Customer,101.05,High Value,6771.0,One year,0,Fiber optic,Credit card (automatic),No
2750-BJLSB,Female,0,No,No,47,Loyal Customer,103.7,High Value,4731.0,One year,0,Fiber optic,Electronic check,No
3648-GZPHF,Male,0,Yes,Yes,32,Loyal Customer,36.25,Medium Value,1151.0,One year,0,DSL,Mailed check,No
2075-RMJIK,Female,0,Yes,Yes,5,New Customer,49.4,Medium Value,233.0,Month-to-month,1,DSL,Mailed check,No
9588-YRFHY,Male,0,No,No,49,Loyal Customer,19.9,Low Value,1023.0,Two year,0,No,Credit card (automatic),No
6394-MFYNG,Female,0,No,No,48,Loyal Customer,107.4,High Value,5121.0,Month-to-month,1,Fiber optic,Bank transfer (automatic),Yes
1564-NTYXF,Female,1,No,No,13,Growing Customer,82.0,High Value,1127.0,Month-to-month,1,Fiber optic,Electronic check,Yes
9364-YKUVW,Male,0,No,No,15,Growing Customer,19.8,Low Value,309.0,Month-to-month,1,No,Mailed check,No
5392-AKEMH,Female,0,No,No,12,Growing Customer,45.05,Medium Value,523.0,Month-to-month,1,DSL,Electronic check,No
2451-YMUXS,Male,1,No,No,67,Loyal Customer,64.55,Medium Value,4250.0,Two year,0,DSL,Bank transfer (automatic),No
3914-FDRHP,Male,0,No,No,9,New Customer,86.25,High Value,771.0,Month-to-month,1,Fiber optic,Electronic check,No
3078-ZKNTS,Female,0,Yes,Yes,13,Growing Customer,19.75,Low Value,247.0,Two year,0,No,Bank transfer (automatic),No
1024-KPRBB,Female,0,No,No,38,Loyal Customer,89.1,High Value,3342.0,One year,0,Fiber optic,Mailed check,No
4690-PKDQG,Female,1,Yes,No,42,Loyal Customer,95.55,High Value,3931.0,Month-to-month,1,Fiber optic,Electronic check,No
8155-IBNHG,Female,0,Yes,No,24,Loyal Customer,75.4,High Value,1748.0,Month-to-month,1,Fiber optic,Credit card (automatic),Yes
0886-QGENL,Female,1,Yes,No,27,Loyal Customer,101.25,High Value,2754.0,Month-to-month,1,Fiber optic,Electronic check,Yes
9547-ITEFG,Male,0,Yes,Yes,9,New Customer,102.6,High Value,898.0,Month-to-month,1,Fiber optic,Credit card (automatic),No
1264-FUHCX,Female,0,Yes,No,49,Loyal Customer,56.3,Medium Value,2781.0,One year,0,DSL,Credit card (automatic),No
7789-CRUVC,Female,1,Yes,No,61,Loyal Customer,94.2,High Value,5895.0,Month-to-month,1,Fiber optic,Credit card (automatic),No
6598-KELSS,Male,0,No,Yes,50,Loyal Customer,43.05,Medium Value,2208.0,One year,0,DSL,Bank transfer (automatic),No
8739-WWKDU,Male,1,No,No,25,Loyal Customer,89.5,High Value,2196.0,Month-to-month,1,Fiber optic,Electronic check,Yes
8685-WHQPW,Female,1,No,No,22,Growing Customer,74.4,High Value,1693.0,Month-to-month,1,Fiber optic,Bank transfer (automatic),Yes
4745-LSPLO,Male,0,No,No,1,New Customer,20.5,Low Value,21.0,Month-to-month,1,No,Mailed check,Yes
8083-YTZES,Male,0,No,No,4,New Customer,74.35,High Value,265.0,Month-to-month,1,Fiber optic,Electronic check,Yes
7240-FQLHE,Female,1,Yes,No,18,Growing Customer,99.75,High Value,1836.0,Month-to-month,1,Fiber optic,Bank transfer (automatic),Yes
6664-FPDAC,Female,1,No,No,56,Loyal Customer,111.95,High Value,6419.0,One year,0,Fiber optic,Electronic check,Yes
9972-VAFJJ,Female,1,Yes,No,53,Loyal Customer,94.0,High Value,4871.0,One year,0,Fiber optic,Electronic check,No
0422-UXFAP,Female,0,Yes,No,51,Loyal Customer,98.85,High Value,4948.0,One year,0,Fiber optic,Electronic check,No
1904-WAJAA,Female,0,Yes,Yes,24,Loyal Customer,64.35,Medium Value,1559.0,Two year,0,DSL,Electronic check,No
5130-YPIRV,Female,0,Yes,No,62,Loyal Customer,72.0,High Value,4284.0,Two year,0,DSL,Credit card (automatic),No
2843-CQMEG,Male,0,No,No,24,Loyal Customer,49.7,Medium Value,1218.0,Month-to-month,1,DSL,Mailed check,No
6439-PKTRR,Female,0,Yes,Yes,70,Loyal Customer,80.7,High Value,5618.0,Two year,0,DSL,Electronic check,No
5351-QESIO,Male,0,No,Yes,1,New Customer,24.2,Low Value,24.0,Month-to-month,1,DSL,Mailed check,No
0786-VSSUD,Male,1,No,No,16,Growing Customer,39.0,Medium Value,680.0,Month-to-month,1,DSL,Mailed check,Yes
5568-DMXZS,Female,0,No,No,8,New Customer,65.45,Medium Value,554.0,Month-to-month,1,DSL,Electronic check,No
8468-FZTOE,Female,0,Yes,Yes,72,Loyal Customer,74.35,High Value,5237.0,Two year,0,DSL,Electronic check,No
6633-SYEUS,Female,0,No,No,23,Growing Customer,83.2,High Value,2032.0,Month-to-month,1,Fiber optic,Bank transfer (automatic),No
6447-GORXK,Male,0,No,Yes,31,Loyal Customer,25.0,Low Value,789.0,Month-to-month,1,DSL,Credit card (automatic),No
6967-PEJLL,Male,0,Yes,Yes,37,Loyal Customer,40.2,Medium Value,1525.0,One year,0,DSL,Electronic check,No
3976-BWUCK,Female,0,Yes,No,30,Loyal Customer,94.1,High Value,2804.0,Month-to-month,1,Fiber optic,Credit card (automatic),Yes
5981-ZVXOT,Female,1,No,No,35,Loyal Customer,108.35,High Value,3726.0,One year,0,Fiber optic,Electronic check,No
1684-FLBGS,Female,0,Yes,Yes,23,Growing Customer,69.5,Medium Value,1652.0,Month-to-month,1,DSL,Credit card (automatic),No
1389-WNUIB,Female,0,Yes,Yes,20,Growing Customer,76.0,High Value,1589.0,One year,0,DSL,Bank transfer (automatic),No
0376-OIWME,Male,0,Yes,No,36,Loyal Customer,93.6,High Value,3366.0,Month-to-month,1,Fiber optic,Electronic check,No
3585-ISXZP,Female,0,No,No,8,New Customer,95.65,High Value,778.0,Month-to-month,1,Fiber optic,Bank transfer (automatic),Yes
0218-QNVAS,Male,0,Yes,Yes,71,Loyal Customer,100.55,High Value,7114.0,One year,0,Fiber optic,Bank transfer (automatic),No
6583-QGCSI,Female,1,Yes,No,50,Loyal Customer,88.05,High Value,4367.0,Month-to-month,1,Fiber optic,Electronic check,Yes
0804-YGEQV,Female,0,Yes,Yes,43,Loyal Customer,24.45,Low Value,993.0,One year,0,No,Bank transfer (automatic),No
7164-BPTUT,Male,0,No,Yes,57,Loyal Customer,89.55,High Value,5012.0,Two year,0,DSL,Mailed check,No
4174-LPGTI,Female,0,Yes,Yes,41,Loyal Customer,66.5,Medium Value,2729.0,One year,0,DSL,Bank transfer (automatic),Yes
2523-EWWZL,Female,0,Yes,No,27,Loyal Customer,76.1,High Value,2093.0,Month-to-month,1,Fiber optic,Electronic check,No
0928-XUTSN,Female,0,No,No,13,Growing Customer,80.5,High Value,1012.0,Month-to-month,1,Fiber optic,Electronic check,No
2108-XWMPY,Male,0,No,No,3,New Customer,35.45,Medium Value,107.0,Month-to-month,1,DSL,Mailed check,Yes
0052-YNYOT,Female,0,No,No,67,Loyal Customer,20.55,Low Value,1343.0,One year,0,No,Electronic check,No
6304-IJFSQ,Male,0,No,No,3,New Customer,49.9,Medium Value,130.0,Month-to-month,1,DSL,Mailed check,Yes
9586-JGQKH,Female,0,Yes,No,64,Loyal Customer,105.4,High Value,6795.0,Two year,0,Fiber optic,Bank transfer (automatic),No
4501-VCPFK,Male,0,No,No,26,Loyal Customer,35.75,Medium Value,1023.0,Month-to-month,1,DSL,Electronic check,No
6075-SLNIL,Male,0,No,No,38,Loyal Customer,95.1,High Value,3691.0,Month-to-month,1,Fiber optic,Credit card (automatic),No
9347-AERRL,Male,0,Yes,No,23,Growing Customer,19.3,Low Value,486.0,One year,0,No,Credit card (automatic),No
0093-XWZFY,Male,0,No,No,40,Loyal Customer,104.5,High Value,4037.0,Month-to-month,1,Fiber optic,Credit card (automatic),Yes
2274-XUATA,Male,1,Yes,No,72,Loyal Customer,63.1,Medium Value,4686.0,Two year,0,DSL,Bank transfer (automatic),No
1980-KXVPM,Female,1,No,No,3,New Customer,75.05,High Value,256.0,Month-to-month,1,Fiber optic,Credit card (automatic),Yes
7703-ZEKEF,Male,0,No,No,23,Growing Customer,81.0,High Value,1917.0,Month-to-month,1,Fiber optic,Electronic check,Yes
0723-DRCLG,Female,1,Yes,No,1,New Customer,74.45,High Value,74.0,Month-to-month,1,Fiber optic,Electronic check,Yes
5482-NUPNA,Female,0,No,No,4,New Customer,60.4,Medium Value,272.0,Month-to-month,1,DSL,Mailed check,Yes
6691-CCIHA,Female,0,Yes,No,62,Loyal Customer,84.95,High Value,5151.0,Two year,0,DSL,Electronic check,No
1685-BQULA,Female,0,No,No,40,Loyal Customer,93.4,High Value,3756.0,Month-to-month,1,Fiber optic,Bank transfer (automatic),No
9053-EJUNL,Male,0,No,No,41,Loyal Customer,89.2,High Value,3646.0,Month-to-month,1,Fiber optic,Electronic check,No
0666-UXTJO,Male,1,Yes,No,34,Loyal Customer,85.2,High Value,2874.0,Month-to-month,1,Fiber optic,Credit card (automatic),No
1471-GIQKQ,Female,0,No,No,1,New Customer,49.95,Medium Value,50.0,Month-to-month,1,DSL,Electronic check,No
4807-IZYOZ,Female,0,No,No,51,Loyal Customer,20.65,Low Value,1021.0,Two year,0,No,Bank transfer (automatic),No
1122-JWTJW,Male,0,Yes,Yes,1,New Customer,70.65,High Value,71.0,Month-to-month,1,Fiber optic,Mailed check,Yes
9710-NJERN,Female,0,No,No,39,Loyal Customer,20.15,Low Value,826.0,Two year,0,No,Mailed check,No
9837-FWLCH,Male,0,Yes,Yes,12,Growing Customer,19.2,Low Value,239.0,Month-to-month,1,No,Electronic check,No
1699-HPSBG,Male,0,No,No,12,Growing Customer,59.8,Medium Value,728.0,One year,0,DSL,Electronic check,Yes
7203-OYKCT,Male,0,No,No,72,Loyal Customer,104.95,High Value,7544.0,One year,0,Fiber optic,Electronic check,No
1035-IPQPU,Female,1,Yes,No,63,Loyal Customer,103.5,High Value,6479.0,Month-to-month,1,Fiber optic,Electronic check,No
7398-LXGYX,Male,0,Yes,No,44,Loyal Customer,84.8,High Value,3626.0,Month-to-month,1,Fiber optic,Credit card (automatic),No
2823-LKABH,Female,0,No,No,18,Growing Customer,95.05,High Value,1679.0,Month-to-month,1,Fiber optic,Bank transfer (automatic),No
8775-CEBBJ,Female,0,No,No,9,New Customer,44.2,Medium Value,403.0,Month-to-month,1,DSL,Bank transfer (automatic),Yes
0550-DCXLH,Male,0,No,No,13,Growing Customer,73.35,High Value,932.0,Month-to-month,1,DSL,Mailed check,No
9281-CEDRU,Female,0,Yes,No,68,Loyal Customer,64.1,Medium Value,4326.0,Two year,0,DSL,Bank transfer (automatic),No
2235-DWLJU,Female,1,No,No,6,New Customer,44.4,Medium Value,263.0,Month-to-month,1,DSL,Electronic check,No
0871-OPBXW,Female,0,No,No,2,New Customer,20.05,Low Value,39.0,Month-to-month,1,No,Mailed check,No
3605-JISKB,Male,1,Yes,No,55,Loyal Customer,60.0,Medium Value,3316.0,One year,0,DSL,Credit card (automatic),No
6894-LFHLY,Male,1,No,No,1,New Customer,75.75,High Value,76.0,Month-to-month,1,Fiber optic,Electronic check,Yes
9767-FFLEM,Male,0,No,No,38,Loyal Customer,69.5,Medium Value,2625.0,Month-to-month,1,Fiber optic,Credit card (automatic),No
0639-TSIQW,Female,0,No,No,67,Loyal Customer,102.95,High Value,6886.0,Month-to-month,1,Fiber optic,Credit card (automatic),Yes
8456-QDAVC,Male,0,No,No,19,Growing Customer,78.7,High Value,1495.0,Month-to-month,1,Fiber optic,Bank transfer (automatic),No
7750-EYXWZ,Female,0,No,No,12,Growing Customer,60.65,Medium Value,743.0,One year,0,DSL,Electronic check,No
2569-WGERO,Female,0,No,No,72,Loyal Customer,21.15,Low Value,1419.0,Two year,0,No,Bank transfer (automatic),No
6840-RESVB,Male,0,Yes,Yes,24,Loyal Customer,84.8,High Value,1991.0,One year,0,DSL,Mailed check,No
2234-XADUH,Female,0,Yes,Yes,72,Loyal Customer,103.2,High Value,7363.0,One year,0,Fiber optic,Credit card (automatic),No
4801-JZAZL,Female,0,Yes,Yes,11,New Customer,29.6,Low Value,346.0,Month-to-month,1,DSL,Electronic check,No
8361-LTMKD,Male,1,Yes,No,4,New Customer,74.4,High Value,307.0,Month-to-month,1,Fiber optic,Mailed check,Yes
3186-AJIEK,Male,0,No,No,66,Loyal Customer,105.65,High Value,6845.0,Two year,0,Fiber optic,Bank transfer (automatic),No
